profile,dataset,video,resolution_tier,tune,tune_value,preset,crf,n_runs,mean_wall_time_s,std_wall_time_s,ci95_low_s,ci95_high_s,cv_percent,mean_peak_rss_mib,max_peak_rss_mib,mean_bitrate_kbps
full,a1_4k,Netflix_Dancers_4096x2160_60fps_10bit_420.y4m,2160p_or_higher,MS_SSIM,4,1,18,1.0,2484.36971,,,,,12885.203,12885.203,122678.89201000832
full,a1_4k,Netflix_Dancers_4096x2160_60fps_10bit_420.y4m,2160p_or_higher,MS_SSIM,4,1,26,1.0,2459.057225,,,,,12084.664,12084.664,33452.17040867389
full,a1_4k,Netflix_Dancers_4096x2160_60fps_10bit_420.y4m,2160p_or_higher,MS_SSIM,4,1,35,1.0,1836.503192,,,,,11568.305,11568.305,8506.828223519598
full,a1_4k,Netflix_Dancers_4096x2160_60fps_10bit_420.y4m,2160p_or_higher,MS_SSIM,4,1,44,1.0,1235.050563,,,,,11459.039,11459.039,1685.6639199332776
full,a1_4k,Netflix_Dancers_4096x2160_60fps_10bit_420.y4m,2160p_or_higher,MS_SSIM,4,1,52,1.0,1080.453182,,,,,12865.23,12865.23,970.1880900750624
full,a1_4k,Netflix_Dancers_4096x2160_60fps_10bit_420.y4m,2160p_or_higher,MS_SSIM,4,1,60,1.0,970.289257,,,,,12466.363,12466.363,542.3551626355295
full,a1_4k,Netflix_Dancers_4096x2160_60fps_10bit_420.y4m,2160p_or_higher,MS_SSIM,4,10,18,1.0,98.523393,,,,,4557.324,4557.324,353065.8635529608
full,a1_4k,Netflix_Dancers_4096x2160_60fps_10bit_420.y4m,2160p_or_higher,MS_SSIM,4,10,26,1.0,85.329345,,,,,4524.895,4524.895,153834.8048707256
full,a1_4k,Netflix_Dancers_4096x2160_60fps_10bit_420.y4m,2160p_or_higher,MS_SSIM,4,10,35,1.0,57.253126,,,,,4473.395,4473.395,44155.21281067556
full,a1_4k,Netflix_Dancers_4096x2160_60fps_10bit_420.y4m,2160p_or_higher,MS_SSIM,4,10,44,1.0,43.239731,,,,,4293.988,4293.988,8035.501451209341
full,a1_4k,Netflix_Dancers_4096x2160_60fps_10bit_420.y4m,2160p_or_higher,MS_SSIM,4,10,52,1.0,35.13338,,,,,4423.105,4423.105,1787.1236697247705
full,a1_4k,Netflix_Dancers_4096x2160_60fps_10bit_420.y4m,2160p_or_higher,MS_SSIM,4,10,60,1.0,31.301425,,,,,4336.691,4336.691,601.2686572143452
full,a1_4k,Netflix_Dancers_4096x2160_60fps_10bit_420.y4m,2160p_or_higher,PSNR,1,1,18,1.0,2198.167361,,,,,11460.664,11460.664,54475.28086738948
full,a1_4k,Netflix_Dancers_4096x2160_60fps_10bit_420.y4m,2160p_or_higher,PSNR,1,1,26,1.0,1344.097156,,,,,12999.539,12999.539,4282.254945788156
full,a1_4k,Netflix_Dancers_4096x2160_60fps_10bit_420.y4m,2160p_or_higher,PSNR,1,1,35,1.0,938.343345,,,,,11308.297,11308.297,1391.5816513761467
full,a1_4k,Netflix_Dancers_4096x2160_60fps_10bit_420.y4m,2160p_or_higher,PSNR,1,1,44,1.0,786.471572,,,,,12685.148,12685.148,751.7420517097581
full,a1_4k,Netflix_Dancers_4096x2160_60fps_10bit_420.y4m,2160p_or_higher,PSNR,1,1,52,1.0,811.14346,,,,,11818.117,11818.117,486.40533778148455
full,a1_4k,Netflix_Dancers_4096x2160_60fps_10bit_420.y4m,2160p_or_higher,PSNR,1,1,60,1.0,853.366703,,,,,12219.367,12219.367,262.40427022518764
full,a1_4k,Netflix_Dancers_4096x2160_60fps_10bit_420.y4m,2160p_or_higher,PSNR,1,10,18,1.0,59.515403,,,,,4349.359,4349.359,138968.82855713094
full,a1_4k,Netflix_Dancers_4096x2160_60fps_10bit_420.y4m,2160p_or_higher,PSNR,1,10,26,1.0,48.718654,,,,,4505.207,4505.207,28368.928373644703
full,a1_4k,Netflix_Dancers_4096x2160_60fps_10bit_420.y4m,2160p_or_higher,PSNR,1,10,35,1.0,30.765797,,,,,4315.484,4315.484,3433.949624687239
full,a1_4k,Netflix_Dancers_4096x2160_60fps_10bit_420.y4m,2160p_or_higher,PSNR,1,10,44,1.0,28.710073,,,,,4444.617,4444.617,1137.5511592994162
full,a1_4k,Netflix_Dancers_4096x2160_60fps_10bit_420.y4m,2160p_or_higher,PSNR,1,10,52,1.0,27.605713,,,,,4333.027,4333.027,605.8676897414512
full,a1_4k,Netflix_Dancers_4096x2160_60fps_10bit_420.y4m,2160p_or_higher,PSNR,1,10,60,1.0,26.393308,,,,,4317.586,4317.586,309.1860550458715
full,a1_4k,Netflix_Dancers_4096x2160_60fps_10bit_420.y4m,2160p_or_higher,SSIM,2,1,18,1.0,2476.785056,,,,,11487.195,11487.195,63746.27469557965
full,a1_4k,Netflix_Dancers_4096x2160_60fps_10bit_420.y4m,2160p_or_higher,SSIM,2,1,26,1.0,1496.547521,,,,,12624.023,12624.023,5157.383819849875
full,a1_4k,Netflix_Dancers_4096x2160_60fps_10bit_420.y4m,2160p_or_higher,SSIM,2,1,35,1.0,1016.435324,,,,,11813.906,11813.906,1599.4112427022517
full,a1_4k,Netflix_Dancers_4096x2160_60fps_10bit_420.y4m,2160p_or_higher,SSIM,2,1,44,1.0,799.473019,,,,,12319.5,12319.5,753.8494078398664
full,a1_4k,Netflix_Dancers_4096x2160_60fps_10bit_420.y4m,2160p_or_higher,SSIM,2,1,52,1.0,829.817869,,,,,11993.25,11993.25,486.3028523769808
full,a1_4k,Netflix_Dancers_4096x2160_60fps_10bit_420.y4m,2160p_or_higher,SSIM,2,1,60,1.0,868.462334,,,,,13177.242,13177.242,260.0535112593828
full,a1_4k,Netflix_Dancers_4096x2160_60fps_10bit_420.y4m,2160p_or_higher,SSIM,2,10,18,1.0,60.894149,,,,,4379.301,4379.301,136866.4189491243
full,a1_4k,Netflix_Dancers_4096x2160_60fps_10bit_420.y4m,2160p_or_higher,SSIM,2,10,26,1.0,49.893565,,,,,4452.055,4452.055,28073.80723936613
full,a1_4k,Netflix_Dancers_4096x2160_60fps_10bit_420.y4m,2160p_or_higher,SSIM,2,10,35,1.0,31.643807,,,,,4370.098,4370.098,3425.1991326105085
full,a1_4k,Netflix_Dancers_4096x2160_60fps_10bit_420.y4m,2160p_or_higher,SSIM,2,10,44,1.0,29.493657,,,,,4312.762,4312.762,1117.8111092577149
full,a1_4k,Netflix_Dancers_4096x2160_60fps_10bit_420.y4m,2160p_or_higher,SSIM,2,10,52,1.0,28.408762,,,,,4416.816,4416.816,591.0373311092576
full,a1_4k,Netflix_Dancers_4096x2160_60fps_10bit_420.y4m,2160p_or_higher,SSIM,2,10,60,1.0,27.300483,,,,,4415.613,4415.613,310.7669724770642
full,a1_4k,Netflix_Dancers_4096x2160_60fps_10bit_420.y4m,2160p_or_higher,VMAF,5,1,18,1.0,2573.233292,,,,,11632.781,11632.781,93578.56493744788
full,a1_4k,Netflix_Dancers_4096x2160_60fps_10bit_420.y4m,2160p_or_higher,VMAF,5,1,26,1.0,1479.91638,,,,,11385.141,11385.141,6259.406171809841
full,a1_4k,Netflix_Dancers_4096x2160_60fps_10bit_420.y4m,2160p_or_higher,VMAF,5,1,35,1.0,1018.040875,,,,,11853.422,11853.422,1438.7265387823186
full,a1_4k,Netflix_Dancers_4096x2160_60fps_10bit_420.y4m,2160p_or_higher,VMAF,5,1,44,1.0,813.324387,,,,,11707.727,11707.727,758.1193661384488
full,a1_4k,Netflix_Dancers_4096x2160_60fps_10bit_420.y4m,2160p_or_higher,VMAF,5,1,52,1.0,832.120291,,,,,12207.27,12207.27,490.86545454545455
full,a1_4k,Netflix_Dancers_4096x2160_60fps_10bit_420.y4m,2160p_or_higher,VMAF,5,1,60,1.0,856.69666,,,,,11711.32,11711.32,264.07766472060047
full,a1_4k,Netflix_Dancers_4096x2160_60fps_10bit_420.y4m,2160p_or_higher,VMAF,5,10,18,1.0,70.930943,,,,,4516.473,4516.473,202873.4864386989
full,a1_4k,Netflix_Dancers_4096x2160_60fps_10bit_420.y4m,2160p_or_higher,VMAF,5,10,26,1.0,55.325253,,,,,4411.48,4411.48,40943.02718932444
full,a1_4k,Netflix_Dancers_4096x2160_60fps_10bit_420.y4m,2160p_or_higher,VMAF,5,10,35,1.0,35.736216,,,,,4409.008,4409.008,3797.84647206005
full,a1_4k,Netflix_Dancers_4096x2160_60fps_10bit_420.y4m,2160p_or_higher,VMAF,5,10,44,1.0,33.682964,,,,,4462.594,4462.594,1181.53941618015
full,a1_4k,Netflix_Dancers_4096x2160_60fps_10bit_420.y4m,2160p_or_higher,VMAF,5,10,52,1.0,32.736995,,,,,4322.992,4322.992,624.2926438698915
full,a1_4k,Netflix_Dancers_4096x2160_60fps_10bit_420.y4m,2160p_or_higher,VMAF,5,10,60,1.0,30.97742,,,,,4466.445,4466.445,310.60283569641365
full,a1_4k,Netflix_Dancers_4096x2160_60fps_10bit_420.y4m,2160p_or_higher,VQ,0,1,18,1.0,2125.745294,,,,,10627.641,10627.641,67992.80306922436
full,a1_4k,Netflix_Dancers_4096x2160_60fps_10bit_420.y4m,2160p_or_higher,VQ,0,1,26,1.0,1485.114053,,,,,11526.961,11526.961,7325.830458715596
full,a1_4k,Netflix_Dancers_4096x2160_60fps_10bit_420.y4m,2160p_or_higher,VQ,0,1,35,1.0,912.15308,,,,,10829.668,10829.668,1447.4141784820683
full,a1_4k,Netflix_Dancers_4096x2160_60fps_10bit_420.y4m,2160p_or_higher,VQ,0,1,44,1.0,720.347482,,,,,12191.215,12191.215,754.5980316930775
full,a1_4k,Netflix_Dancers_4096x2160_60fps_10bit_420.y4m,2160p_or_higher,VQ,0,1,52,1.0,705.156898,,,,,11171.828,11171.828,473.8760967472894
full,a1_4k,Netflix_Dancers_4096x2160_60fps_10bit_420.y4m,2160p_or_higher,VQ,0,1,60,1.0,757.723816,,,,,12587.02,12587.02,258.15272727272725
full,a1_4k,Netflix_Dancers_4096x2160_60fps_10bit_420.y4m,2160p_or_higher,VQ,0,10,18,1.0,71.147966,,,,,4422.355,4422.355,158666.93484570473
full,a1_4k,Netflix_Dancers_4096x2160_60fps_10bit_420.y4m,2160p_or_higher,VQ,0,10,26,1.0,53.049596,,,,,4528.852,4528.852,36993.90225187656
full,a1_4k,Netflix_Dancers_4096x2160_60fps_10bit_420.y4m,2160p_or_higher,VQ,0,10,35,1.0,33.991503,,,,,4348.395,4348.395,4461.3317764804
full,a1_4k,Netflix_Dancers_4096x2160_60fps_10bit_420.y4m,2160p_or_higher,VQ,0,10,44,1.0,29.229032,,,,,4477.109,4477.109,1267.5194662218514
full,a1_4k,Netflix_Dancers_4096x2160_60fps_10bit_420.y4m,2160p_or_higher,VQ,0,10,52,1.0,27.994615,,,,,4328.734,4328.734,662.1229691409507
full,a1_4k,Netflix_Dancers_4096x2160_60fps_10bit_420.y4m,2160p_or_higher,VQ,0,10,60,1.0,26.952355,,,,,4442.957,4442.957,319.8189157631359
full,a1_4k,Netflix_DinnerScene_4096x2160_60fps_10bit_420.y4m,2160p_or_higher,MS_SSIM,4,1,18,1.0,2263.36077,,,,,12379.168,12379.168,82570.87866555463
full,a1_4k,Netflix_DinnerScene_4096x2160_60fps_10bit_420.y4m,2160p_or_higher,MS_SSIM,4,1,26,1.0,2434.22365,,,,,12130.785,12130.785,24617.501784820684
full,a1_4k,Netflix_DinnerScene_4096x2160_60fps_10bit_420.y4m,2160p_or_higher,MS_SSIM,4,1,35,1.0,1778.753071,,,,,12875.699,12875.699,5438.647005838198
full,a1_4k,Netflix_DinnerScene_4096x2160_60fps_10bit_420.y4m,2160p_or_higher,MS_SSIM,4,1,44,1.0,1203.402586,,,,,12292.832,12292.832,1033.727439532944
full,a1_4k,Netflix_DinnerScene_4096x2160_60fps_10bit_420.y4m,2160p_or_higher,MS_SSIM,4,1,52,1.0,1035.446984,,,,,12931.383,12931.383,639.0769641367806
full,a1_4k,Netflix_DinnerScene_4096x2160_60fps_10bit_420.y4m,2160p_or_higher,MS_SSIM,4,1,60,1.0,929.408745,,,,,12530.211,12530.211,371.6108757297748
full,a1_4k,Netflix_DinnerScene_4096x2160_60fps_10bit_420.y4m,2160p_or_higher,MS_SSIM,4,10,18,1.0,85.434393,,,,,4416.047,4416.047,255918.93337781483
full,a1_4k,Netflix_DinnerScene_4096x2160_60fps_10bit_420.y4m,2160p_or_higher,MS_SSIM,4,10,26,1.0,68.384179,,,,,4472.594,4472.594,92474.5309090909
full,a1_4k,Netflix_DinnerScene_4096x2160_60fps_10bit_420.y4m,2160p_or_higher,MS_SSIM,4,10,35,1.0,47.583618,,,,,4612.664,4612.664,27242.491276063385
full,a1_4k,Netflix_DinnerScene_4096x2160_60fps_10bit_420.y4m,2160p_or_higher,MS_SSIM,4,10,44,1.0,37.962738,,,,,4308.148,4308.148,5288.393794829024
full,a1_4k,Netflix_DinnerScene_4096x2160_60fps_10bit_420.y4m,2160p_or_higher,MS_SSIM,4,10,52,1.0,33.305287,,,,,4384.406,4384.406,1429.2022018348623
full,a1_4k,Netflix_DinnerScene_4096x2160_60fps_10bit_420.y4m,2160p_or_higher,MS_SSIM,4,10,60,1.0,30.964531,,,,,4371.539,4371.539,372.9079566305254
full,a1_4k,Netflix_DinnerScene_4096x2160_60fps_10bit_420.y4m,2160p_or_higher,PSNR,1,1,18,1.0,1830.322351,,,,,12199.816,12199.816,34537.26185154295
full,a1_4k,Netflix_DinnerScene_4096x2160_60fps_10bit_420.y4m,2160p_or_higher,PSNR,1,1,26,1.0,1186.882172,,,,,12608.797,12608.797,2437.9244036697246
full,a1_4k,Netflix_DinnerScene_4096x2160_60fps_10bit_420.y4m,2160p_or_higher,PSNR,1,1,35,1.0,832.36572,,,,,11143.527,11143.527,865.1265387823186
full,a1_4k,Netflix_DinnerScene_4096x2160_60fps_10bit_420.y4m,2160p_or_higher,PSNR,1,1,44,1.0,725.145703,,,,,12560.895,12560.895,466.8486405337781
full,a1_4k,Netflix_DinnerScene_4096x2160_60fps_10bit_420.y4m,2160p_or_higher,PSNR,1,1,52,1.0,778.945353,,,,,13747.91,13747.91,307.44540450375314
full,a1_4k,Netflix_DinnerScene_4096x2160_60fps_10bit_420.y4m,2160p_or_higher,PSNR,1,1,60,1.0,784.682792,,,,,12453.777,12453.777,158.52690575479565
full,a1_4k,Netflix_DinnerScene_4096x2160_60fps_10bit_420.y4m,2160p_or_higher,PSNR,1,10,18,1.0,53.608079,,,,,4497.098,4497.098,104798.69464553794
full,a1_4k,Netflix_DinnerScene_4096x2160_60fps_10bit_420.y4m,2160p_or_higher,PSNR,1,10,26,1.0,39.290082,,,,,4363.59,4363.59,19498.134445371143
full,a1_4k,Netflix_DinnerScene_4096x2160_60fps_10bit_420.y4m,2160p_or_higher,PSNR,1,10,35,1.0,29.53591,,,,,4401.145,4401.145,2133.6448373644703
full,a1_4k,Netflix_DinnerScene_4096x2160_60fps_10bit_420.y4m,2160p_or_higher,PSNR,1,10,44,1.0,27.781369,,,,,4424.582,4424.582,624.0668557130942
full,a1_4k,Netflix_DinnerScene_4096x2160_60fps_10bit_420.y4m,2160p_or_higher,PSNR,1,10,52,1.0,26.800494,,,,,4285.113,4285.113,303.8580150125104
full,a1_4k,Netflix_DinnerScene_4096x2160_60fps_10bit_420.y4m,2160p_or_higher,PSNR,1,10,60,1.0,26.126518,,,,,4341.371,4341.371,151.90899082568805
full,a1_4k,Netflix_DinnerScene_4096x2160_60fps_10bit_420.y4m,2160p_or_higher,SSIM,2,1,18,1.0,2065.674338,,,,,12339.195,12339.195,42549.79536280233
full,a1_4k,Netflix_DinnerScene_4096x2160_60fps_10bit_420.y4m,2160p_or_higher,SSIM,2,1,26,1.0,1341.24089,,,,,11220.781,11220.781,3400.6803002502083
full,a1_4k,Netflix_DinnerScene_4096x2160_60fps_10bit_420.y4m,2160p_or_higher,SSIM,2,1,35,1.0,913.099626,,,,,11912.148,11912.148,1188.7410175145956
full,a1_4k,Netflix_DinnerScene_4096x2160_60fps_10bit_420.y4m,2160p_or_higher,SSIM,2,1,44,1.0,738.537972,,,,,12050.523,12050.523,506.7214678899082
full,a1_4k,Netflix_DinnerScene_4096x2160_60fps_10bit_420.y4m,2160p_or_higher,SSIM,2,1,52,1.0,780.716982,,,,,13802.188,13802.188,309.7068890742285
full,a1_4k,Netflix_DinnerScene_4096x2160_60fps_10bit_420.y4m,2160p_or_higher,SSIM,2,1,60,1.0,794.201803,,,,,12525.797,12525.797,159.5341451209341
full,a1_4k,Netflix_DinnerScene_4096x2160_60fps_10bit_420.y4m,2160p_or_higher,SSIM,2,10,18,1.0,54.71657,,,,,4409.719,4409.719,109481.5518265221
full,a1_4k,Netflix_DinnerScene_4096x2160_60fps_10bit_420.y4m,2160p_or_higher,SSIM,2,10,26,1.0,40.992525,,,,,4438.316,4438.316,21163.92420350292
full,a1_4k,Netflix_DinnerScene_4096x2160_60fps_10bit_420.y4m,2160p_or_higher,SSIM,2,10,35,1.0,30.403594,,,,,4390.504,4390.504,2161.170175145955
full,a1_4k,Netflix_DinnerScene_4096x2160_60fps_10bit_420.y4m,2160p_or_higher,SSIM,2,10,44,1.0,28.689613,,,,,4432.684,4432.684,617.4973811509591
full,a1_4k,Netflix_DinnerScene_4096x2160_60fps_10bit_420.y4m,2160p_or_higher,SSIM,2,10,52,1.0,27.723459,,,,,4295.668,4295.668,299.2285571309424
full,a1_4k,Netflix_DinnerScene_4096x2160_60fps_10bit_420.y4m,2160p_or_higher,SSIM,2,10,60,1.0,26.812804,,,,,4220.109,4220.109,151.23162635529607
full,a1_4k,Netflix_DinnerScene_4096x2160_60fps_10bit_420.y4m,2160p_or_higher,VMAF,5,1,18,1.0,2234.691734,,,,,12245.289,12245.289,63952.73474562135
full,a1_4k,Netflix_DinnerScene_4096x2160_60fps_10bit_420.y4m,2160p_or_higher,VMAF,5,1,26,1.0,1350.979764,,,,,12675.02,12675.02,3460.6887072560467
full,a1_4k,Netflix_DinnerScene_4096x2160_60fps_10bit_420.y4m,2160p_or_higher,VMAF,5,1,35,1.0,918.620563,,,,,11661.793,11661.793,917.3716763969974
full,a1_4k,Netflix_DinnerScene_4096x2160_60fps_10bit_420.y4m,2160p_or_higher,VMAF,5,1,44,1.0,750.993096,,,,,10924.07,10924.07,480.1701417848207
full,a1_4k,Netflix_DinnerScene_4096x2160_60fps_10bit_420.y4m,2160p_or_higher,VMAF,5,1,52,1.0,789.894393,,,,,11700.809,11700.809,313.0644870725605
full,a1_4k,Netflix_DinnerScene_4096x2160_60fps_10bit_420.y4m,2160p_or_higher,VMAF,5,1,60,1.0,797.436486,,,,,13123.488,13123.488,161.8276563803169
full,a1_4k,Netflix_DinnerScene_4096x2160_60fps_10bit_420.y4m,2160p_or_higher,VMAF,5,10,18,1.0,66.423023,,,,,4371.656,4371.656,157623.92086738948
full,a1_4k,Netflix_DinnerScene_4096x2160_60fps_10bit_420.y4m,2160p_or_higher,VMAF,5,10,26,1.0,49.252084,,,,,4396.785,4396.785,29841.06675562969
full,a1_4k,Netflix_DinnerScene_4096x2160_60fps_10bit_420.y4m,2160p_or_higher,VMAF,5,10,35,1.0,34.540881,,,,,4490.863,4490.863,2485.6882068390323
full,a1_4k,Netflix_DinnerScene_4096x2160_60fps_10bit_420.y4m,2160p_or_higher,VMAF,5,10,44,1.0,32.628572,,,,,4453.496,4453.496,670.2089074228523
full,a1_4k,Netflix_DinnerScene_4096x2160_60fps_10bit_420.y4m,2160p_or_higher,VMAF,5,10,52,1.0,31.499435,,,,,4601.609,4601.609,315.87362802335275
full,a1_4k,Netflix_DinnerScene_4096x2160_60fps_10bit_420.y4m,2160p_or_higher,VMAF,5,10,60,1.0,30.292897,,,,,4454.961,4454.961,154.34221851542952
full,a1_4k,Netflix_DinnerScene_4096x2160_60fps_10bit_420.y4m,2160p_or_higher,VQ,0,1,18,1.0,1998.533352,,,,,11154.543,11154.543,50430.00420350292
full,a1_4k,Netflix_DinnerScene_4096x2160_60fps_10bit_420.y4m,2160p_or_higher,VQ,0,1,26,1.0,1214.355132,,,,,11862.566,11862.566,4853.8200500417015
full,a1_4k,Netflix_DinnerScene_4096x2160_60fps_10bit_420.y4m,2160p_or_higher,VQ,0,1,35,1.0,795.757965,,,,,11536.625,11536.625,970.251743119266
full,a1_4k,Netflix_DinnerScene_4096x2160_60fps_10bit_420.y4m,2160p_or_higher,VQ,0,1,44,1.0,673.941857,,,,,10946.754,10946.754,501.0671559633027
full,a1_4k,Netflix_DinnerScene_4096x2160_60fps_10bit_420.y4m,2160p_or_higher,VQ,0,1,52,1.0,710.081646,,,,,13021.746,13021.746,320.469457881568
full,a1_4k,Netflix_DinnerScene_4096x2160_60fps_10bit_420.y4m,2160p_or_higher,VQ,0,1,60,1.0,715.178889,,,,,11080.68,11080.68,168.73501251042535
full,a1_4k,Netflix_DinnerScene_4096x2160_60fps_10bit_420.y4m,2160p_or_higher,VQ,0,10,18,1.0,58.745067,,,,,4426.461,4426.461,129255.76393661385
full,a1_4k,Netflix_DinnerScene_4096x2160_60fps_10bit_420.y4m,2160p_or_higher,VQ,0,10,26,1.0,45.769556,,,,,4474.648,4474.648,29032.321601334446
full,a1_4k,Netflix_DinnerScene_4096x2160_60fps_10bit_420.y4m,2160p_or_higher,VQ,0,10,35,1.0,30.48815,,,,,4395.02,4395.02,3268.2791659716427
full,a1_4k,Netflix_DinnerScene_4096x2160_60fps_10bit_420.y4m,2160p_or_higher,VQ,0,10,44,1.0,28.019738,,,,,4389.387,4389.387,773.5294078398665
full,a1_4k,Netflix_DinnerScene_4096x2160_60fps_10bit_420.y4m,2160p_or_higher,VQ,0,10,52,1.0,27.0118,,,,,4277.551,4277.551,352.54058381984987
full,a1_4k,Netflix_DinnerScene_4096x2160_60fps_10bit_420.y4m,2160p_or_higher,VQ,0,10,60,1.0,26.162147,,,,,4368.027,4368.027,163.73284403669723
full,a1_4k,Netflix_SquareAndTimelapse_4096x2160_60fps_10bit_420.y4m,2160p_or_higher,MS_SSIM,4,1,18,1.0,871.371741,,,,,10923.633,10923.633,90302.1896
full,a1_4k,Netflix_SquareAndTimelapse_4096x2160_60fps_10bit_420.y4m,2160p_or_higher,MS_SSIM,4,1,26,1.0,926.168437,,,,,11493.809,11493.809,50308.0936
full,a1_4k,Netflix_SquareAndTimelapse_4096x2160_60fps_10bit_420.y4m,2160p_or_higher,MS_SSIM,4,1,35,1.0,955.928389,,,,,10815.414,10815.414,29488.9904
full,a1_4k,Netflix_SquareAndTimelapse_4096x2160_60fps_10bit_420.y4m,2160p_or_higher,MS_SSIM,4,1,44,1.0,1036.153118,,,,,11136.121,11136.121,17305.6
full,a1_4k,Netflix_SquareAndTimelapse_4096x2160_60fps_10bit_420.y4m,2160p_or_higher,MS_SSIM,4,1,52,1.0,1196.264602,,,,,11360.957,11360.957,11138.8864
full,a1_4k,Netflix_SquareAndTimelapse_4096x2160_60fps_10bit_420.y4m,2160p_or_higher,MS_SSIM,4,1,60,1.0,1132.823176,,,,,11441.988,11441.988,6010.652
full,a1_4k,Netflix_SquareAndTimelapse_4096x2160_60fps_10bit_420.y4m,2160p_or_higher,MS_SSIM,4,10,18,1.0,32.924869,,,,,4140.727,4140.727,128348.5616
full,a1_4k,Netflix_SquareAndTimelapse_4096x2160_60fps_10bit_420.y4m,2160p_or_higher,MS_SSIM,4,10,26,1.0,27.935319,,,,,4205.547,4205.547,70356.63279999999
full,a1_4k,Netflix_SquareAndTimelapse_4096x2160_60fps_10bit_420.y4m,2160p_or_higher,MS_SSIM,4,10,35,1.0,23.983513,,,,,4210.969,4210.969,35422.823200000006
full,a1_4k,Netflix_SquareAndTimelapse_4096x2160_60fps_10bit_420.y4m,2160p_or_higher,MS_SSIM,4,10,44,1.0,23.159599,,,,,4202.051,4202.051,18082.1304
full,a1_4k,Netflix_SquareAndTimelapse_4096x2160_60fps_10bit_420.y4m,2160p_or_higher,MS_SSIM,4,10,52,1.0,23.177394,,,,,4426.078,4426.078,10553.3088
full,a1_4k,Netflix_SquareAndTimelapse_4096x2160_60fps_10bit_420.y4m,2160p_or_higher,MS_SSIM,4,10,60,1.0,22.017761,,,,,4666.016,4666.016,4617.0376
full,a1_4k,Netflix_SquareAndTimelapse_4096x2160_60fps_10bit_420.y4m,2160p_or_higher,PSNR,1,1,18,1.0,746.571886,,,,,10460.223,10460.223,48383.57520000001
full,a1_4k,Netflix_SquareAndTimelapse_4096x2160_60fps_10bit_420.y4m,2160p_or_higher,PSNR,1,1,26,1.0,818.180529,,,,,11315.738,11315.738,28054.9056
full,a1_4k,Netflix_SquareAndTimelapse_4096x2160_60fps_10bit_420.y4m,2160p_or_higher,PSNR,1,1,35,1.0,785.267777,,,,,10943.957,10943.957,15816.1744
full,a1_4k,Netflix_SquareAndTimelapse_4096x2160_60fps_10bit_420.y4m,2160p_or_higher,PSNR,1,1,44,1.0,787.511129,,,,,10814.773,10814.773,9307.0888
full,a1_4k,Netflix_SquareAndTimelapse_4096x2160_60fps_10bit_420.y4m,2160p_or_higher,PSNR,1,1,52,1.0,886.322265,,,,,10523.449,10523.449,5924.9192
full,a1_4k,Netflix_SquareAndTimelapse_4096x2160_60fps_10bit_420.y4m,2160p_or_higher,PSNR,1,1,60,1.0,986.976785,,,,,10730.496,10730.496,3001.652
full,a1_4k,Netflix_SquareAndTimelapse_4096x2160_60fps_10bit_420.y4m,2160p_or_higher,PSNR,1,10,18,1.0,24.927577,,,,,4196.707,4196.707,87659.64240000001
full,a1_4k,Netflix_SquareAndTimelapse_4096x2160_60fps_10bit_420.y4m,2160p_or_higher,PSNR,1,10,26,1.0,22.132781,,,,,4094.777,4094.777,44582.401600000005
full,a1_4k,Netflix_SquareAndTimelapse_4096x2160_60fps_10bit_420.y4m,2160p_or_higher,PSNR,1,10,35,1.0,19.852709,,,,,4188.84,4188.84,20892.832
full,a1_4k,Netflix_SquareAndTimelapse_4096x2160_60fps_10bit_420.y4m,2160p_or_higher,PSNR,1,10,44,1.0,19.478467,,,,,4187.695,4187.695,9874.7488
full,a1_4k,Netflix_SquareAndTimelapse_4096x2160_60fps_10bit_420.y4m,2160p_or_higher,PSNR,1,10,52,1.0,19.006569,,,,,4316.25,4316.25,5389.562400000001
full,a1_4k,Netflix_SquareAndTimelapse_4096x2160_60fps_10bit_420.y4m,2160p_or_higher,PSNR,1,10,60,1.0,17.9789,,,,,4386.984,4386.984,2300.4448
full,a1_4k,Netflix_SquareAndTimelapse_4096x2160_60fps_10bit_420.y4m,2160p_or_higher,SSIM,2,1,18,1.0,773.143128,,,,,10616.699,10616.699,48391.276
full,a1_4k,Netflix_SquareAndTimelapse_4096x2160_60fps_10bit_420.y4m,2160p_or_higher,SSIM,2,1,26,1.0,852.10681,,,,,10080.68,10080.68,28208.4432
full,a1_4k,Netflix_SquareAndTimelapse_4096x2160_60fps_10bit_420.y4m,2160p_or_higher,SSIM,2,1,35,1.0,813.957967,,,,,9906.148,9906.148,15764.7088
full,a1_4k,Netflix_SquareAndTimelapse_4096x2160_60fps_10bit_420.y4m,2160p_or_higher,SSIM,2,1,44,1.0,815.015082,,,,,10824.293,10824.293,9186.1368
full,a1_4k,Netflix_SquareAndTimelapse_4096x2160_60fps_10bit_420.y4m,2160p_or_higher,SSIM,2,1,52,1.0,909.979623,,,,,10931.113,10931.113,5829.3096
full,a1_4k,Netflix_SquareAndTimelapse_4096x2160_60fps_10bit_420.y4m,2160p_or_higher,SSIM,2,1,60,1.0,1016.559186,,,,,10791.367,10791.367,2952.0616
full,a1_4k,Netflix_SquareAndTimelapse_4096x2160_60fps_10bit_420.y4m,2160p_or_higher,SSIM,2,10,18,1.0,26.255362,,,,,4086.188,4086.188,84401.608
full,a1_4k,Netflix_SquareAndTimelapse_4096x2160_60fps_10bit_420.y4m,2160p_or_higher,SSIM,2,10,26,1.0,22.725618,,,,,4093.375,4093.375,43820.7528
full,a1_4k,Netflix_SquareAndTimelapse_4096x2160_60fps_10bit_420.y4m,2160p_or_higher,SSIM,2,10,35,1.0,20.159868,,,,,4238.352,4238.352,20659.2648
full,a1_4k,Netflix_SquareAndTimelapse_4096x2160_60fps_10bit_420.y4m,2160p_or_higher,SSIM,2,10,44,1.0,19.919173,,,,,4138.941,4138.941,9721.908
full,a1_4k,Netflix_SquareAndTimelapse_4096x2160_60fps_10bit_420.y4m,2160p_or_higher,SSIM,2,10,52,1.0,19.509872,,,,,4435.262,4435.262,5280.5768
full,a1_4k,Netflix_SquareAndTimelapse_4096x2160_60fps_10bit_420.y4m,2160p_or_higher,SSIM,2,10,60,1.0,18.474052,,,,,4714.195,4714.195,2310.2552
full,a1_4k,Netflix_SquareAndTimelapse_4096x2160_60fps_10bit_420.y4m,2160p_or_higher,VMAF,5,1,18,1.0,799.824827,,,,,10144.988,10144.988,60470.8896
full,a1_4k,Netflix_SquareAndTimelapse_4096x2160_60fps_10bit_420.y4m,2160p_or_higher,VMAF,5,1,26,1.0,866.43983,,,,,9917.805,9917.805,30981.628
full,a1_4k,Netflix_SquareAndTimelapse_4096x2160_60fps_10bit_420.y4m,2160p_or_higher,VMAF,5,1,35,1.0,834.209285,,,,,10707.176,10707.176,16770.24
full,a1_4k,Netflix_SquareAndTimelapse_4096x2160_60fps_10bit_420.y4m,2160p_or_higher,VMAF,5,1,44,1.0,823.674687,,,,,10792.004,10792.004,9672.6856
full,a1_4k,Netflix_SquareAndTimelapse_4096x2160_60fps_10bit_420.y4m,2160p_or_higher,VMAF,5,1,52,1.0,884.481265,,,,,11373.891,11373.891,6139.102400000001
full,a1_4k,Netflix_SquareAndTimelapse_4096x2160_60fps_10bit_420.y4m,2160p_or_higher,VMAF,5,1,60,1.0,957.793923,,,,,11503.395,11503.395,3103.5808
full,a1_4k,Netflix_SquareAndTimelapse_4096x2160_60fps_10bit_420.y4m,2160p_or_higher,VMAF,5,10,18,1.0,31.272888,,,,,4052.262,4052.262,124117.7192
full,a1_4k,Netflix_SquareAndTimelapse_4096x2160_60fps_10bit_420.y4m,2160p_or_higher,VMAF,5,10,26,1.0,25.289084,,,,,4246.914,4246.914,52472.1056
full,a1_4k,Netflix_SquareAndTimelapse_4096x2160_60fps_10bit_420.y4m,2160p_or_higher,VMAF,5,10,35,1.0,22.430762,,,,,4300.785,4300.785,22953.0128
full,a1_4k,Netflix_SquareAndTimelapse_4096x2160_60fps_10bit_420.y4m,2160p_or_higher,VMAF,5,10,44,1.0,21.753192,,,,,4213.352,4213.352,10621.4632
full,a1_4k,Netflix_SquareAndTimelapse_4096x2160_60fps_10bit_420.y4m,2160p_or_higher,VMAF,5,10,52,1.0,21.153239,,,,,4167.922,4167.922,5722.72
full,a1_4k,Netflix_SquareAndTimelapse_4096x2160_60fps_10bit_420.y4m,2160p_or_higher,VMAF,5,10,60,1.0,19.871599,,,,,4611.75,4611.75,2427.9024
full,a1_4k,Netflix_SquareAndTimelapse_4096x2160_60fps_10bit_420.y4m,2160p_or_higher,VQ,0,1,18,1.0,723.489289,,,,,10162.93,10162.93,56174.484
full,a1_4k,Netflix_SquareAndTimelapse_4096x2160_60fps_10bit_420.y4m,2160p_or_higher,VQ,0,1,26,1.0,800.47521,,,,,10125.086,10125.086,30467.488
full,a1_4k,Netflix_SquareAndTimelapse_4096x2160_60fps_10bit_420.y4m,2160p_or_higher,VQ,0,1,35,1.0,752.324559,,,,,10546.078,10546.078,16588.0304
full,a1_4k,Netflix_SquareAndTimelapse_4096x2160_60fps_10bit_420.y4m,2160p_or_higher,VQ,0,1,44,1.0,753.971239,,,,,10494.5,10494.5,9695.2736
full,a1_4k,Netflix_SquareAndTimelapse_4096x2160_60fps_10bit_420.y4m,2160p_or_higher,VQ,0,1,52,1.0,845.897798,,,,,10309.746,10309.746,6184.3112
full,a1_4k,Netflix_SquareAndTimelapse_4096x2160_60fps_10bit_420.y4m,2160p_or_higher,VQ,0,1,60,1.0,940.223078,,,,,10919.273,10919.273,3145.8792000000003
full,a1_4k,Netflix_SquareAndTimelapse_4096x2160_60fps_10bit_420.y4m,2160p_or_higher,VQ,0,10,18,1.0,26.703429,,,,,4209.152,4209.152,100956.9504
full,a1_4k,Netflix_SquareAndTimelapse_4096x2160_60fps_10bit_420.y4m,2160p_or_higher,VQ,0,10,26,1.0,22.378361,,,,,4206.273,4206.273,49285.7136
full,a1_4k,Netflix_SquareAndTimelapse_4096x2160_60fps_10bit_420.y4m,2160p_or_higher,VQ,0,10,35,1.0,19.784572,,,,,4116.262,4116.262,22697.1696
full,a1_4k,Netflix_SquareAndTimelapse_4096x2160_60fps_10bit_420.y4m,2160p_or_higher,VQ,0,10,44,1.0,19.18622,,,,,4289.348,4289.348,10908.62
full,a1_4k,Netflix_SquareAndTimelapse_4096x2160_60fps_10bit_420.y4m,2160p_or_higher,VQ,0,10,52,1.0,18.772597,,,,,4100.605,4100.605,5997.1664
full,a1_4k,Netflix_SquareAndTimelapse_4096x2160_60fps_10bit_420.y4m,2160p_or_higher,VQ,0,10,60,1.0,17.361794,,,,,4101.309,4101.309,2555.5816
full,a1_4k,Netflix_Tango_4096x2160_60fps_10bit_420.y4m,2160p_or_higher,MS_SSIM,4,1,18,1.0,576.010409,,,,,9700.086,9700.086,145026.7575510204
full,a1_4k,Netflix_Tango_4096x2160_60fps_10bit_420.y4m,2160p_or_higher,MS_SSIM,4,1,26,1.0,627.238107,,,,,9533.449,9533.449,57247.31591836734
full,a1_4k,Netflix_Tango_4096x2160_60fps_10bit_420.y4m,2160p_or_higher,MS_SSIM,4,1,35,1.0,552.935701,,,,,9871.516,9871.516,23818.728163265303
full,a1_4k,Netflix_Tango_4096x2160_60fps_10bit_420.y4m,2160p_or_higher,MS_SSIM,4,1,44,1.0,535.517675,,,,,10063.34,10063.34,11584.346122448978
full,a1_4k,Netflix_Tango_4096x2160_60fps_10bit_420.y4m,2160p_or_higher,MS_SSIM,4,1,52,1.0,650.783397,,,,,9793.938,9793.938,7609.846530612244
full,a1_4k,Netflix_Tango_4096x2160_60fps_10bit_420.y4m,2160p_or_higher,MS_SSIM,4,1,60,1.0,531.995601,,,,,9701.113,9701.113,4389.02693877551
full,a1_4k,Netflix_Tango_4096x2160_60fps_10bit_420.y4m,2160p_or_higher,MS_SSIM,4,10,18,1.0,24.707203,,,,,3992.773,3992.773,255071.76653061225
full,a1_4k,Netflix_Tango_4096x2160_60fps_10bit_420.y4m,2160p_or_higher,MS_SSIM,4,10,26,1.0,19.164814,,,,,3970.297,3970.297,98916.74612244897
full,a1_4k,Netflix_Tango_4096x2160_60fps_10bit_420.y4m,2160p_or_higher,MS_SSIM,4,10,35,1.0,13.465841,,,,,3964.238,3964.238,36372.24653061225
full,a1_4k,Netflix_Tango_4096x2160_60fps_10bit_420.y4m,2160p_or_higher,MS_SSIM,4,10,44,1.0,12.203397,,,,,3918.273,3918.273,17015.036734693876
full,a1_4k,Netflix_Tango_4096x2160_60fps_10bit_420.y4m,2160p_or_higher,MS_SSIM,4,10,52,1.0,11.598338,,,,,3876.469,3876.469,9386.378775510204
full,a1_4k,Netflix_Tango_4096x2160_60fps_10bit_420.y4m,2160p_or_higher,MS_SSIM,4,10,60,1.0,11.053986,,,,,4104.348,4104.348,4324.228571428571
full,a1_4k,Netflix_Tango_4096x2160_60fps_10bit_420.y4m,2160p_or_higher,PSNR,1,1,18,1.0,500.242965,,,,,9367.484,9367.484,66027.9363265306
full,a1_4k,Netflix_Tango_4096x2160_60fps_10bit_420.y4m,2160p_or_higher,PSNR,1,1,26,1.0,492.32927,,,,,9668.441,9668.441,18609.097142857143
full,a1_4k,Netflix_Tango_4096x2160_60fps_10bit_420.y4m,2160p_or_higher,PSNR,1,1,35,1.0,433.620288,,,,,9580.957,9580.957,9762.780408163264
full,a1_4k,Netflix_Tango_4096x2160_60fps_10bit_420.y4m,2160p_or_higher,PSNR,1,1,44,1.0,420.492289,,,,,10404.219,10404.219,5879.235918367347
full,a1_4k,Netflix_Tango_4096x2160_60fps_10bit_420.y4m,2160p_or_higher,PSNR,1,1,52,1.0,424.622438,,,,,9814.68,9814.68,3957.611428571428
full,a1_4k,Netflix_Tango_4096x2160_60fps_10bit_420.y4m,2160p_or_higher,PSNR,1,1,60,1.0,484.155039,,,,,10200.852,10200.852,2139.1918367346934
full,a1_4k,Netflix_Tango_4096x2160_60fps_10bit_420.y4m,2160p_or_higher,PSNR,1,10,18,1.0,17.150777,,,,,3976.117,3976.117,164425.48408163263
full,a1_4k,Netflix_Tango_4096x2160_60fps_10bit_420.y4m,2160p_or_higher,PSNR,1,10,26,1.0,12.477201,,,,,3880.562,3880.562,42455.51346938776
full,a1_4k,Netflix_Tango_4096x2160_60fps_10bit_420.y4m,2160p_or_higher,PSNR,1,10,35,1.0,10.26784,,,,,3894.363,3894.363,15085.782857142856
full,a1_4k,Netflix_Tango_4096x2160_60fps_10bit_420.y4m,2160p_or_higher,PSNR,1,10,44,1.0,9.756901,,,,,4041.934,4041.934,7763.665306122448
full,a1_4k,Netflix_Tango_4096x2160_60fps_10bit_420.y4m,2160p_or_higher,PSNR,1,10,52,1.0,9.647078,,,,,3942.508,3942.508,4572.22693877551
full,a1_4k,Netflix_Tango_4096x2160_60fps_10bit_420.y4m,2160p_or_higher,PSNR,1,10,60,1.0,9.137955,,,,,3848.859,3848.859,2232.470204081633
full,a1_4k,Netflix_Tango_4096x2160_60fps_10bit_420.y4m,2160p_or_higher,SSIM,2,1,18,1.0,562.037603,,,,,10100.859,10100.859,70553.64734693877
full,a1_4k,Netflix_Tango_4096x2160_60fps_10bit_420.y4m,2160p_or_higher,SSIM,2,1,26,1.0,528.056514,,,,,9629.57,9629.57,19162.902857142853
full,a1_4k,Netflix_Tango_4096x2160_60fps_10bit_420.y4m,2160p_or_higher,SSIM,2,1,35,1.0,475.379564,,,,,9345.559,9345.559,9914.888163265305
full,a1_4k,Netflix_Tango_4096x2160_60fps_10bit_420.y4m,2160p_or_higher,SSIM,2,1,44,1.0,443.826162,,,,,9521.953,9521.953,5835.518367346938
full,a1_4k,Netflix_Tango_4096x2160_60fps_10bit_420.y4m,2160p_or_higher,SSIM,2,1,52,1.0,441.610254,,,,,9855.824,9855.824,3916.602448979592
full,a1_4k,Netflix_Tango_4096x2160_60fps_10bit_420.y4m,2160p_or_higher,SSIM,2,1,60,1.0,505.775321,,,,,9834.348,9834.348,2107.8155102040814
full,a1_4k,Netflix_Tango_4096x2160_60fps_10bit_420.y4m,2160p_or_higher,SSIM,2,10,18,1.0,16.762537,,,,,3957.215,3957.215,161531.05469387755
full,a1_4k,Netflix_Tango_4096x2160_60fps_10bit_420.y4m,2160p_or_higher,SSIM,2,10,26,1.0,12.692257,,,,,4033.996,4033.996,42120.80326530613
full,a1_4k,Netflix_Tango_4096x2160_60fps_10bit_420.y4m,2160p_or_higher,SSIM,2,10,35,1.0,10.540201,,,,,3996.707,3996.707,14711.379591836734
full,a1_4k,Netflix_Tango_4096x2160_60fps_10bit_420.y4m,2160p_or_higher,SSIM,2,10,44,1.0,9.970883,,,,,3869.785,3869.785,7586.641632653061
full,a1_4k,Netflix_Tango_4096x2160_60fps_10bit_420.y4m,2160p_or_higher,SSIM,2,10,52,1.0,9.854881,,,,,3990.273,3990.273,4472.728163265306
full,a1_4k,Netflix_Tango_4096x2160_60fps_10bit_420.y4m,2160p_or_higher,SSIM,2,10,60,1.0,9.339547,,,,,3951.59,3951.59,2240.473469387755
full,a1_4k,Netflix_Tango_4096x2160_60fps_10bit_420.y4m,2160p_or_higher,VMAF,5,1,18,1.0,712.217096,,,,,9666.059,9666.059,101657.95102040816
full,a1_4k,Netflix_Tango_4096x2160_60fps_10bit_420.y4m,2160p_or_higher,VMAF,5,1,26,1.0,434.828345,,,,,9517.539,9517.539,20315.902040816327
full,a1_4k,Netflix_Tango_4096x2160_60fps_10bit_420.y4m,2160p_or_higher,VMAF,5,1,35,1.0,462.551214,,,,,9485.289,9485.289,10076.186122448978
full,a1_4k,Netflix_Tango_4096x2160_60fps_10bit_420.y4m,2160p_or_higher,VMAF,5,1,44,1.0,446.093382,,,,,10200.844,10200.844,5901.939591836735
full,a1_4k,Netflix_Tango_4096x2160_60fps_10bit_420.y4m,2160p_or_higher,VMAF,5,1,52,1.0,446.709991,,,,,9905.996,9905.996,3947.52
full,a1_4k,Netflix_Tango_4096x2160_60fps_10bit_420.y4m,2160p_or_higher,VMAF,5,1,60,1.0,495.86554,,,,,10435.281,10435.281,2128.695510204081
full,a1_4k,Netflix_Tango_4096x2160_60fps_10bit_420.y4m,2160p_or_higher,VMAF,5,10,18,1.0,20.948231,,,,,4001.75,4001.75,236199.24408163264
full,a1_4k,Netflix_Tango_4096x2160_60fps_10bit_420.y4m,2160p_or_higher,VMAF,5,10,26,1.0,14.702589,,,,,3952.465,3952.465,54264.24326530612
full,a1_4k,Netflix_Tango_4096x2160_60fps_10bit_420.y4m,2160p_or_higher,VMAF,5,10,35,1.0,11.478185,,,,,3915.195,3915.195,15718.30693877551
full,a1_4k,Netflix_Tango_4096x2160_60fps_10bit_420.y4m,2160p_or_higher,VMAF,5,10,44,1.0,10.705033,,,,,3854.422,3854.422,7976.359183673469
full,a1_4k,Netflix_Tango_4096x2160_60fps_10bit_420.y4m,2160p_or_higher,VMAF,5,10,52,1.0,10.594637,,,,,4028.25,4028.25,4696.03918367347
full,a1_4k,Netflix_Tango_4096x2160_60fps_10bit_420.y4m,2160p_or_higher,VMAF,5,10,60,1.0,10.514847,,,,,3834.973,3834.973,2264.806530612245
full,a1_4k,Netflix_Tango_4096x2160_60fps_10bit_420.y4m,2160p_or_higher,VQ,0,1,18,1.0,560.12531,,,,,9800.66,9800.66,82648.61714285714
full,a1_4k,Netflix_Tango_4096x2160_60fps_10bit_420.y4m,2160p_or_higher,VQ,0,1,26,1.0,483.768298,,,,,9239.102,9239.102,21123.897142857146
full,a1_4k,Netflix_Tango_4096x2160_60fps_10bit_420.y4m,2160p_or_higher,VQ,0,1,35,1.0,438.71328,,,,,9413.453,9413.453,9646.324897959184
full,a1_4k,Netflix_Tango_4096x2160_60fps_10bit_420.y4m,2160p_or_higher,VQ,0,1,44,1.0,406.149419,,,,,9436.855,9436.855,5799.82693877551
full,a1_4k,Netflix_Tango_4096x2160_60fps_10bit_420.y4m,2160p_or_higher,VQ,0,1,52,1.0,391.737553,,,,,9424.891,9424.891,3854.063673469388
full,a1_4k,Netflix_Tango_4096x2160_60fps_10bit_420.y4m,2160p_or_higher,VQ,0,1,60,1.0,457.326213,,,,,10079.5,10079.5,2117.624489795918
full,a1_4k,Netflix_Tango_4096x2160_60fps_10bit_420.y4m,2160p_or_higher,VQ,0,10,18,1.0,18.626122,,,,,3970.531,3970.531,204389.8824489796
full,a1_4k,Netflix_Tango_4096x2160_60fps_10bit_420.y4m,2160p_or_higher,VQ,0,10,26,1.0,13.666136,,,,,3935.582,3935.582,55320.52081632653
full,a1_4k,Netflix_Tango_4096x2160_60fps_10bit_420.y4m,2160p_or_higher,VQ,0,10,35,1.0,10.369585,,,,,3937.594,3937.594,16888.46530612245
full,a1_4k,Netflix_Tango_4096x2160_60fps_10bit_420.y4m,2160p_or_higher,VQ,0,10,44,1.0,9.696357,,,,,3820.918,3820.918,8269.005714285713
full,a1_4k,Netflix_Tango_4096x2160_60fps_10bit_420.y4m,2160p_or_higher,VQ,0,10,52,1.0,9.472219,,,,,3927.719,3927.719,4852.034285714285
full,a1_4k,Netflix_Tango_4096x2160_60fps_10bit_420.y4m,2160p_or_higher,VQ,0,10,60,1.0,8.806189,,,,,3948.242,3948.242,2348.0130612244893
full,a2_1080p,Aerial3200_1920x1080_5994_10bit_420.y4m,1080p,MS_SSIM,4,1,18,1.0,39.612547,,,,,2331.273,2331.273,21457.276262199342
full,a2_1080p,Aerial3200_1920x1080_5994_10bit_420.y4m,1080p,MS_SSIM,4,1,26,1.0,45.429608,,,,,2298.559,2298.559,13910.689925459155
full,a2_1080p,Aerial3200_1920x1080_5994_10bit_420.y4m,1080p,MS_SSIM,4,1,35,1.0,48.508806,,,,,2248.023,2248.023,8981.488665180974
full,a2_1080p,Aerial3200_1920x1080_5994_10bit_420.y4m,1080p,MS_SSIM,4,1,44,1.0,54.762906,,,,,2296.363,2296.363,5528.236686390533
full,a2_1080p,Aerial3200_1920x1080_5994_10bit_420.y4m,1080p,MS_SSIM,4,1,52,1.0,65.757231,,,,,2411.961,2411.961,3709.758549143165
full,a2_1080p,Aerial3200_1920x1080_5994_10bit_420.y4m,1080p,MS_SSIM,4,1,60,1.0,66.921971,,,,,2507.297,2507.297,2060.39621916545
full,a2_1080p,Aerial3200_1920x1080_5994_10bit_420.y4m,1080p,MS_SSIM,4,10,18,1.0,2.15729,,,,,974.156,974.156,28056.414969645743
full,a2_1080p,Aerial3200_1920x1080_5994_10bit_420.y4m,1080p,MS_SSIM,4,10,26,1.0,1.936649,,,,,971.945,971.945,15595.28963344348
full,a2_1080p,Aerial3200_1920x1080_5994_10bit_420.y4m,1080p,MS_SSIM,4,10,35,1.0,1.845515,,,,,961.645,961.645,8510.167985860293
full,a2_1080p,Aerial3200_1920x1080_5994_10bit_420.y4m,1080p,MS_SSIM,4,10,44,1.0,1.714572,,,,,941.324,941.324,5223.667409513564
full,a2_1080p,Aerial3200_1920x1080_5994_10bit_420.y4m,1080p,MS_SSIM,4,10,52,1.0,1.822824,,,,,965.375,965.375,3302.0481057404136
full,a2_1080p,Aerial3200_1920x1080_5994_10bit_420.y4m,1080p,MS_SSIM,4,10,60,1.0,1.617821,,,,,979.258,979.258,1456.8201029739491
full,a2_1080p,Aerial3200_1920x1080_5994_10bit_420.y4m,1080p,PSNR,1,1,18,1.0,39.856254,,,,,2244.691,2244.691,14027.29086298317
full,a2_1080p,Aerial3200_1920x1080_5994_10bit_420.y4m,1080p,PSNR,1,1,26,1.0,40.745503,,,,,2345.625,2345.625,9415.68708214862
full,a2_1080p,Aerial3200_1920x1080_5994_10bit_420.y4m,1080p,PSNR,1,1,35,1.0,43.820236,,,,,2375.113,2375.113,5744.559440559441
full,a2_1080p,Aerial3200_1920x1080_5994_10bit_420.y4m,1080p,PSNR,1,1,44,1.0,45.995209,,,,,2384.633,2384.633,3461.7874433259053
full,a2_1080p,Aerial3200_1920x1080_5994_10bit_420.y4m,1080p,PSNR,1,1,52,1.0,51.047035,,,,,2273.262,2273.262,2155.219549681088
full,a2_1080p,Aerial3200_1920x1080_5994_10bit_420.y4m,1080p,PSNR,1,1,60,1.0,63.015752,,,,,2687.84,2687.84,1015.9194651502344
full,a2_1080p,Aerial3200_1920x1080_5994_10bit_420.y4m,1080p,PSNR,1,10,18,1.0,1.852055,,,,,978.91,978.91,20567.7178206409
full,a2_1080p,Aerial3200_1920x1080_5994_10bit_420.y4m,1080p,PSNR,1,10,26,1.0,1.62978,,,,,954.535,954.535,10532.899715668946
full,a2_1080p,Aerial3200_1920x1080_5994_10bit_420.y4m,1080p,PSNR,1,10,35,1.0,1.531593,,,,,971.742,971.742,5531.475293936833
full,a2_1080p,Aerial3200_1920x1080_5994_10bit_420.y4m,1080p,PSNR,1,10,44,1.0,1.659549,,,,,958.867,958.867,2995.206639514332
full,a2_1080p,Aerial3200_1920x1080_5994_10bit_420.y4m,1080p,PSNR,1,10,52,1.0,1.537784,,,,,986.656,986.656,1698.3066164604627
full,a2_1080p,Aerial3200_1920x1080_5994_10bit_420.y4m,1080p,PSNR,1,10,60,1.0,1.403061,,,,,988.953,988.953,731.1949588872666
full,a2_1080p,Aerial3200_1920x1080_5994_10bit_420.y4m,1080p,SSIM,2,1,18,1.0,40.707672,,,,,2310.047,2310.047,13690.010912164758
full,a2_1080p,Aerial3200_1920x1080_5994_10bit_420.y4m,1080p,SSIM,2,1,26,1.0,40.80918,,,,,2402.348,2402.348,9253.277184354109
full,a2_1080p,Aerial3200_1920x1080_5994_10bit_420.y4m,1080p,SSIM,2,1,35,1.0,40.2254,,,,,2298.949,2298.949,5663.752862522094
full,a2_1080p,Aerial3200_1920x1080_5994_10bit_420.y4m,1080p,SSIM,2,1,44,1.0,44.189802,,,,,2437.359,2437.359,3420.637208944901
full,a2_1080p,Aerial3200_1920x1080_5994_10bit_420.y4m,1080p,SSIM,2,1,52,1.0,50.918822,,,,,2339.039,2339.039,2125.887650810728
full,a2_1080p,Aerial3200_1920x1080_5994_10bit_420.y4m,1080p,SSIM,2,1,60,1.0,63.656381,,,,,2663.141,2663.141,997.1923461154232
full,a2_1080p,Aerial3200_1920x1080_5994_10bit_420.y4m,1080p,SSIM,2,10,18,1.0,1.474817,,,,,952.227,952.227,20454.87189733344
full,a2_1080p,Aerial3200_1920x1080_5994_10bit_420.y4m,1080p,SSIM,2,10,26,1.0,1.278318,,,,,986.352,986.352,10455.929301467764
full,a2_1080p,Aerial3200_1920x1080_5994_10bit_420.y4m,1080p,SSIM,2,10,35,1.0,1.270416,,,,,983.273,983.273,5410.175055713517
full,a2_1080p,Aerial3200_1920x1080_5994_10bit_420.y4m,1080p,SSIM,2,10,44,1.0,1.287505,,,,,962.75,962.75,2903.455928686698
full,a2_1080p,Aerial3200_1920x1080_5994_10bit_420.y4m,1080p,SSIM,2,10,52,1.0,1.287153,,,,,950.863,950.863,1624.744486282948
full,a2_1080p,Aerial3200_1920x1080_5994_10bit_420.y4m,1080p,SSIM,2,10,60,1.0,1.177774,,,,,993.258,993.258,704.7881349419812
full,a2_1080p,Aerial3200_1920x1080_5994_10bit_420.y4m,1080p,VMAF,5,1,18,1.0,45.877634,,,,,2305.551,2305.551,15467.312994697611
full,a2_1080p,Aerial3200_1920x1080_5994_10bit_420.y4m,1080p,VMAF,5,1,26,1.0,48.032296,,,,,2232.758,2232.758,10278.975178667488
full,a2_1080p,Aerial3200_1920x1080_5994_10bit_420.y4m,1080p,VMAF,5,1,35,1.0,44.644304,,,,,2347.289,2347.289,6220.276953815415
full,a2_1080p,Aerial3200_1920x1080_5994_10bit_420.y4m,1080p,VMAF,5,1,44,1.0,47.800538,,,,,2395.031,2395.031,3762.243909936218
full,a2_1080p,Aerial3200_1920x1080_5994_10bit_420.y4m,1080p,VMAF,5,1,52,1.0,54.285791,,,,,2476.98,2476.98,2346.264197341121
full,a2_1080p,Aerial3200_1920x1080_5994_10bit_420.y4m,1080p,VMAF,5,1,60,1.0,71.720497,,,,,2815.484,2815.484,1103.2180127564743
full,a2_1080p,Aerial3200_1920x1080_5994_10bit_420.y4m,1080p,VMAF,5,10,18,1.0,2.176216,,,,,975.043,975.043,24532.894797510184
full,a2_1080p,Aerial3200_1920x1080_5994_10bit_420.y4m,1080p,VMAF,5,10,26,1.0,1.825423,,,,,957.133,957.133,12027.336355951742
full,a2_1080p,Aerial3200_1920x1080_5994_10bit_420.y4m,1080p,VMAF,5,10,35,1.0,1.731328,,,,,984.215,984.215,6181.310381925768
full,a2_1080p,Aerial3200_1920x1080_5994_10bit_420.y4m,1080p,VMAF,5,10,44,1.0,1.991409,,,,,956.391,956.391,3329.9156228387
full,a2_1080p,Aerial3200_1920x1080_5994_10bit_420.y4m,1080p,VMAF,5,10,52,1.0,2.482427,,,,,970.516,970.516,1882.442480596327
full,a2_1080p,Aerial3200_1920x1080_5994_10bit_420.y4m,1080p,VMAF,5,10,60,1.0,1.666648,,,,,985.73,985.73,794.4621532313841
full,a2_1080p,Aerial3200_1920x1080_5994_10bit_420.y4m,1080p,VQ,0,1,18,1.0,39.392117,,,,,2158.566,2158.566,15085.470836855451
full,a2_1080p,Aerial3200_1920x1080_5994_10bit_420.y4m,1080p,VQ,0,1,26,1.0,40.429518,,,,,2241.473,2241.473,9968.813955275496
full,a2_1080p,Aerial3200_1920x1080_5994_10bit_420.y4m,1080p,VQ,0,1,35,1.0,39.132834,,,,,2150.93,2150.93,6166.072696534235
full,a2_1080p,Aerial3200_1920x1080_5994_10bit_420.y4m,1080p,VQ,0,1,44,1.0,41.100364,,,,,2185.395,2185.395,3793.268884961193
full,a2_1080p,Aerial3200_1920x1080_5994_10bit_420.y4m,1080p,VQ,0,1,52,1.0,47.729376,,,,,2192.754,2192.754,2413.448705141013
full,a2_1080p,Aerial3200_1920x1080_5994_10bit_420.y4m,1080p,VQ,0,1,60,1.0,64.02871,,,,,2641.73,2641.73,1135.135633597172
full,a2_1080p,Aerial3200_1920x1080_5994_10bit_420.y4m,1080p,VQ,0,10,18,1.0,1.817407,,,,,947.773,947.773,22265.8400061477
full,a2_1080p,Aerial3200_1920x1080_5994_10bit_420.y4m,1080p,VQ,0,10,26,1.0,1.744633,,,,,968.824,968.824,11723.15438407746
full,a2_1080p,Aerial3200_1920x1080_5994_10bit_420.y4m,1080p,VQ,0,10,35,1.0,1.527462,,,,,957.5,957.5,6256.196726350573
full,a2_1080p,Aerial3200_1920x1080_5994_10bit_420.y4m,1080p,VQ,0,10,44,1.0,1.644319,,,,,963.0,963.0,3403.0314301083536
full,a2_1080p,Aerial3200_1920x1080_5994_10bit_420.y4m,1080p,VQ,0,10,52,1.0,1.647672,,,,,960.512,960.512,1921.26519634212
full,a2_1080p,Aerial3200_1920x1080_5994_10bit_420.y4m,1080p,VQ,0,10,60,1.0,1.526727,,,,,972.074,972.074,825.20310458772
full,a2_1080p,Boat_1920x1080_5994_10bit_420.y4m,1080p,MS_SSIM,4,1,18,1.0,56.894919,,,,,2381.078,2381.078,34129.98447706141
full,a2_1080p,Boat_1920x1080_5994_10bit_420.y4m,1080p,MS_SSIM,4,1,26,1.0,64.798626,,,,,2281.688,2281.688,23159.75470683163
full,a2_1080p,Boat_1920x1080_5994_10bit_420.y4m,1080p,MS_SSIM,4,1,35,1.0,67.429804,,,,,2310.785,2310.785,14761.082609697996
full,a2_1080p,Boat_1920x1080_5994_10bit_420.y4m,1080p,MS_SSIM,4,1,44,1.0,73.818497,,,,,2332.242,2332.242,9473.377084454009
full,a2_1080p,Boat_1920x1080_5994_10bit_420.y4m,1080p,MS_SSIM,4,1,52,1.0,92.51721,,,,,2371.074,2371.074,6362.4879735648965
full,a2_1080p,Boat_1920x1080_5994_10bit_420.y4m,1080p,MS_SSIM,4,1,60,1.0,98.371005,,,,,2248.367,2248.367,3454.1593790824563
full,a2_1080p,Boat_1920x1080_5994_10bit_420.y4m,1080p,MS_SSIM,4,10,18,1.0,2.485344,,,,,1022.43,1022.43,48323.07139014832
full,a2_1080p,Boat_1920x1080_5994_10bit_420.y4m,1080p,MS_SSIM,4,10,26,1.0,2.142456,,,,,961.301,961.301,30710.10712364559
full,a2_1080p,Boat_1920x1080_5994_10bit_420.y4m,1080p,MS_SSIM,4,10,35,1.0,1.974888,,,,,984.004,984.004,16578.54268808115
full,a2_1080p,Boat_1920x1080_5994_10bit_420.y4m,1080p,MS_SSIM,4,10,44,1.0,1.958629,,,,,1024.906,1024.906,8719.851225697379
full,a2_1080p,Boat_1920x1080_5994_10bit_420.y4m,1080p,MS_SSIM,4,10,52,1.0,1.861824,,,,,1042.871,1042.871,5028.20748482287
full,a2_1080p,Boat_1920x1080_5994_10bit_420.y4m,1080p,MS_SSIM,4,10,60,1.0,1.736862,,,,,1054.051,1054.051,2367.348343963729
full,a2_1080p,Boat_1920x1080_5994_10bit_420.y4m,1080p,PSNR,1,1,18,1.0,56.879798,,,,,2372.355,2372.355,31091.57304234228
full,a2_1080p,Boat_1920x1080_5994_10bit_420.y4m,1080p,PSNR,1,1,26,1.0,61.223585,,,,,2176.578,2176.578,20582.951817413355
full,a2_1080p,Boat_1920x1080_5994_10bit_420.y4m,1080p,PSNR,1,1,35,1.0,66.167169,,,,,2301.664,2301.664,12835.413202182435
full,a2_1080p,Boat_1920x1080_5994_10bit_420.y4m,1080p,PSNR,1,1,44,1.0,71.769635,,,,,2329.645,2329.645,8090.594943518021
full,a2_1080p,Boat_1920x1080_5994_10bit_420.y4m,1080p,PSNR,1,1,52,1.0,86.003019,,,,,2376.531,2376.531,5349.733343579498
full,a2_1080p,Boat_1920x1080_5994_10bit_420.y4m,1080p,PSNR,1,1,60,1.0,97.780833,,,,,2655.535,2655.535,2771.477138246369
full,a2_1080p,Boat_1920x1080_5994_10bit_420.y4m,1080p,PSNR,1,10,18,1.0,2.120333,,,,,982.379,982.379,45006.35364635365
full,a2_1080p,Boat_1920x1080_5994_10bit_420.y4m,1080p,PSNR,1,10,26,1.0,1.802236,,,,,975.801,975.801,27879.19157765312
full,a2_1080p,Boat_1920x1080_5994_10bit_420.y4m,1080p,PSNR,1,10,35,1.0,1.604219,,,,,956.332,956.332,14584.88096518866
full,a2_1080p,Boat_1920x1080_5994_10bit_420.y4m,1080p,PSNR,1,10,44,1.0,1.472975,,,,,1033.438,1033.438,7492.636594175056
full,a2_1080p,Boat_1920x1080_5994_10bit_420.y4m,1080p,PSNR,1,10,52,1.0,1.471189,,,,,1023.898,1023.898,4178.99884730654
full,a2_1080p,Boat_1920x1080_5994_10bit_420.y4m,1080p,PSNR,1,10,60,1.0,1.365977,,,,,1044.504,1044.504,1851.672020287405
full,a2_1080p,Boat_1920x1080_5994_10bit_420.y4m,1080p,SSIM,2,1,18,1.0,58.547832,,,,,2352.617,2352.617,29248.05287020672
full,a2_1080p,Boat_1920x1080_5994_10bit_420.y4m,1080p,SSIM,2,1,26,1.0,63.536364,,,,,2257.805,2257.805,19234.363175286253
full,a2_1080p,Boat_1920x1080_5994_10bit_420.y4m,1080p,SSIM,2,1,35,1.0,68.556334,,,,,2491.676,2491.676,11933.10320448782
full,a2_1080p,Boat_1920x1080_5994_10bit_420.y4m,1080p,SSIM,2,1,44,1.0,73.042023,,,,,2310.902,2310.902,7508.187812187813
full,a2_1080p,Boat_1920x1080_5994_10bit_420.y4m,1080p,SSIM,2,1,52,1.0,87.406662,,,,,2254.445,2254.445,4948.319372934758
full,a2_1080p,Boat_1920x1080_5994_10bit_420.y4m,1080p,SSIM,2,1,60,1.0,104.052873,,,,,2602.141,2602.141,2547.452547452548
full,a2_1080p,Boat_1920x1080_5994_10bit_420.y4m,1080p,SSIM,2,10,18,1.0,2.20392,,,,,964.316,964.316,44169.38384692231
full,a2_1080p,Boat_1920x1080_5994_10bit_420.y4m,1080p,SSIM,2,10,26,1.0,1.899093,,,,,986.137,986.137,27117.130254361025
full,a2_1080p,Boat_1920x1080_5994_10bit_420.y4m,1080p,SSIM,2,10,35,1.0,1.681325,,,,,962.098,962.098,14013.8089602705
full,a2_1080p,Boat_1920x1080_5994_10bit_420.y4m,1080p,SSIM,2,10,44,1.0,1.594472,,,,,1100.656,1100.656,7073.734880504112
full,a2_1080p,Boat_1920x1080_5994_10bit_420.y4m,1080p,SSIM,2,10,52,1.0,1.585269,,,,,1038.266,1038.266,3911.6920003073856
full,a2_1080p,Boat_1920x1080_5994_10bit_420.y4m,1080p,SSIM,2,10,60,1.0,1.48818,,,,,1062.457,1062.457,1712.5262429877816
full,a2_1080p,Boat_1920x1080_5994_10bit_420.y4m,1080p,VMAF,5,1,18,1.0,51.762747,,,,,2297.871,2297.871,35115.203565665106
full,a2_1080p,Boat_1920x1080_5994_10bit_420.y4m,1080p,VMAF,5,1,26,1.0,64.722421,,,,,2234.129,2234.129,22314.17935910244
full,a2_1080p,Boat_1920x1080_5994_10bit_420.y4m,1080p,VMAF,5,1,35,1.0,65.200226,,,,,2418.301,2418.301,13828.610773841545
full,a2_1080p,Boat_1920x1080_5994_10bit_420.y4m,1080p,VMAF,5,1,44,1.0,65.744051,,,,,2362.453,2362.453,8740.337816030124
full,a2_1080p,Boat_1920x1080_5994_10bit_420.y4m,1080p,VMAF,5,1,52,1.0,75.315158,,,,,2435.438,2435.438,5761.080765388458
full,a2_1080p,Boat_1920x1080_5994_10bit_420.y4m,1080p,VMAF,5,1,60,1.0,97.702102,,,,,2704.391,2704.391,3011.775916391301
full,a2_1080p,Boat_1920x1080_5994_10bit_420.y4m,1080p,VMAF,5,10,18,1.0,2.111446,,,,,994.992,994.992,53052.19457465611
full,a2_1080p,Boat_1920x1080_5994_10bit_420.y4m,1080p,VMAF,5,10,26,1.0,1.811515,,,,,1006.445,1006.445,31881.638361638365
full,a2_1080p,Boat_1920x1080_5994_10bit_420.y4m,1080p,VMAF,5,10,35,1.0,1.732927,,,,,994.09,994.09,16466.32383001614
full,a2_1080p,Boat_1920x1080_5994_10bit_420.y4m,1080p,VMAF,5,10,44,1.0,1.592618,,,,,1046.227,1046.227,8295.176823176824
full,a2_1080p,Boat_1920x1080_5994_10bit_420.y4m,1080p,VMAF,5,10,52,1.0,1.49998,,,,,1042.793,1042.793,4565.809575040345
full,a2_1080p,Boat_1920x1080_5994_10bit_420.y4m,1080p,VMAF,5,10,60,1.0,1.497079,,,,,1039.477,1039.477,2035.4943518020443
full,a2_1080p,Boat_1920x1080_5994_10bit_420.y4m,1080p,VQ,0,1,18,1.0,47.008572,,,,,2311.645,2311.645,31390.351187274267
full,a2_1080p,Boat_1920x1080_5994_10bit_420.y4m,1080p,VQ,0,1,26,1.0,61.29216,,,,,2236.281,2236.281,20724.100514869744
full,a2_1080p,Boat_1920x1080_5994_10bit_420.y4m,1080p,VQ,0,1,35,1.0,70.947355,,,,,2296.055,2296.055,13058.784907400292
full,a2_1080p,Boat_1920x1080_5994_10bit_420.y4m,1080p,VQ,0,1,44,1.0,74.234518,,,,,2324.582,2324.582,8239.072927072928
full,a2_1080p,Boat_1920x1080_5994_10bit_420.y4m,1080p,VQ,0,1,52,1.0,84.255967,,,,,2186.352,2186.352,5479.432567432567
full,a2_1080p,Boat_1920x1080_5994_10bit_420.y4m,1080p,VQ,0,1,60,1.0,101.74401,,,,,2673.844,2673.844,2884.455851840468
full,a2_1080p,Boat_1920x1080_5994_10bit_420.y4m,1080p,VQ,0,10,18,1.0,2.566207,,,,,983.199,983.199,45683.561976485056
full,a2_1080p,Boat_1920x1080_5994_10bit_420.y4m,1080p,VQ,0,10,26,1.0,2.265174,,,,,980.109,980.109,28351.96188426958
full,a2_1080p,Boat_1920x1080_5994_10bit_420.y4m,1080p,VQ,0,10,35,1.0,2.073001,,,,,959.488,959.488,14978.969338353954
full,a2_1080p,Boat_1920x1080_5994_10bit_420.y4m,1080p,VQ,0,10,44,1.0,1.979061,,,,,1004.766,1004.766,7820.7613924537
full,a2_1080p,Boat_1920x1080_5994_10bit_420.y4m,1080p,VQ,0,10,52,1.0,1.964961,,,,,994.105,994.105,4477.872896334435
full,a2_1080p,Boat_1920x1080_5994_10bit_420.y4m,1080p,VQ,0,10,60,1.0,1.963303,,,,,1044.262,1044.262,2005.409974640744
full,a2_1080p,FoodMarket_1920x1080_5994_10bit_420.y4m,1080p,MS_SSIM,4,1,18,1.0,65.766582,,,,,2269.859,2269.859,44067.5558287866
full,a2_1080p,FoodMarket_1920x1080_5994_10bit_420.y4m,1080p,MS_SSIM,4,1,26,1.0,67.243135,,,,,2295.559,2295.559,20875.84661492354
full,a2_1080p,FoodMarket_1920x1080_5994_10bit_420.y4m,1080p,MS_SSIM,4,1,35,1.0,67.033634,,,,,2493.129,2493.129,9918.81103511873
full,a2_1080p,FoodMarket_1920x1080_5994_10bit_420.y4m,1080p,MS_SSIM,4,1,44,1.0,67.552841,,,,,2344.559,2344.559,5273.769922385307
full,a2_1080p,FoodMarket_1920x1080_5994_10bit_420.y4m,1080p,MS_SSIM,4,1,52,1.0,82.426748,,,,,2328.707,2328.707,3512.1924229616543
full,a2_1080p,FoodMarket_1920x1080_5994_10bit_420.y4m,1080p,MS_SSIM,4,1,60,1.0,70.155539,,,,,2476.879,2476.879,1954.5512948589871
full,a2_1080p,FoodMarket_1920x1080_5994_10bit_420.y4m,1080p,MS_SSIM,4,10,18,1.0,2.620422,,,,,962.152,962.152,80486.82271574579
full,a2_1080p,FoodMarket_1920x1080_5994_10bit_420.y4m,1080p,MS_SSIM,4,10,26,1.0,1.897842,,,,,953.465,953.465,30489.579343733192
full,a2_1080p,FoodMarket_1920x1080_5994_10bit_420.y4m,1080p,MS_SSIM,4,10,35,1.0,1.594439,,,,,966.285,966.285,13365.914085914086
full,a2_1080p,FoodMarket_1920x1080_5994_10bit_420.y4m,1080p,MS_SSIM,4,10,44,1.0,1.493244,,,,,985.273,985.273,6642.085299316069
full,a2_1080p,FoodMarket_1920x1080_5994_10bit_420.y4m,1080p,MS_SSIM,4,10,52,1.0,1.488949,,,,,1022.344,1022.344,3617.911934219627
full,a2_1080p,FoodMarket_1920x1080_5994_10bit_420.y4m,1080p,MS_SSIM,4,10,60,1.0,1.368938,,,,,1002.41,1002.41,1558.63705525244
full,a2_1080p,FoodMarket_1920x1080_5994_10bit_420.y4m,1080p,PSNR,1,1,18,1.0,68.399983,,,,,2331.359,2331.359,28258.69883962192
full,a2_1080p,FoodMarket_1920x1080_5994_10bit_420.y4m,1080p,PSNR,1,1,26,1.0,51.728286,,,,,2338.113,2338.113,9516.884346422808
full,a2_1080p,FoodMarket_1920x1080_5994_10bit_420.y4m,1080p,PSNR,1,1,35,1.0,54.722569,,,,,2311.203,2311.203,4960.229923922232
full,a2_1080p,FoodMarket_1920x1080_5994_10bit_420.y4m,1080p,PSNR,1,1,44,1.0,54.169145,,,,,2311.387,2311.387,2957.37616229924
full,a2_1080p,FoodMarket_1920x1080_5994_10bit_420.y4m,1080p,PSNR,1,1,52,1.0,55.598947,,,,,2445.66,2445.66,1915.625297779144
full,a2_1080p,FoodMarket_1920x1080_5994_10bit_420.y4m,1080p,PSNR,1,1,60,1.0,66.032729,,,,,2722.035,2722.035,943.8512256973796
full,a2_1080p,FoodMarket_1920x1080_5994_10bit_420.y4m,1080p,PSNR,1,10,18,1.0,2.002121,,,,,975.621,975.621,45014.77845231692
full,a2_1080p,FoodMarket_1920x1080_5994_10bit_420.y4m,1080p,PSNR,1,10,26,1.0,1.478418,,,,,986.027,986.027,17323.735956351342
full,a2_1080p,FoodMarket_1920x1080_5994_10bit_420.y4m,1080p,PSNR,1,10,35,1.0,1.266076,,,,,966.16,966.16,6957.783139936986
full,a2_1080p,FoodMarket_1920x1080_5994_10bit_420.y4m,1080p,PSNR,1,10,44,1.0,1.180191,,,,,982.949,982.949,3276.615077230462
full,a2_1080p,FoodMarket_1920x1080_5994_10bit_420.y4m,1080p,PSNR,1,10,52,1.0,1.263711,,,,,1011.633,1011.633,1720.6928456159228
full,a2_1080p,FoodMarket_1920x1080_5994_10bit_420.y4m,1080p,PSNR,1,10,60,1.0,1.186263,,,,,1053.133,1053.133,728.3399677245831
full,a2_1080p,FoodMarket_1920x1080_5994_10bit_420.y4m,1080p,SSIM,2,1,18,1.0,74.221468,,,,,2281.535,2281.535,30156.821639898564
full,a2_1080p,FoodMarket_1920x1080_5994_10bit_420.y4m,1080p,SSIM,2,1,26,1.0,53.911184,,,,,2287.844,2287.844,9310.476600322754
full,a2_1080p,FoodMarket_1920x1080_5994_10bit_420.y4m,1080p,SSIM,2,1,35,1.0,59.113224,,,,,2285.41,2285.41,4845.392146315224
full,a2_1080p,FoodMarket_1920x1080_5994_10bit_420.y4m,1080p,SSIM,2,1,44,1.0,57.487842,,,,,2388.535,2388.535,2882.5967878275574
full,a2_1080p,FoodMarket_1920x1080_5994_10bit_420.y4m,1080p,SSIM,2,1,52,1.0,58.754881,,,,,2367.062,2367.062,1876.3156843156844
full,a2_1080p,FoodMarket_1920x1080_5994_10bit_420.y4m,1080p,SSIM,2,1,60,1.0,69.051651,,,,,2784.035,2784.035,919.6833935295476
full,a2_1080p,FoodMarket_1920x1080_5994_10bit_420.y4m,1080p,SSIM,2,10,18,1.0,1.997089,,,,,964.105,964.105,45368.5723507262
full,a2_1080p,FoodMarket_1920x1080_5994_10bit_420.y4m,1080p,SSIM,2,10,26,1.0,1.478092,,,,,959.309,959.309,16946.891877353417
full,a2_1080p,FoodMarket_1920x1080_5994_10bit_420.y4m,1080p,SSIM,2,10,35,1.0,1.269233,,,,,995.07,995.07,6659.355413816953
full,a2_1080p,FoodMarket_1920x1080_5994_10bit_420.y4m,1080p,SSIM,2,10,44,1.0,1.278687,,,,,1024.938,1024.938,3124.3968339352955
full,a2_1080p,FoodMarket_1920x1080_5994_10bit_420.y4m,1080p,SSIM,2,10,52,1.0,1.289652,,,,,1022.328,1022.328,1632.409436717129
full,a2_1080p,FoodMarket_1920x1080_5994_10bit_420.y4m,1080p,SSIM,2,10,60,1.0,1.27975,,,,,1020.691,1020.691,697.8129562744948
full,a2_1080p,FoodMarket_1920x1080_5994_10bit_420.y4m,1080p,VMAF,5,1,18,1.0,80.278055,,,,,2278.023,2278.023,42021.54522400677
full,a2_1080p,FoodMarket_1920x1080_5994_10bit_420.y4m,1080p,VMAF,5,1,26,1.0,54.709124,,,,,2439.262,2439.262,10757.695227849075
full,a2_1080p,FoodMarket_1920x1080_5994_10bit_420.y4m,1080p,VMAF,5,1,35,1.0,57.569753,,,,,2337.895,2337.895,5227.879812495197
full,a2_1080p,FoodMarket_1920x1080_5994_10bit_420.y4m,1080p,VMAF,5,1,44,1.0,58.173252,,,,,2263.035,2263.035,3070.0929839391383
full,a2_1080p,FoodMarket_1920x1080_5994_10bit_420.y4m,1080p,VMAF,5,1,52,1.0,59.278105,,,,,2395.922,2395.922,1976.1518481518483
full,a2_1080p,FoodMarket_1920x1080_5994_10bit_420.y4m,1080p,VMAF,5,1,60,1.0,68.098414,,,,,2751.629,2751.629,972.050718512257
full,a2_1080p,FoodMarket_1920x1080_5994_10bit_420.y4m,1080p,VMAF,5,10,18,1.0,2.317633,,,,,981.812,981.812,62412.48966418198
full,a2_1080p,FoodMarket_1920x1080_5994_10bit_420.y4m,1080p,VMAF,5,10,26,1.0,1.574909,,,,,969.312,969.312,20985.343272112503
full,a2_1080p,FoodMarket_1920x1080_5994_10bit_420.y4m,1080p,VMAF,5,10,35,1.0,1.385354,,,,,1022.945,1022.945,7796.689464381773
full,a2_1080p,FoodMarket_1920x1080_5994_10bit_420.y4m,1080p,VMAF,5,10,44,1.0,1.27781,,,,,998.441,998.441,3529.5547529393684
full,a2_1080p,FoodMarket_1920x1080_5994_10bit_420.y4m,1080p,VMAF,5,10,52,1.0,1.383258,,,,,1038.32,1038.32,1828.891108891109
full,a2_1080p,FoodMarket_1920x1080_5994_10bit_420.y4m,1080p,VMAF,5,10,60,1.0,1.274194,,,,,1062.027,1062.027,759.0587873664798
full,a2_1080p,FoodMarket_1920x1080_5994_10bit_420.y4m,1080p,VQ,0,1,18,1.0,69.955507,,,,,2197.742,2197.742,37213.22369937755
full,a2_1080p,FoodMarket_1920x1080_5994_10bit_420.y4m,1080p,VQ,0,1,26,1.0,55.160135,,,,,2221.785,2221.785,11374.358564512411
full,a2_1080p,FoodMarket_1920x1080_5994_10bit_420.y4m,1080p,VQ,0,1,35,1.0,54.510469,,,,,2279.0,2279.0,5123.713209867056
full,a2_1080p,FoodMarket_1920x1080_5994_10bit_420.y4m,1080p,VQ,0,1,44,1.0,57.559036,,,,,2348.594,2348.594,2926.815953277492
full,a2_1080p,FoodMarket_1920x1080_5994_10bit_420.y4m,1080p,VQ,0,1,52,1.0,55.44757,,,,,2387.465,2387.465,1915.9498962575883
full,a2_1080p,FoodMarket_1920x1080_5994_10bit_420.y4m,1080p,VQ,0,1,60,1.0,64.770058,,,,,2682.664,2682.664,947.8017367248136
full,a2_1080p,FoodMarket_1920x1080_5994_10bit_420.y4m,1080p,VQ,0,10,18,1.0,2.353394,,,,,968.387,968.387,53785.23753169907
full,a2_1080p,FoodMarket_1920x1080_5994_10bit_420.y4m,1080p,VQ,0,10,26,1.0,1.809711,,,,,985.973,985.973,21546.12771843541
full,a2_1080p,FoodMarket_1920x1080_5994_10bit_420.y4m,1080p,VQ,0,10,35,1.0,1.606073,,,,,996.469,996.469,7978.859294551603
full,a2_1080p,FoodMarket_1920x1080_5994_10bit_420.y4m,1080p,VQ,0,10,44,1.0,1.527559,,,,,986.055,986.055,3710.440943671713
full,a2_1080p,FoodMarket_1920x1080_5994_10bit_420.y4m,1080p,VQ,0,10,52,1.0,1.532372,,,,,983.02,983.02,1947.5687389533543
full,a2_1080p,FoodMarket_1920x1080_5994_10bit_420.y4m,1080p,VQ,0,10,60,1.0,1.418592,,,,,973.914,973.914,816.8594482440636
full,a2_1080p,MeridianTalk_sdr_1920x1080p_5994_10bit.y4m,1080p,MS_SSIM,4,1,18,1.0,51.935274,,,,,2329.465,2329.465,14183.212479827866
full,a2_1080p,MeridianTalk_sdr_1920x1080p_5994_10bit.y4m,1080p,MS_SSIM,4,1,26,1.0,43.660316,,,,,2317.758,2317.758,5269.395220164452
full,a2_1080p,MeridianTalk_sdr_1920x1080p_5994_10bit.y4m,1080p,MS_SSIM,4,1,35,1.0,42.824772,,,,,2336.258,2336.258,2689.0586336740184
full,a2_1080p,MeridianTalk_sdr_1920x1080p_5994_10bit.y4m,1080p,MS_SSIM,4,1,44,1.0,40.903484,,,,,2429.125,2429.125,1462.1206485821872
full,a2_1080p,MeridianTalk_sdr_1920x1080p_5994_10bit.y4m,1080p,MS_SSIM,4,1,52,1.0,44.9645,,,,,2230.676,2230.676,915.2164758318604
full,a2_1080p,MeridianTalk_sdr_1920x1080p_5994_10bit.y4m,1080p,MS_SSIM,4,1,60,1.0,34.8853,,,,,2301.762,2301.762,483.23491892722666
full,a2_1080p,MeridianTalk_sdr_1920x1080p_5994_10bit.y4m,1080p,MS_SSIM,4,10,18,1.0,1.593515,,,,,973.594,973.594,23833.35925612849
full,a2_1080p,MeridianTalk_sdr_1920x1080p_5994_10bit.y4m,1080p,MS_SSIM,4,10,26,1.0,1.380948,,,,,965.984,965.984,9623.603473449628
full,a2_1080p,MeridianTalk_sdr_1920x1080p_5994_10bit.y4m,1080p,MS_SSIM,4,10,35,1.0,1.158526,,,,,994.105,994.105,3536.448781987244
full,a2_1080p,MeridianTalk_sdr_1920x1080p_5994_10bit.y4m,1080p,MS_SSIM,4,10,44,1.0,1.176059,,,,,940.273,940.273,1661.700760777684
full,a2_1080p,MeridianTalk_sdr_1920x1080p_5994_10bit.y4m,1080p,MS_SSIM,4,10,52,1.0,1.183741,,,,,965.367,965.367,952.9805579036348
full,a2_1080p,MeridianTalk_sdr_1920x1080p_5994_10bit.y4m,1080p,MS_SSIM,4,10,60,1.0,1.07689,,,,,987.582,987.582,421.0743103050796
full,a2_1080p,MeridianTalk_sdr_1920x1080p_5994_10bit.y4m,1080p,PSNR,1,1,18,1.0,39.600575,,,,,2353.816,2353.816,4932.391915776531
full,a2_1080p,MeridianTalk_sdr_1920x1080p_5994_10bit.y4m,1080p,PSNR,1,1,26,1.0,35.319076,,,,,2305.797,2305.797,2407.996926150772
full,a2_1080p,MeridianTalk_sdr_1920x1080p_5994_10bit.y4m,1080p,PSNR,1,1,35,1.0,31.251952,,,,,2268.027,2268.027,1251.6369784062092
full,a2_1080p,MeridianTalk_sdr_1920x1080p_5994_10bit.y4m,1080p,PSNR,1,1,44,1.0,26.719703,,,,,2309.258,2309.258,702.3499577345732
full,a2_1080p,MeridianTalk_sdr_1920x1080p_5994_10bit.y4m,1080p,PSNR,1,1,52,1.0,27.921642,,,,,2334.004,2334.004,431.94467071390153
full,a2_1080p,MeridianTalk_sdr_1920x1080p_5994_10bit.y4m,1080p,PSNR,1,1,60,1.0,32.120796,,,,,2799.855,2799.855,211.8041958041958
full,a2_1080p,MeridianTalk_sdr_1920x1080p_5994_10bit.y4m,1080p,PSNR,1,10,18,1.0,1.163246,,,,,946.07,946.07,10292.10297394913
full,a2_1080p,MeridianTalk_sdr_1920x1080p_5994_10bit.y4m,1080p,PSNR,1,10,26,1.0,1.077118,,,,,988.242,988.242,3825.3414278029663
full,a2_1080p,MeridianTalk_sdr_1920x1080p_5994_10bit.y4m,1080p,PSNR,1,10,35,1.0,0.973326,,,,,963.316,963.316,1531.171597633136
full,a2_1080p,MeridianTalk_sdr_1920x1080p_5994_10bit.y4m,1080p,PSNR,1,10,44,1.0,0.986415,,,,,966.27,966.27,720.4684546223008
full,a2_1080p,MeridianTalk_sdr_1920x1080p_5994_10bit.y4m,1080p,PSNR,1,10,52,1.0,0.972704,,,,,969.457,969.457,404.3464228079613
full,a2_1080p,MeridianTalk_sdr_1920x1080p_5994_10bit.y4m,1080p,PSNR,1,10,60,1.0,0.853882,,,,,973.953,973.953,185.98017367248136
full,a2_1080p,MeridianTalk_sdr_1920x1080p_5994_10bit.y4m,1080p,SSIM,2,1,18,1.0,41.60233,,,,,2374.93,2374.93,5049.505571351726
full,a2_1080p,MeridianTalk_sdr_1920x1080p_5994_10bit.y4m,1080p,SSIM,2,1,26,1.0,37.794996,,,,,2432.148,2432.148,2484.4878198724355
full,a2_1080p,MeridianTalk_sdr_1920x1080p_5994_10bit.y4m,1080p,SSIM,2,1,35,1.0,33.360049,,,,,2358.508,2358.508,1263.905325443787
full,a2_1080p,MeridianTalk_sdr_1920x1080p_5994_10bit.y4m,1080p,SSIM,2,1,44,1.0,27.7131,,,,,2274.977,2274.977,687.2266195343119
full,a2_1080p,MeridianTalk_sdr_1920x1080p_5994_10bit.y4m,1080p,SSIM,2,1,52,1.0,28.528115,,,,,2396.961,2396.961,418.6767079074772
full,a2_1080p,MeridianTalk_sdr_1920x1080p_5994_10bit.y4m,1080p,SSIM,2,1,60,1.0,32.464623,,,,,2780.324,2780.324,202.036732498271
full,a2_1080p,MeridianTalk_sdr_1920x1080p_5994_10bit.y4m,1080p,SSIM,2,10,18,1.0,1.170375,,,,,972.262,972.262,10043.64128179513
full,a2_1080p,MeridianTalk_sdr_1920x1080p_5994_10bit.y4m,1080p,SSIM,2,10,26,1.0,1.068769,,,,,1009.207,1009.207,3681.330361945747
full,a2_1080p,MeridianTalk_sdr_1920x1080p_5994_10bit.y4m,1080p,SSIM,2,10,35,1.0,0.968882,,,,,979.004,979.004,1463.1239529701068
full,a2_1080p,MeridianTalk_sdr_1920x1080p_5994_10bit.y4m,1080p,SSIM,2,10,44,1.0,0.967443,,,,,989.25,989.25,679.0194420963653
full,a2_1080p,MeridianTalk_sdr_1920x1080p_5994_10bit.y4m,1080p,SSIM,2,10,52,1.0,0.979244,,,,,1000.664,1000.664,381.735187889034
full,a2_1080p,MeridianTalk_sdr_1920x1080p_5994_10bit.y4m,1080p,SSIM,2,10,60,1.0,0.959261,,,,,986.891,986.891,178.22669638054256
full,a2_1080p,MeridianTalk_sdr_1920x1080p_5994_10bit.y4m,1080p,VMAF,5,1,18,1.0,44.351988,,,,,2268.398,2268.398,6907.606854683779
full,a2_1080p,MeridianTalk_sdr_1920x1080p_5994_10bit.y4m,1080p,VMAF,5,1,26,1.0,37.99491,,,,,2295.984,2295.984,2703.521709060171
full,a2_1080p,MeridianTalk_sdr_1920x1080p_5994_10bit.y4m,1080p,VMAF,5,1,35,1.0,33.384767,,,,,2392.504,2392.504,1317.7444094367172
full,a2_1080p,MeridianTalk_sdr_1920x1080p_5994_10bit.y4m,1080p,VMAF,5,1,44,1.0,29.15258,,,,,2417.23,2417.23,729.0887573964498
full,a2_1080p,MeridianTalk_sdr_1920x1080p_5994_10bit.y4m,1080p,VMAF,5,1,52,1.0,28.110123,,,,,2504.34,2504.34,454.8030431107355
full,a2_1080p,MeridianTalk_sdr_1920x1080p_5994_10bit.y4m,1080p,VMAF,5,1,60,1.0,33.855276,,,,,2722.484,2722.484,218.2998539921617
full,a2_1080p,MeridianTalk_sdr_1920x1080p_5994_10bit.y4m,1080p,VMAF,5,10,18,1.0,1.371992,,,,,964.395,964.395,16105.562130177515
full,a2_1080p,MeridianTalk_sdr_1920x1080p_5994_10bit.y4m,1080p,VMAF,5,10,26,1.0,1.179102,,,,,972.586,972.586,4771.608698993315
full,a2_1080p,MeridianTalk_sdr_1920x1080p_5994_10bit.y4m,1080p,VMAF,5,10,35,1.0,1.079773,,,,,959.832,959.832,1708.3433489587337
full,a2_1080p,MeridianTalk_sdr_1920x1080p_5994_10bit.y4m,1080p,VMAF,5,10,44,1.0,1.080525,,,,,1003.199,1003.199,775.7645431491586
full,a2_1080p,MeridianTalk_sdr_1920x1080p_5994_10bit.y4m,1080p,VMAF,5,10,52,1.0,1.075601,,,,,967.16,967.16,428.2818719741797
full,a2_1080p,MeridianTalk_sdr_1920x1080p_5994_10bit.y4m,1080p,VMAF,5,10,60,1.0,1.075299,,,,,955.41,955.41,194.076692538231
full,a2_1080p,MeridianTalk_sdr_1920x1080p_5994_10bit.y4m,1080p,VQ,0,1,18,1.0,40.40167,,,,,2344.922,2344.922,6001.283639437486
full,a2_1080p,MeridianTalk_sdr_1920x1080p_5994_10bit.y4m,1080p,VQ,0,1,26,1.0,35.942419,,,,,2183.422,2183.422,2630.4206562668105
full,a2_1080p,MeridianTalk_sdr_1920x1080p_5994_10bit.y4m,1080p,VQ,0,1,35,1.0,30.052207,,,,,2254.727,2254.727,1312.5250134480905
full,a2_1080p,MeridianTalk_sdr_1920x1080p_5994_10bit.y4m,1080p,VQ,0,1,44,1.0,25.794517,,,,,2187.863,2187.863,740.9513563359717
full,a2_1080p,MeridianTalk_sdr_1920x1080p_5994_10bit.y4m,1080p,VQ,0,1,52,1.0,26.555388,,,,,2192.652,2192.652,457.6248367017598
full,a2_1080p,MeridianTalk_sdr_1920x1080p_5994_10bit.y4m,1080p,VQ,0,1,60,1.0,31.497668,,,,,2651.562,2651.562,222.90325059555832
full,a2_1080p,MeridianTalk_sdr_1920x1080p_5994_10bit.y4m,1080p,VQ,0,10,18,1.0,1.281368,,,,,963.52,963.52,14908.391301006686
full,a2_1080p,MeridianTalk_sdr_1920x1080p_5994_10bit.y4m,1080p,VQ,0,10,26,1.0,1.071431,,,,,996.977,996.977,5110.666564205027
full,a2_1080p,MeridianTalk_sdr_1920x1080p_5994_10bit.y4m,1080p,VQ,0,10,35,1.0,0.970634,,,,,939.816,939.816,1835.6117728425425
full,a2_1080p,MeridianTalk_sdr_1920x1080p_5994_10bit.y4m,1080p,VQ,0,10,44,1.0,0.970093,,,,,967.207,967.207,834.6681011296397
full,a2_1080p,MeridianTalk_sdr_1920x1080p_5994_10bit.y4m,1080p,VQ,0,10,52,1.0,0.970285,,,,,949.688,949.688,460.380235149466
full,a2_1080p,MeridianTalk_sdr_1920x1080p_5994_10bit.y4m,1080p,VQ,0,10,60,1.0,0.970821,,,,,983.43,983.43,204.7183585645124
full,a2_1080p,RitualDance_1920x1080_5994_10bit_420.y4m,1080p,MS_SSIM,4,1,18,1.0,48.881725,,,,,2366.582,2366.582,23028.02305386921
full,a2_1080p,RitualDance_1920x1080_5994_10bit_420.y4m,1080p,MS_SSIM,4,1,26,1.0,55.890165,,,,,2171.871,2171.871,14888.75678167986
full,a2_1080p,RitualDance_1920x1080_5994_10bit_420.y4m,1080p,MS_SSIM,4,1,35,1.0,62.890165,,,,,2408.395,2408.395,9665.192653500346
full,a2_1080p,RitualDance_1920x1080_5994_10bit_420.y4m,1080p,MS_SSIM,4,1,44,1.0,78.908051,,,,,2398.984,2398.984,5956.359947744563
full,a2_1080p,RitualDance_1920x1080_5994_10bit_420.y4m,1080p,MS_SSIM,4,1,52,1.0,88.773704,,,,,2315.473,2315.473,3774.6819334511647
full,a2_1080p,RitualDance_1920x1080_5994_10bit_420.y4m,1080p,MS_SSIM,4,1,60,1.0,77.657974,,,,,2520.125,2520.125,1961.0875278567587
full,a2_1080p,RitualDance_1920x1080_5994_10bit_420.y4m,1080p,MS_SSIM,4,10,18,1.0,1.787055,,,,,973.156,973.156,35640.15307769154
full,a2_1080p,RitualDance_1920x1080_5994_10bit_420.y4m,1080p,MS_SSIM,4,10,26,1.0,1.695323,,,,,1007.289,1007.289,21735.36494274956
full,a2_1080p,RitualDance_1920x1080_5994_10bit_420.y4m,1080p,MS_SSIM,4,10,35,1.0,1.475017,,,,,967.441,967.441,12746.030584799815
full,a2_1080p,RitualDance_1920x1080_5994_10bit_420.y4m,1080p,MS_SSIM,4,10,44,1.0,1.489326,,,,,1010.098,1010.098,6890.215015753478
full,a2_1080p,RitualDance_1920x1080_5994_10bit_420.y4m,1080p,MS_SSIM,4,10,52,1.0,1.488177,,,,,968.617,968.617,3909.718589103205
full,a2_1080p,RitualDance_1920x1080_5994_10bit_420.y4m,1080p,MS_SSIM,4,10,60,1.0,1.370222,,,,,988.27,988.27,1739.6043956043957
full,a2_1080p,RitualDance_1920x1080_5994_10bit_420.y4m,1080p,PSNR,1,1,18,1.0,44.04501,,,,,2355.348,2355.348,13960.445708138015
full,a2_1080p,RitualDance_1920x1080_5994_10bit_420.y4m,1080p,PSNR,1,1,26,1.0,51.371074,,,,,2378.469,2378.469,9251.314839007147
full,a2_1080p,RitualDance_1920x1080_5994_10bit_420.y4m,1080p,PSNR,1,1,35,1.0,53.699817,,,,,2319.195,2319.195,5580.157688465381
full,a2_1080p,RitualDance_1920x1080_5994_10bit_420.y4m,1080p,PSNR,1,1,44,1.0,58.540243,,,,,2327.844,2327.844,3305.437946668716
full,a2_1080p,RitualDance_1920x1080_5994_10bit_420.y4m,1080p,PSNR,1,1,52,1.0,66.458237,,,,,2275.949,2275.949,2087.3046953046955
full,a2_1080p,RitualDance_1920x1080_5994_10bit_420.y4m,1080p,PSNR,1,1,60,1.0,74.081275,,,,,2706.965,2706.965,1035.9044032890188
full,a2_1080p,RitualDance_1920x1080_5994_10bit_420.y4m,1080p,PSNR,1,10,18,1.0,1.596476,,,,,989.523,989.523,23804.83147621609
full,a2_1080p,RitualDance_1920x1080_5994_10bit_420.y4m,1080p,PSNR,1,10,26,1.0,1.378129,,,,,1016.039,1016.039,14996.60831476216
full,a2_1080p,RitualDance_1920x1080_5994_10bit_420.y4m,1080p,PSNR,1,10,35,1.0,1.274765,,,,,994.312,994.312,7861.819411357873
full,a2_1080p,RitualDance_1920x1080_5994_10bit_420.y4m,1080p,PSNR,1,10,44,1.0,1.278075,,,,,974.488,974.488,3921.614385614386
full,a2_1080p,RitualDance_1920x1080_5994_10bit_420.y4m,1080p,PSNR,1,10,52,1.0,1.280139,,,,,982.125,982.125,2117.529239990779
full,a2_1080p,RitualDance_1920x1080_5994_10bit_420.y4m,1080p,PSNR,1,10,60,1.0,1.196415,,,,,997.227,997.227,906.2457542457544
full,a2_1080p,RitualDance_1920x1080_5994_10bit_420.y4m,1080p,SSIM,2,1,18,1.0,46.333562,,,,,2200.691,2200.691,12992.607392607391
full,a2_1080p,RitualDance_1920x1080_5994_10bit_420.y4m,1080p,SSIM,2,1,26,1.0,54.527387,,,,,2299.852,2299.852,8564.66364404826
full,a2_1080p,RitualDance_1920x1080_5994_10bit_420.y4m,1080p,SSIM,2,1,35,1.0,56.182948,,,,,2331.312,2331.312,5147.969568892647
full,a2_1080p,RitualDance_1920x1080_5994_10bit_420.y4m,1080p,SSIM,2,1,44,1.0,60.285587,,,,,2224.934,2224.934,3058.466456620303
full,a2_1080p,RitualDance_1920x1080_5994_10bit_420.y4m,1080p,SSIM,2,1,52,1.0,67.33183,,,,,2363.727,2363.727,1933.9909321447783
full,a2_1080p,RitualDance_1920x1080_5994_10bit_420.y4m,1080p,SSIM,2,1,60,1.0,76.383983,,,,,2872.777,2872.777,964.182894029048
full,a2_1080p,RitualDance_1920x1080_5994_10bit_420.y4m,1080p,SSIM,2,10,18,1.0,1.489251,,,,,1007.648,1007.648,22586.974871282568
full,a2_1080p,RitualDance_1920x1080_5994_10bit_420.y4m,1080p,SSIM,2,10,26,1.0,1.397041,,,,,978.766,978.766,14086.301390916777
full,a2_1080p,RitualDance_1920x1080_5994_10bit_420.y4m,1080p,SSIM,2,10,35,1.0,1.28476,,,,,973.07,973.07,7291.433489587336
full,a2_1080p,RitualDance_1920x1080_5994_10bit_420.y4m,1080p,SSIM,2,10,44,1.0,1.279236,,,,,974.891,974.891,3580.2621993391226
full,a2_1080p,RitualDance_1920x1080_5994_10bit_420.y4m,1080p,SSIM,2,10,52,1.0,1.283965,,,,,1004.055,1004.055,1918.4655344655343
full,a2_1080p,RitualDance_1920x1080_5994_10bit_420.y4m,1080p,SSIM,2,10,60,1.0,1.192553,,,,,987.309,987.309,834.6681011296397
full,a2_1080p,RitualDance_1920x1080_5994_10bit_420.y4m,1080p,VMAF,5,1,18,1.0,46.440831,,,,,2310.5,2310.5,15037.46714823638
full,a2_1080p,RitualDance_1920x1080_5994_10bit_420.y4m,1080p,VMAF,5,1,26,1.0,55.248199,,,,,2210.621,2210.621,9814.257127487896
full,a2_1080p,RitualDance_1920x1080_5994_10bit_420.y4m,1080p,VMAF,5,1,35,1.0,54.791773,,,,,2324.801,2324.801,5877.183739337586
full,a2_1080p,RitualDance_1920x1080_5994_10bit_420.y4m,1080p,VMAF,5,1,44,1.0,58.305781,,,,,2398.332,2398.332,3481.348190271268
full,a2_1080p,RitualDance_1920x1080_5994_10bit_420.y4m,1080p,VMAF,5,1,52,1.0,69.347393,,,,,2350.582,2350.582,2183.7288864981174
full,a2_1080p,RitualDance_1920x1080_5994_10bit_420.y4m,1080p,VMAF,5,1,60,1.0,77.676143,,,,,2894.602,2894.602,1081.7650042265427
full,a2_1080p,RitualDance_1920x1080_5994_10bit_420.y4m,1080p,VMAF,5,10,18,1.0,1.70659,,,,,966.707,966.707,27441.374625374625
full,a2_1080p,RitualDance_1920x1080_5994_10bit_420.y4m,1080p,VMAF,5,10,26,1.0,1.484151,,,,,992.457,992.457,16670.282333051564
full,a2_1080p,RitualDance_1920x1080_5994_10bit_420.y4m,1080p,VMAF,5,10,35,1.0,1.385966,,,,,1018.617,1018.617,8722.554983478061
full,a2_1080p,RitualDance_1920x1080_5994_10bit_420.y4m,1080p,VMAF,5,10,44,1.0,1.389016,,,,,1002.461,1002.461,4300.74909705679
full,a2_1080p,RitualDance_1920x1080_5994_10bit_420.y4m,1080p,VMAF,5,10,52,1.0,1.292638,,,,,1005.031,1005.031,2292.44724506263
full,a2_1080p,RitualDance_1920x1080_5994_10bit_420.y4m,1080p,VMAF,5,10,60,1.0,1.300776,,,,,1024.809,1024.809,962.1357104434028
full,a2_1080p,RitualDance_1920x1080_5994_10bit_420.y4m,1080p,VQ,0,1,18,1.0,40.451874,,,,,2303.594,2303.594,14186.631829708753
full,a2_1080p,RitualDance_1920x1080_5994_10bit_420.y4m,1080p,VQ,0,1,26,1.0,46.993519,,,,,2249.941,2249.941,9354.883885345424
full,a2_1080p,RitualDance_1920x1080_5994_10bit_420.y4m,1080p,VQ,0,1,35,1.0,48.758294,,,,,2160.617,2160.617,5633.886113886114
full,a2_1080p,RitualDance_1920x1080_5994_10bit_420.y4m,1080p,VQ,0,1,44,1.0,54.444704,,,,,2326.957,2326.957,3335.939137785292
full,a2_1080p,RitualDance_1920x1080_5994_10bit_420.y4m,1080p,VQ,0,1,52,1.0,62.384752,,,,,2319.934,2319.934,2115.932067932068
full,a2_1080p,RitualDance_1920x1080_5994_10bit_420.y4m,1080p,VQ,0,1,60,1.0,71.452939,,,,,2604.984,2604.984,1050.256820102974
full,a2_1080p,RitualDance_1920x1080_5994_10bit_420.y4m,1080p,VQ,0,10,18,1.0,1.594345,,,,,1020.812,1020.812,24817.61561515408
full,a2_1080p,RitualDance_1920x1080_5994_10bit_420.y4m,1080p,VQ,0,10,26,1.0,1.368006,,,,,954.852,954.852,15510.03089218474
full,a2_1080p,RitualDance_1920x1080_5994_10bit_420.y4m,1080p,VQ,0,10,35,1.0,1.28049,,,,,999.789,999.789,8164.238223315147
full,a2_1080p,RitualDance_1920x1080_5994_10bit_420.y4m,1080p,VQ,0,10,44,1.0,1.192113,,,,,997.801,997.801,4130.434488588335
full,a2_1080p,RitualDance_1920x1080_5994_10bit_420.y4m,1080p,VQ,0,10,52,1.0,1.187447,,,,,1024.695,1024.695,2235.893337431799
full,a2_1080p,RitualDance_1920x1080_5994_10bit_420.y4m,1080p,VQ,0,10,60,1.0,1.094589,,,,,993.02,993.02,956.1859678782756
full,a2_1080p,RushFieldCuts_1920x1080_2997.y4m,1080p,MS_SSIM,4,1,18,1.0,66.037459,,,,,1745.242,1745.242,44755.44086682549
full,a2_1080p,RushFieldCuts_1920x1080_2997.y4m,1080p,MS_SSIM,4,1,26,1.0,68.594432,,,,,1765.461,1765.461,22421.324521632218
full,a2_1080p,RushFieldCuts_1920x1080_2997.y4m,1080p,MS_SSIM,4,1,35,1.0,75.206042,,,,,1773.59,1773.59,11463.693229847077
full,a2_1080p,RushFieldCuts_1920x1080_2997.y4m,1080p,MS_SSIM,4,1,44,1.0,95.248535,,,,,1787.172,1787.172,6079.451010527934
full,a2_1080p,RushFieldCuts_1920x1080_2997.y4m,1080p,MS_SSIM,4,1,52,1.0,107.347197,,,,,1792.871,1792.871,3864.9000230538695
full,a2_1080p,RushFieldCuts_1920x1080_2997.y4m,1080p,MS_SSIM,4,1,60,1.0,97.595457,,,,,1765.301,1765.301,2024.8489971566896
full,a2_1080p,RushFieldCuts_1920x1080_2997.y4m,1080p,MS_SSIM,4,10,18,1.0,2.730506,,,,,814.906,814.906,62633.73303619458
full,a2_1080p,RushFieldCuts_1920x1080_2997.y4m,1080p,MS_SSIM,4,10,26,1.0,2.100214,,,,,796.824,796.824,31819.75071082764
full,a2_1080p,RushFieldCuts_1920x1080_2997.y4m,1080p,MS_SSIM,4,10,35,1.0,1.802413,,,,,774.637,774.637,15288.800430338892
full,a2_1080p,RushFieldCuts_1920x1080_2997.y4m,1080p,MS_SSIM,4,10,44,1.0,1.474711,,,,,769.16,769.16,7534.159379082456
full,a2_1080p,RushFieldCuts_1920x1080_2997.y4m,1080p,MS_SSIM,4,10,52,1.0,1.376769,,,,,785.621,785.621,4045.122262353032
full,a2_1080p,RushFieldCuts_1920x1080_2997.y4m,1080p,MS_SSIM,4,10,60,1.0,1.261969,,,,,775.094,775.094,1739.5675094136634
full,a2_1080p,RushFieldCuts_1920x1080_2997.y4m,1080p,PSNR,1,1,18,1.0,60.545609,,,,,1741.473,1741.473,35323.025897179745
full,a2_1080p,RushFieldCuts_1920x1080_2997.y4m,1080p,PSNR,1,1,26,1.0,68.964559,,,,,1749.324,1749.324,17209.16560362714
full,a2_1080p,RushFieldCuts_1920x1080_2997.y4m,1080p,PSNR,1,1,35,1.0,70.350505,,,,,1759.715,1759.715,7250.790440328902
full,a2_1080p,RushFieldCuts_1920x1080_2997.y4m,1080p,PSNR,1,1,44,1.0,80.836466,,,,,1756.82,1756.82,4104.431568431569
full,a2_1080p,RushFieldCuts_1920x1080_2997.y4m,1080p,PSNR,1,1,52,1.0,90.175155,,,,,1754.43,1754.43,2647.666794743718
full,a2_1080p,RushFieldCuts_1920x1080_2997.y4m,1080p,PSNR,1,1,60,1.0,105.819429,,,,,2042.711,2042.711,1335.261661415508
full,a2_1080p,RushFieldCuts_1920x1080_2997.y4m,1080p,PSNR,1,10,18,1.0,2.208762,,,,,800.691,800.691,49160.98732037194
full,a2_1080p,RushFieldCuts_1920x1080_2997.y4m,1080p,PSNR,1,10,26,1.0,1.688403,,,,,771.043,771.043,25295.62560516407
full,a2_1080p,RushFieldCuts_1920x1080_2997.y4m,1080p,PSNR,1,10,35,1.0,1.384546,,,,,761.359,761.359,11124.414047490973
full,a2_1080p,RushFieldCuts_1920x1080_2997.y4m,1080p,PSNR,1,10,44,1.0,1.176063,,,,,755.152,755.152,5176.224390993622
full,a2_1080p,RushFieldCuts_1920x1080_2997.y4m,1080p,PSNR,1,10,52,1.0,1.161453,,,,,736.625,736.625,2658.1498501498504
full,a2_1080p,RushFieldCuts_1920x1080_2997.y4m,1080p,PSNR,1,10,60,1.0,1.070424,,,,,736.535,736.535,1047.7153615615157
full,a2_1080p,RushFieldCuts_1920x1080_2997.y4m,1080p,SSIM,2,1,18,1.0,65.778622,,,,,1805.484,1805.484,33574.0911396296
full,a2_1080p,RushFieldCuts_1920x1080_2997.y4m,1080p,SSIM,2,1,26,1.0,71.290582,,,,,1788.691,1788.691,14581.677399523554
full,a2_1080p,RushFieldCuts_1920x1080_2997.y4m,1080p,SSIM,2,1,35,1.0,70.385885,,,,,1764.492,1764.492,6778.829785599017
full,a2_1080p,RushFieldCuts_1920x1080_2997.y4m,1080p,SSIM,2,1,44,1.0,83.790986,,,,,1757.504,1757.504,3858.3619457465616
full,a2_1080p,RushFieldCuts_1920x1080_2997.y4m,1080p,SSIM,2,1,52,1.0,91.986851,,,,,1770.742,1770.742,2486.94444017521
full,a2_1080p,RushFieldCuts_1920x1080_2997.y4m,1080p,SSIM,2,1,60,1.0,105.493601,,,,,2043.211,2043.211,1253.0607853684776
full,a2_1080p,RushFieldCuts_1920x1080_2997.y4m,1080p,SSIM,2,10,18,1.0,2.205227,,,,,790.316,790.316,48676.66241450857
full,a2_1080p,RushFieldCuts_1920x1080_2997.y4m,1080p,SSIM,2,10,26,1.0,1.689224,,,,,784.383,784.383,23667.79558902636
full,a2_1080p,RushFieldCuts_1920x1080_2997.y4m,1080p,SSIM,2,10,35,1.0,1.368491,,,,,793.359,793.359,10550.892799508185
full,a2_1080p,RushFieldCuts_1920x1080_2997.y4m,1080p,SSIM,2,10,44,1.0,1.269353,,,,,762.57,762.57,4923.858295550604
full,a2_1080p,RushFieldCuts_1920x1080_2997.y4m,1080p,SSIM,2,10,52,1.0,1.17181,,,,,747.781,747.781,2528.404518558365
full,a2_1080p,RushFieldCuts_1920x1080_2997.y4m,1080p,SSIM,2,10,60,1.0,1.065752,,,,,741.52,741.52,996.2757242757244
full,a2_1080p,RushFieldCuts_1920x1080_2997.y4m,1080p,VMAF,5,1,18,1.0,65.466887,,,,,1814.691,1814.691,42715.43717820641
full,a2_1080p,RushFieldCuts_1920x1080_2997.y4m,1080p,VMAF,5,1,26,1.0,76.378879,,,,,1816.926,1816.926,21798.11019749481
full,a2_1080p,RushFieldCuts_1920x1080_2997.y4m,1080p,VMAF,5,1,35,1.0,72.59571,,,,,1789.152,1789.152,7977.776684853608
full,a2_1080p,RushFieldCuts_1920x1080_2997.y4m,1080p,VMAF,5,1,44,1.0,83.512628,,,,,1756.773,1756.773,4316.853607930531
full,a2_1080p,RushFieldCuts_1920x1080_2997.y4m,1080p,VMAF,5,1,52,1.0,94.52622,,,,,1768.348,1768.348,2765.064473987551
full,a2_1080p,RushFieldCuts_1920x1080_2997.y4m,1080p,VMAF,5,1,60,1.0,109.100646,,,,,2083.816,2083.816,1397.9442096365174
full,a2_1080p,RushFieldCuts_1920x1080_2997.y4m,1080p,VMAF,5,10,18,1.0,2.524595,,,,,796.102,796.102,59863.77007607777
full,a2_1080p,RushFieldCuts_1920x1080_2997.y4m,1080p,VMAF,5,10,26,1.0,2.009207,,,,,779.395,779.395,31557.882732651968
full,a2_1080p,RushFieldCuts_1920x1080_2997.y4m,1080p,VMAF,5,10,35,1.0,1.576262,,,,,769.781,769.781,12777.911319449782
full,a2_1080p,RushFieldCuts_1920x1080_2997.y4m,1080p,VMAF,5,10,44,1.0,1.260429,,,,,751.434,751.434,5747.33512641205
full,a2_1080p,RushFieldCuts_1920x1080_2997.y4m,1080p,VMAF,5,10,52,1.0,1.272262,,,,,751.152,751.152,2906.1928840390383
full,a2_1080p,RushFieldCuts_1920x1080_2997.y4m,1080p,VMAF,5,10,60,1.0,1.073819,,,,,753.535,753.535,1129.8996388227158
full,a2_1080p,RushFieldCuts_1920x1080_2997.y4m,1080p,VQ,0,1,18,1.0,58.319268,,,,,1725.824,1725.824,39385.31314839008
full,a2_1080p,RushFieldCuts_1920x1080_2997.y4m,1080p,VQ,0,1,26,1.0,69.659075,,,,,1778.352,1778.352,19756.65134865135
full,a2_1080p,RushFieldCuts_1920x1080_2997.y4m,1080p,VQ,0,1,35,1.0,70.447996,,,,,1761.797,1761.797,7985.834473219089
full,a2_1080p,RushFieldCuts_1920x1080_2997.y4m,1080p,VQ,0,1,44,1.0,81.413311,,,,,1721.391,1721.391,4365.960193652501
full,a2_1080p,RushFieldCuts_1920x1080_2997.y4m,1080p,VQ,0,1,52,1.0,91.409978,,,,,1758.301,1758.301,2774.92784138938
full,a2_1080p,RushFieldCuts_1920x1080_2997.y4m,1080p,VQ,0,1,60,1.0,106.762043,,,,,2017.68,2017.68,1396.385768078076
full,a2_1080p,RushFieldCuts_1920x1080_2997.y4m,1080p,VQ,0,10,18,1.0,2.324827,,,,,785.516,785.516,52188.45646661032
full,a2_1080p,RushFieldCuts_1920x1080_2997.y4m,1080p,VQ,0,10,26,1.0,1.679912,,,,,779.73,779.73,27781.59809421348
full,a2_1080p,RushFieldCuts_1920x1080_2997.y4m,1080p,VQ,0,10,35,1.0,1.370252,,,,,742.375,742.375,12272.50042265427
full,a2_1080p,RushFieldCuts_1920x1080_2997.y4m,1080p,VQ,0,10,44,1.0,1.161425,,,,,738.297,738.297,5815.01206485822
full,a2_1080p,RushFieldCuts_1920x1080_2997.y4m,1080p,VQ,0,10,52,1.0,1.060667,,,,,733.496,733.496,3001.6746330592487
full,a2_1080p,RushFieldCuts_1920x1080_2997.y4m,1080p,VQ,0,10,60,1.0,0.969346,,,,,750.488,750.488,1194.0023053869209
full,a2_1080p,Skater227_1920x1080_30fps.y4m,1080p,MS_SSIM,4,1,18,1.0,47.72457,,,,,2437.324,2437.324,7556.464615384616
full,a2_1080p,Skater227_1920x1080_30fps.y4m,1080p,MS_SSIM,4,1,26,1.0,48.335408,,,,,2357.027,2357.027,4475.383384615385
full,a2_1080p,Skater227_1920x1080_30fps.y4m,1080p,MS_SSIM,4,1,35,1.0,54.365001,,,,,2175.957,2175.957,2581.0836923076927
full,a2_1080p,Skater227_1920x1080_30fps.y4m,1080p,MS_SSIM,4,1,44,1.0,53.85872,,,,,2353.605,2353.605,1408.0523076923075
full,a2_1080p,Skater227_1920x1080_30fps.y4m,1080p,MS_SSIM,4,1,52,1.0,53.447009,,,,,2333.156,2333.156,794.963076923077
full,a2_1080p,Skater227_1920x1080_30fps.y4m,1080p,MS_SSIM,4,1,60,1.0,42.56657,,,,,2348.203,2348.203,386.54769230769233
full,a2_1080p,Skater227_1920x1080_30fps.y4m,1080p,MS_SSIM,4,10,18,1.0,1.687846,,,,,1008.371,1008.371,10779.13107692308
full,a2_1080p,Skater227_1920x1080_30fps.y4m,1080p,MS_SSIM,4,10,26,1.0,1.485593,,,,,974.668,974.668,6490.752
full,a2_1080p,Skater227_1920x1080_30fps.y4m,1080p,MS_SSIM,4,10,35,1.0,1.371761,,,,,1006.77,1006.77,3604.735384615385
full,a2_1080p,Skater227_1920x1080_30fps.y4m,1080p,MS_SSIM,4,10,44,1.0,1.276872,,,,,1011.543,1011.543,1909.5840000000003
full,a2_1080p,Skater227_1920x1080_30fps.y4m,1080p,MS_SSIM,4,10,52,1.0,1.282787,,,,,1006.523,1006.523,1046.350153846154
full,a2_1080p,Skater227_1920x1080_30fps.y4m,1080p,MS_SSIM,4,10,60,1.0,1.193789,,,,,1038.625,1038.625,485.09907692307695
full,a2_1080p,Skater227_1920x1080_30fps.y4m,1080p,PSNR,1,1,18,1.0,42.429668,,,,,2306.641,2306.641,3943.451076923077
full,a2_1080p,Skater227_1920x1080_30fps.y4m,1080p,PSNR,1,1,26,1.0,39.903115,,,,,2310.969,2310.969,2305.3384615384616
full,a2_1080p,Skater227_1920x1080_30fps.y4m,1080p,PSNR,1,1,35,1.0,40.47858,,,,,2231.242,2231.242,1163.4793846153848
full,a2_1080p,Skater227_1920x1080_30fps.y4m,1080p,PSNR,1,1,44,1.0,34.337899,,,,,2343.008,2343.008,604.4935384615385
full,a2_1080p,Skater227_1920x1080_30fps.y4m,1080p,PSNR,1,1,52,1.0,34.46112,,,,,2355.602,2355.602,362.2356923076923
full,a2_1080p,Skater227_1920x1080_30fps.y4m,1080p,PSNR,1,1,60,1.0,42.340914,,,,,2603.238,2603.238,170.46830769230772
full,a2_1080p,Skater227_1920x1080_30fps.y4m,1080p,PSNR,1,10,18,1.0,1.382563,,,,,993.504,993.504,6280.600615384616
full,a2_1080p,Skater227_1920x1080_30fps.y4m,1080p,PSNR,1,10,26,1.0,1.281187,,,,,1001.578,1001.578,3783.4966153846153
full,a2_1080p,Skater227_1920x1080_30fps.y4m,1080p,PSNR,1,10,35,1.0,1.173065,,,,,1032.488,1032.488,1795.4566153846156
full,a2_1080p,Skater227_1920x1080_30fps.y4m,1080p,PSNR,1,10,44,1.0,1.172232,,,,,991.551,991.551,864.3212307692309
full,a2_1080p,Skater227_1920x1080_30fps.y4m,1080p,PSNR,1,10,52,1.0,1.071709,,,,,965.215,965.215,479.11384615384617
full,a2_1080p,Skater227_1920x1080_30fps.y4m,1080p,PSNR,1,10,60,1.0,1.082657,,,,,938.758,938.758,225.24738461538465
full,a2_1080p,Skater227_1920x1080_30fps.y4m,1080p,SSIM,2,1,18,1.0,42.560978,,,,,2415.559,2415.559,3896.062153846154
full,a2_1080p,Skater227_1920x1080_30fps.y4m,1080p,SSIM,2,1,26,1.0,42.563182,,,,,2410.746,2410.746,2274.998769230769
full,a2_1080p,Skater227_1920x1080_30fps.y4m,1080p,SSIM,2,1,35,1.0,41.710271,,,,,2315.043,2315.043,1140.5427692307692
full,a2_1080p,Skater227_1920x1080_30fps.y4m,1080p,SSIM,2,1,44,1.0,34.958841,,,,,2308.688,2308.688,589.3624615384616
full,a2_1080p,Skater227_1920x1080_30fps.y4m,1080p,SSIM,2,1,52,1.0,34.78465,,,,,2323.0,2323.0,353.6418461538462
full,a2_1080p,Skater227_1920x1080_30fps.y4m,1080p,SSIM,2,1,60,1.0,43.121533,,,,,2519.695,2519.695,169.36615384615385
full,a2_1080p,Skater227_1920x1080_30fps.y4m,1080p,SSIM,2,10,18,1.0,1.371629,,,,,989.367,989.367,6222.035076923077
full,a2_1080p,Skater227_1920x1080_30fps.y4m,1080p,SSIM,2,10,26,1.0,1.289452,,,,,1008.516,1008.516,3739.523076923077
full,a2_1080p,Skater227_1920x1080_30fps.y4m,1080p,SSIM,2,10,35,1.0,1.17622,,,,,973.172,973.172,1757.953846153846
full,a2_1080p,Skater227_1920x1080_30fps.y4m,1080p,SSIM,2,10,44,1.0,1.099168,,,,,1020.977,1020.977,841.6467692307692
full,a2_1080p,Skater227_1920x1080_30fps.y4m,1080p,SSIM,2,10,52,1.0,1.184764,,,,,1055.73,1055.73,464.8006153846154
full,a2_1080p,Skater227_1920x1080_30fps.y4m,1080p,SSIM,2,10,60,1.0,1.069514,,,,,1006.664,1006.664,226.41415384615388
full,a2_1080p,Skater227_1920x1080_30fps.y4m,1080p,VMAF,5,1,18,1.0,46.480991,,,,,2364.438,2364.438,4447.661538461539
full,a2_1080p,Skater227_1920x1080_30fps.y4m,1080p,VMAF,5,1,26,1.0,44.655293,,,,,2307.949,2307.949,2526.118153846154
full,a2_1080p,Skater227_1920x1080_30fps.y4m,1080p,VMAF,5,1,35,1.0,40.400375,,,,,2283.984,2283.984,1218.179076923077
full,a2_1080p,Skater227_1920x1080_30fps.y4m,1080p,VMAF,5,1,44,1.0,36.626222,,,,,2215.84,2215.84,618.3526153846153
full,a2_1080p,Skater227_1920x1080_30fps.y4m,1080p,VMAF,5,1,52,1.0,35.818679,,,,,2277.832,2277.832,363.6073846153846
full,a2_1080p,Skater227_1920x1080_30fps.y4m,1080p,VMAF,5,1,60,1.0,43.518752,,,,,2621.762,2621.762,170.96861538461542
full,a2_1080p,Skater227_1920x1080_30fps.y4m,1080p,VMAF,5,10,18,1.0,1.498147,,,,,1004.605,1004.605,7355.233846153847
full,a2_1080p,Skater227_1920x1080_30fps.y4m,1080p,VMAF,5,10,26,1.0,1.38638,,,,,1022.906,1022.906,4277.96676923077
full,a2_1080p,Skater227_1920x1080_30fps.y4m,1080p,VMAF,5,10,35,1.0,1.27954,,,,,975.117,975.117,1949.036307692308
full,a2_1080p,Skater227_1920x1080_30fps.y4m,1080p,VMAF,5,10,44,1.0,1.166714,,,,,1005.852,1005.852,919.5489230769232
full,a2_1080p,Skater227_1920x1080_30fps.y4m,1080p,VMAF,5,10,52,1.0,1.187544,,,,,1015.184,1015.184,501.9729230769231
full,a2_1080p,Skater227_1920x1080_30fps.y4m,1080p,VMAF,5,10,60,1.0,1.094736,,,,,996.688,996.688,232.28676923076924
full,a2_1080p,Skater227_1920x1080_30fps.y4m,1080p,VQ,0,1,18,1.0,35.365517,,,,,2192.984,2192.984,4048.2978461538464
full,a2_1080p,Skater227_1920x1080_30fps.y4m,1080p,VQ,0,1,26,1.0,36.732619,,,,,2397.5,2397.5,2346.995076923077
full,a2_1080p,Skater227_1920x1080_30fps.y4m,1080p,VQ,0,1,35,1.0,35.831612,,,,,2306.574,2306.574,1171.5729230769232
full,a2_1080p,Skater227_1920x1080_30fps.y4m,1080p,VQ,0,1,44,1.0,30.750992,,,,,2273.934,2273.934,606.2012307692308
full,a2_1080p,Skater227_1920x1080_30fps.y4m,1080p,VQ,0,1,52,1.0,30.343968,,,,,2232.238,2232.238,365.1083076923077
full,a2_1080p,Skater227_1920x1080_30fps.y4m,1080p,VQ,0,1,60,1.0,38.471809,,,,,2645.109,2645.109,171.1846153846154
full,a2_1080p,Skater227_1920x1080_30fps.y4m,1080p,VQ,0,10,18,1.0,1.393311,,,,,997.551,997.551,6538.438153846154
full,a2_1080p,Skater227_1920x1080_30fps.y4m,1080p,VQ,0,10,26,1.0,1.281426,,,,,1042.758,1042.758,3941.798769230769
full,a2_1080p,Skater227_1920x1080_30fps.y4m,1080p,VQ,0,10,35,1.0,1.184127,,,,,983.219,983.219,1872.081230769231
full,a2_1080p,Skater227_1920x1080_30fps.y4m,1080p,VQ,0,10,44,1.0,1.078537,,,,,984.012,984.012,906.9452307692308
full,a2_1080p,Skater227_1920x1080_30fps.y4m,1080p,VQ,0,10,52,1.0,1.083268,,,,,987.484,987.484,501.5852307692308
full,a2_1080p,Skater227_1920x1080_30fps.y4m,1080p,VQ,0,10,60,1.0,0.952836,,,,,973.684,973.684,233.82276923076924
full,a2_1080p,ToddlerFountain_1920x1080_2997fps_10bit_420.y4m,1080p,MS_SSIM,4,1,18,1.0,130.147553,,,,,2395.625,2395.625,78532.02059478984
full,a2_1080p,ToddlerFountain_1920x1080_2997fps_10bit_420.y4m,1080p,MS_SSIM,4,1,26,1.0,145.850655,,,,,2377.359,2377.359,53894.09974640744
full,a2_1080p,ToddlerFountain_1920x1080_2997fps_10bit_420.y4m,1080p,MS_SSIM,4,1,35,1.0,133.696522,,,,,2250.789,2250.789,32324.881272573584
full,a2_1080p,ToddlerFountain_1920x1080_2997fps_10bit_420.y4m,1080p,MS_SSIM,4,1,44,1.0,127.993546,,,,,2452.367,2452.367,15790.541151156538
full,a2_1080p,ToddlerFountain_1920x1080_2997fps_10bit_420.y4m,1080p,MS_SSIM,4,1,52,1.0,167.052915,,,,,2449.59,2449.59,7719.848151848152
full,a2_1080p,ToddlerFountain_1920x1080_2997fps_10bit_420.y4m,1080p,MS_SSIM,4,1,60,1.0,164.317757,,,,,2425.668,2425.668,3077.7505571351726
full,a2_1080p,ToddlerFountain_1920x1080_2997fps_10bit_420.y4m,1080p,MS_SSIM,4,10,18,1.0,3.802752,,,,,1043.512,1043.512,96547.87796818568
full,a2_1080p,ToddlerFountain_1920x1080_2997fps_10bit_420.y4m,1080p,MS_SSIM,4,10,26,1.0,3.467073,,,,,1031.117,1031.117,67500.05625144087
full,a2_1080p,ToddlerFountain_1920x1080_2997fps_10bit_420.y4m,1080p,MS_SSIM,4,10,35,1.0,3.169915,,,,,1032.398,1032.398,41081.04695304696
full,a2_1080p,ToddlerFountain_1920x1080_2997fps_10bit_420.y4m,1080p,MS_SSIM,4,10,44,1.0,2.528308,,,,,1012.293,1012.293,20625.94451702144
full,a2_1080p,ToddlerFountain_1920x1080_2997fps_10bit_420.y4m,1080p,MS_SSIM,4,10,52,1.0,2.21246,,,,,1057.773,1057.773,9424.949204641514
full,a2_1080p,ToddlerFountain_1920x1080_2997fps_10bit_420.y4m,1080p,MS_SSIM,4,10,60,1.0,1.700603,,,,,1046.707,1046.707,3178.1805886421275
full,a2_1080p,ToddlerFountain_1920x1080_2997fps_10bit_420.y4m,1080p,PSNR,1,1,18,1.0,130.436907,,,,,2224.23,2224.23,62518.30139091678
full,a2_1080p,ToddlerFountain_1920x1080_2997fps_10bit_420.y4m,1080p,PSNR,1,1,26,1.0,128.457686,,,,,2287.73,2287.73,39522.22177822178
full,a2_1080p,ToddlerFountain_1920x1080_2997fps_10bit_420.y4m,1080p,PSNR,1,1,35,1.0,125.946929,,,,,2358.117,2358.117,20185.995542918623
full,a2_1080p,ToddlerFountain_1920x1080_2997fps_10bit_420.y4m,1080p,PSNR,1,1,44,1.0,123.876099,,,,,2312.867,2312.867,9178.650887573966
full,a2_1080p,ToddlerFountain_1920x1080_2997fps_10bit_420.y4m,1080p,PSNR,1,1,52,1.0,132.441838,,,,,2455.875,2455.875,4413.152386075463
full,a2_1080p,ToddlerFountain_1920x1080_2997fps_10bit_420.y4m,1080p,PSNR,1,1,60,1.0,138.087078,,,,,2658.59,2658.59,1532.8923384308
full,a2_1080p,ToddlerFountain_1920x1080_2997fps_10bit_420.y4m,1080p,PSNR,1,10,18,1.0,3.364131,,,,,1014.965,1014.965,85814.60508722048
full,a2_1080p,ToddlerFountain_1920x1080_2997fps_10bit_420.y4m,1080p,PSNR,1,10,26,1.0,2.83976,,,,,1049.434,1049.434,56718.204257281184
full,a2_1080p,ToddlerFountain_1920x1080_2997fps_10bit_420.y4m,1080p,PSNR,1,10,35,1.0,2.429372,,,,,1029.824,1029.824,28746.915238607548
full,a2_1080p,ToddlerFountain_1920x1080_2997fps_10bit_420.y4m,1080p,PSNR,1,10,44,1.0,1.809768,,,,,1026.52,1026.52,12655.976638745871
full,a2_1080p,ToddlerFountain_1920x1080_2997fps_10bit_420.y4m,1080p,PSNR,1,10,52,1.0,1.582107,,,,,1046.723,1046.723,5498.24083608699
full,a2_1080p,ToddlerFountain_1920x1080_2997fps_10bit_420.y4m,1080p,PSNR,1,10,60,1.0,1.298276,,,,,1068.758,1068.758,1759.8032736494276
full,a2_1080p,ToddlerFountain_1920x1080_2997fps_10bit_420.y4m,1080p,SSIM,2,1,18,1.0,130.790084,,,,,2289.699,2289.699,62284.80258203336
full,a2_1080p,ToddlerFountain_1920x1080_2997fps_10bit_420.y4m,1080p,SSIM,2,1,26,1.0,132.371597,,,,,2321.926,2321.926,39155.87550910628
full,a2_1080p,ToddlerFountain_1920x1080_2997fps_10bit_420.y4m,1080p,SSIM,2,1,35,1.0,130.715017,,,,,2339.344,2339.344,19818.515023438104
full,a2_1080p,ToddlerFountain_1920x1080_2997fps_10bit_420.y4m,1080p,SSIM,2,1,44,1.0,131.303074,,,,,2253.367,2253.367,8803.110735418428
full,a2_1080p,ToddlerFountain_1920x1080_2997fps_10bit_420.y4m,1080p,SSIM,2,1,52,1.0,137.459817,,,,,2319.75,2319.75,4149.3294397909785
full,a2_1080p,ToddlerFountain_1920x1080_2997fps_10bit_420.y4m,1080p,SSIM,2,1,60,1.0,141.760974,,,,,2756.746,2756.746,1435.5736571121188
full,a2_1080p,ToddlerFountain_1920x1080_2997fps_10bit_420.y4m,1080p,SSIM,2,10,18,1.0,3.302827,,,,,1029.297,1029.297,85997.42227003767
full,a2_1080p,ToddlerFountain_1920x1080_2997fps_10bit_420.y4m,1080p,SSIM,2,10,26,1.0,2.828172,,,,,1010.758,1010.758,56484.01936525014
full,a2_1080p,ToddlerFountain_1920x1080_2997fps_10bit_420.y4m,1080p,SSIM,2,10,35,1.0,2.32099,,,,,1000.25,1000.25,28042.68224083609
full,a2_1080p,ToddlerFountain_1920x1080_2997fps_10bit_420.y4m,1080p,SSIM,2,10,44,1.0,1.788232,,,,,1023.609,1023.609,12128.172135556752
full,a2_1080p,ToddlerFountain_1920x1080_2997fps_10bit_420.y4m,1080p,SSIM,2,10,52,1.0,1.579258,,,,,1060.746,1060.746,5177.28855759625
full,a2_1080p,ToddlerFountain_1920x1080_2997fps_10bit_420.y4m,1080p,SSIM,2,10,60,1.0,1.384649,,,,,1079.102,1079.102,1703.9446707139016
full,a2_1080p,ToddlerFountain_1920x1080_2997fps_10bit_420.y4m,1080p,VMAF,5,1,18,1.0,134.535119,,,,,2292.168,2292.168,68758.27557058327
full,a2_1080p,ToddlerFountain_1920x1080_2997fps_10bit_420.y4m,1080p,VMAF,5,1,26,1.0,133.277775,,,,,2315.32,2315.32,43505.07830630908
full,a2_1080p,ToddlerFountain_1920x1080_2997fps_10bit_420.y4m,1080p,VMAF,5,1,35,1.0,129.987278,,,,,2249.242,2249.242,22002.00783831553
full,a2_1080p,ToddlerFountain_1920x1080_2997fps_10bit_420.y4m,1080p,VMAF,5,1,44,1.0,127.630366,,,,,2428.535,2428.535,9861.914085914086
full,a2_1080p,ToddlerFountain_1920x1080_2997fps_10bit_420.y4m,1080p,VMAF,5,1,52,1.0,131.21744,,,,,2528.309,2528.309,4617.588565280873
full,a2_1080p,ToddlerFountain_1920x1080_2997fps_10bit_420.y4m,1080p,VMAF,5,1,60,1.0,134.393338,,,,,2754.766,2754.766,1587.050487973565
full,a2_1080p,ToddlerFountain_1920x1080_2997fps_10bit_420.y4m,1080p,VMAF,5,10,18,1.0,3.580106,,,,,1029.598,1029.598,93732.7220471836
full,a2_1080p,ToddlerFountain_1920x1080_2997fps_10bit_420.y4m,1080p,VMAF,5,10,26,1.0,2.949317,,,,,995.074,995.074,62169.289787135946
full,a2_1080p,ToddlerFountain_1920x1080_2997fps_10bit_420.y4m,1080p,VMAF,5,10,35,1.0,2.520931,,,,,1012.875,1012.875,31692.98209482825
full,a2_1080p,ToddlerFountain_1920x1080_2997fps_10bit_420.y4m,1080p,VMAF,5,10,44,1.0,1.886818,,,,,1041.844,1041.844,13775.7178206409
full,a2_1080p,ToddlerFountain_1920x1080_2997fps_10bit_420.y4m,1080p,VMAF,5,10,52,1.0,1.695013,,,,,1048.961,1048.961,5884.6863905325445
full,a2_1080p,ToddlerFountain_1920x1080_2997fps_10bit_420.y4m,1080p,VMAF,5,10,60,1.0,1.489752,,,,,1008.645,1008.645,1841.7975870283565
full,a2_1080p,ToddlerFountain_1920x1080_2997fps_10bit_420.y4m,1080p,VQ,0,1,18,1.0,124.761654,,,,,2402.66,2402.66,63748.21240298164
full,a2_1080p,ToddlerFountain_1920x1080_2997fps_10bit_420.y4m,1080p,VQ,0,1,26,1.0,125.240662,,,,,2085.004,2085.004,40414.54483977561
full,a2_1080p,ToddlerFountain_1920x1080_2997fps_10bit_420.y4m,1080p,VQ,0,1,35,1.0,122.629702,,,,,2269.492,2269.492,20716.02797202797
full,a2_1080p,ToddlerFountain_1920x1080_2997fps_10bit_420.y4m,1080p,VQ,0,1,44,1.0,120.613772,,,,,2297.797,2297.797,9477.952816414356
full,a2_1080p,ToddlerFountain_1920x1080_2997fps_10bit_420.y4m,1080p,VQ,0,1,52,1.0,120.192996,,,,,2308.402,2308.402,4445.60485668178
full,a2_1080p,ToddlerFountain_1920x1080_2997fps_10bit_420.y4m,1080p,VQ,0,1,60,1.0,130.965569,,,,,2546.328,2546.328,1537.672788749712
full,a2_1080p,ToddlerFountain_1920x1080_2997fps_10bit_420.y4m,1080p,VQ,0,10,18,1.0,3.371354,,,,,988.137,988.137,87128.77153615616
full,a2_1080p,ToddlerFountain_1920x1080_2997fps_10bit_420.y4m,1080p,VQ,0,10,26,1.0,2.853618,,,,,1016.535,1016.535,57916.817336509645
full,a2_1080p,ToddlerFountain_1920x1080_2997fps_10bit_420.y4m,1080p,VQ,0,10,35,1.0,2.221874,,,,,982.457,982.457,29903.11657573196
full,a2_1080p,ToddlerFountain_1920x1080_2997fps_10bit_420.y4m,1080p,VQ,0,10,44,1.0,1.785716,,,,,1023.809,1023.809,13383.938523015448
full,a2_1080p,ToddlerFountain_1920x1080_2997fps_10bit_420.y4m,1080p,VQ,0,10,52,1.0,1.578355,,,,,973.684,973.684,6018.306616460463
full,a2_1080p,ToddlerFountain_1920x1080_2997fps_10bit_420.y4m,1080p,VQ,0,10,60,1.0,1.274257,,,,,1014.648,1014.648,1922.318297087528
full,a2_1080p,TreesAndGrass_1920_1080_30fps_8bit.y4m,1080p,MS_SSIM,4,1,18,1.0,90.546868,,,,,1817.207,1817.207,79613.94276923077
full,a2_1080p,TreesAndGrass_1920_1080_30fps_8bit.y4m,1080p,MS_SSIM,4,1,26,1.0,109.042139,,,,,1781.113,1781.113,49951.43630769231
full,a2_1080p,TreesAndGrass_1920_1080_30fps_8bit.y4m,1080p,MS_SSIM,4,1,35,1.0,97.363305,,,,,1796.18,1796.18,21345.171692307693
full,a2_1080p,TreesAndGrass_1920_1080_30fps_8bit.y4m,1080p,MS_SSIM,4,1,44,1.0,99.405071,,,,,1796.68,1796.68,10952.230153846154
full,a2_1080p,TreesAndGrass_1920_1080_30fps_8bit.y4m,1080p,MS_SSIM,4,1,52,1.0,109.748842,,,,,1807.102,1807.102,6724.672615384616
full,a2_1080p,TreesAndGrass_1920_1080_30fps_8bit.y4m,1080p,MS_SSIM,4,1,60,1.0,112.06737,,,,,1773.668,1773.668,3149.04
full,a2_1080p,TreesAndGrass_1920_1080_30fps_8bit.y4m,1080p,MS_SSIM,4,10,18,1.0,3.373631,,,,,812.32,812.32,104454.24369230767
full,a2_1080p,TreesAndGrass_1920_1080_30fps_8bit.y4m,1080p,MS_SSIM,4,10,26,1.0,2.832042,,,,,804.934,804.934,72742.81846153847
full,a2_1080p,TreesAndGrass_1920_1080_30fps_8bit.y4m,1080p,MS_SSIM,4,10,35,1.0,2.307907,,,,,785.445,785.445,38694.6036923077
full,a2_1080p,TreesAndGrass_1920_1080_30fps_8bit.y4m,1080p,MS_SSIM,4,10,44,1.0,1.90217,,,,,794.914,794.914,20694.168
full,a2_1080p,TreesAndGrass_1920_1080_30fps_8bit.y4m,1080p,MS_SSIM,4,10,52,1.0,1.705595,,,,,779.559,779.559,11203.163076923078
full,a2_1080p,TreesAndGrass_1920_1080_30fps_8bit.y4m,1080p,MS_SSIM,4,10,60,1.0,1.495121,,,,,764.523,764.523,3916.305230769231
full,a2_1080p,TreesAndGrass_1920_1080_30fps_8bit.y4m,1080p,PSNR,1,1,18,1.0,99.159417,,,,,1809.641,1809.641,71110.8
full,a2_1080p,TreesAndGrass_1920_1080_30fps_8bit.y4m,1080p,PSNR,1,1,26,1.0,112.37889,,,,,1747.754,1747.754,43485.68307692308
full,a2_1080p,TreesAndGrass_1920_1080_30fps_8bit.y4m,1080p,PSNR,1,1,35,1.0,107.70962,,,,,1762.586,1762.586,19146.92861538461
full,a2_1080p,TreesAndGrass_1920_1080_30fps_8bit.y4m,1080p,PSNR,1,1,44,1.0,96.174205,,,,,1753.973,1753.973,9487.883076923075
full,a2_1080p,TreesAndGrass_1920_1080_30fps_8bit.y4m,1080p,PSNR,1,1,52,1.0,105.032853,,,,,1795.25,1795.25,5843.220923076924
full,a2_1080p,TreesAndGrass_1920_1080_30fps_8bit.y4m,1080p,PSNR,1,1,60,1.0,123.563479,,,,,2068.641,2068.641,2654.505230769231
full,a2_1080p,TreesAndGrass_1920_1080_30fps_8bit.y4m,1080p,PSNR,1,10,18,1.0,3.182947,,,,,820.801,820.801,107978.85415384616
full,a2_1080p,TreesAndGrass_1920_1080_30fps_8bit.y4m,1080p,PSNR,1,10,26,1.0,2.629826,,,,,808.73,808.73,75132.77723076924
full,a2_1080p,TreesAndGrass_1920_1080_30fps_8bit.y4m,1080p,PSNR,1,10,35,1.0,2.094324,,,,,775.766,775.766,39199.18707692308
full,a2_1080p,TreesAndGrass_1920_1080_30fps_8bit.y4m,1080p,PSNR,1,10,44,1.0,1.697465,,,,,770.43,770.43,20179.03753846154
full,a2_1080p,TreesAndGrass_1920_1080_30fps_8bit.y4m,1080p,PSNR,1,10,52,1.0,1.476936,,,,,753.387,753.387,10404.803076923075
full,a2_1080p,TreesAndGrass_1920_1080_30fps_8bit.y4m,1080p,PSNR,1,10,60,1.0,1.173156,,,,,764.184,764.184,3302.599384615385
full,a2_1080p,TreesAndGrass_1920_1080_30fps_8bit.y4m,1080p,SSIM,2,1,18,1.0,97.482874,,,,,1800.941,1800.941,70082.4313846154
full,a2_1080p,TreesAndGrass_1920_1080_30fps_8bit.y4m,1080p,SSIM,2,1,26,1.0,116.209917,,,,,1765.336,1765.336,41751.31938461538
full,a2_1080p,TreesAndGrass_1920_1080_30fps_8bit.y4m,1080p,SSIM,2,1,35,1.0,109.994578,,,,,1777.969,1777.969,17429.62707692308
full,a2_1080p,TreesAndGrass_1920_1080_30fps_8bit.y4m,1080p,SSIM,2,1,44,1.0,99.273669,,,,,1763.84,1763.84,8591.187692307692
full,a2_1080p,TreesAndGrass_1920_1080_30fps_8bit.y4m,1080p,SSIM,2,1,52,1.0,108.695418,,,,,1766.957,1766.957,5350.497230769231
full,a2_1080p,TreesAndGrass_1920_1080_30fps_8bit.y4m,1080p,SSIM,2,1,60,1.0,124.938878,,,,,2043.305,2043.305,2449.9864615384613
full,a2_1080p,TreesAndGrass_1920_1080_30fps_8bit.y4m,1080p,SSIM,2,10,18,1.0,3.264154,,,,,819.711,819.711,108299.96307692309
full,a2_1080p,TreesAndGrass_1920_1080_30fps_8bit.y4m,1080p,SSIM,2,10,26,1.0,2.616072,,,,,815.754,815.754,75049.18707692309
full,a2_1080p,TreesAndGrass_1920_1080_30fps_8bit.y4m,1080p,SSIM,2,10,35,1.0,2.102277,,,,,787.723,787.723,38353.67261538462
full,a2_1080p,TreesAndGrass_1920_1080_30fps_8bit.y4m,1080p,SSIM,2,10,44,1.0,1.79967,,,,,804.523,804.523,19523.436923076923
full,a2_1080p,TreesAndGrass_1920_1080_30fps_8bit.y4m,1080p,SSIM,2,10,52,1.0,1.487551,,,,,773.543,773.543,9924.409846153843
full,a2_1080p,TreesAndGrass_1920_1080_30fps_8bit.y4m,1080p,SSIM,2,10,60,1.0,1.271697,,,,,752.539,752.539,3095.529230769231
full,a2_1080p,TreesAndGrass_1920_1080_30fps_8bit.y4m,1080p,VMAF,5,1,18,1.0,98.064452,,,,,1810.414,1810.414,73267.25169230769
full,a2_1080p,TreesAndGrass_1920_1080_30fps_8bit.y4m,1080p,VMAF,5,1,26,1.0,115.09407,,,,,1789.777,1789.777,44807.772923076926
full,a2_1080p,TreesAndGrass_1920_1080_30fps_8bit.y4m,1080p,VMAF,5,1,35,1.0,108.952362,,,,,1756.84,1756.84,19675.116923076923
full,a2_1080p,TreesAndGrass_1920_1080_30fps_8bit.y4m,1080p,VMAF,5,1,44,1.0,99.601443,,,,,1758.441,1758.441,9645.39876923077
full,a2_1080p,TreesAndGrass_1920_1080_30fps_8bit.y4m,1080p,VMAF,5,1,52,1.0,106.879456,,,,,1763.508,1763.508,6018.716307692308
full,a2_1080p,TreesAndGrass_1920_1080_30fps_8bit.y4m,1080p,VMAF,5,1,60,1.0,127.572626,,,,,2049.406,2049.406,2788.980923076924
full,a2_1080p,TreesAndGrass_1920_1080_30fps_8bit.y4m,1080p,VMAF,5,10,18,1.0,3.269702,,,,,822.016,822.016,110849.65107692308
full,a2_1080p,TreesAndGrass_1920_1080_30fps_8bit.y4m,1080p,VMAF,5,10,26,1.0,2.730606,,,,,803.156,803.156,77236.98646153846
full,a2_1080p,TreesAndGrass_1920_1080_30fps_8bit.y4m,1080p,VMAF,5,10,35,1.0,2.210732,,,,,784.195,784.195,40344.34707692308
full,a2_1080p,TreesAndGrass_1920_1080_30fps_8bit.y4m,1080p,VMAF,5,10,44,1.0,1.807794,,,,,793.922,793.922,20764.25723076923
full,a2_1080p,TreesAndGrass_1920_1080_30fps_8bit.y4m,1080p,VMAF,5,10,52,1.0,1.595366,,,,,763.152,763.152,10849.851692307691
full,a2_1080p,TreesAndGrass_1920_1080_30fps_8bit.y4m,1080p,VMAF,5,10,60,1.0,1.286927,,,,,787.859,787.859,3527.9187692307696
full,a2_1080p,TreesAndGrass_1920_1080_30fps_8bit.y4m,1080p,VQ,0,1,18,1.0,94.222534,,,,,1807.902,1807.902,71731.19815384616
full,a2_1080p,TreesAndGrass_1920_1080_30fps_8bit.y4m,1080p,VQ,0,1,26,1.0,108.095587,,,,,1735.273,1735.273,43805.53846153846
full,a2_1080p,TreesAndGrass_1920_1080_30fps_8bit.y4m,1080p,VQ,0,1,35,1.0,104.03143,,,,,1763.762,1763.762,19233.75138461539
full,a2_1080p,TreesAndGrass_1920_1080_30fps_8bit.y4m,1080p,VQ,0,1,44,1.0,94.28765,,,,,1727.207,1727.207,9579.666461538462
full,a2_1080p,TreesAndGrass_1920_1080_30fps_8bit.y4m,1080p,VQ,0,1,52,1.0,103.328127,,,,,1731.395,1731.395,6001.667076923077
full,a2_1080p,TreesAndGrass_1920_1080_30fps_8bit.y4m,1080p,VQ,0,1,60,1.0,119.200785,,,,,2012.879,2012.879,2773.5784615384614
full,a2_1080p,TreesAndGrass_1920_1080_30fps_8bit.y4m,1080p,VQ,0,10,18,1.0,3.162809,,,,,816.848,816.848,108271.28861538462
full,a2_1080p,TreesAndGrass_1920_1080_30fps_8bit.y4m,1080p,VQ,0,10,26,1.0,2.637767,,,,,810.645,810.645,75364.37538461538
full,a2_1080p,TreesAndGrass_1920_1080_30fps_8bit.y4m,1080p,VQ,0,10,35,1.0,1.995415,,,,,782.898,782.898,39503.50523076923
full,a2_1080p,TreesAndGrass_1920_1080_30fps_8bit.y4m,1080p,VQ,0,10,44,1.0,1.574566,,,,,765.949,765.949,20439.882461538466
full,a2_1080p,TreesAndGrass_1920_1080_30fps_8bit.y4m,1080p,VQ,0,10,52,1.0,1.470559,,,,,797.699,797.699,10644.07753846154
full,a2_1080p,TreesAndGrass_1920_1080_30fps_8bit.y4m,1080p,VQ,0,10,60,1.0,1.165504,,,,,744.848,744.848,3449.9926153846154
full,a2_1080p,TunnelFlag_1920x1080_5994_10bit_420.y4m,1080p,MS_SSIM,4,1,18,1.0,60.268892,,,,,2353.055,2353.055,40712.98916468147
full,a2_1080p,TunnelFlag_1920x1080_5994_10bit_420.y4m,1080p,MS_SSIM,4,1,26,1.0,69.476142,,,,,2170.898,2170.898,25941.72227772228
full,a2_1080p,TunnelFlag_1920x1080_5994_10bit_420.y4m,1080p,MS_SSIM,4,1,35,1.0,85.969049,,,,,2300.23,2300.23,15901.452393760086
full,a2_1080p,TunnelFlag_1920x1080_5994_10bit_420.y4m,1080p,MS_SSIM,4,1,44,1.0,105.551908,,,,,2488.688,2488.688,9748.691923461154
full,a2_1080p,TunnelFlag_1920x1080_5994_10bit_420.y4m,1080p,MS_SSIM,4,1,52,1.0,113.331226,,,,,2466.332,2466.332,6329.651886574964
full,a2_1080p,TunnelFlag_1920x1080_5994_10bit_420.y4m,1080p,MS_SSIM,4,1,60,1.0,101.22064,,,,,2260.91,2260.91,3379.2435257050647
full,a2_1080p,TunnelFlag_1920x1080_5994_10bit_420.y4m,1080p,MS_SSIM,4,10,18,1.0,3.120875,,,,,1021.762,1021.762,70125.79051717513
full,a2_1080p,TunnelFlag_1920x1080_5994_10bit_420.y4m,1080p,MS_SSIM,4,10,26,1.0,2.682033,,,,,1000.172,1000.172,40924.44294167371
full,a2_1080p,TunnelFlag_1920x1080_5994_10bit_420.y4m,1080p,MS_SSIM,4,10,35,1.0,2.558131,,,,,989.777,989.777,21171.24229616537
full,a2_1080p,TunnelFlag_1920x1080_5994_10bit_420.y4m,1080p,MS_SSIM,4,10,44,1.0,2.486444,,,,,974.227,974.227,11413.01898101898
full,a2_1080p,TunnelFlag_1920x1080_5994_10bit_420.y4m,1080p,MS_SSIM,4,10,52,1.0,2.264885,,,,,1003.094,1003.094,6730.612157073696
full,a2_1080p,TunnelFlag_1920x1080_5994_10bit_420.y4m,1080p,MS_SSIM,4,10,60,1.0,2.170044,,,,,1020.012,1020.012,3262.29954660724
full,a2_1080p,TunnelFlag_1920x1080_5994_10bit_420.y4m,1080p,PSNR,1,1,18,1.0,58.102103,,,,,2317.969,2317.969,32297.367862906325
full,a2_1080p,TunnelFlag_1920x1080_5994_10bit_420.y4m,1080p,PSNR,1,1,26,1.0,68.314336,,,,,2435.336,2435.336,19921.39060939061
full,a2_1080p,TunnelFlag_1920x1080_5994_10bit_420.y4m,1080p,PSNR,1,1,35,1.0,77.337161,,,,,2334.945,2334.945,11647.548758933375
full,a2_1080p,TunnelFlag_1920x1080_5994_10bit_420.y4m,1080p,PSNR,1,1,44,1.0,83.980897,,,,,2256.242,2256.242,6889.812956274495
full,a2_1080p,TunnelFlag_1920x1080_5994_10bit_420.y4m,1080p,PSNR,1,1,52,1.0,93.710403,,,,,2360.355,2360.355,4436.744793667871
full,a2_1080p,TunnelFlag_1920x1080_5994_10bit_420.y4m,1080p,PSNR,1,1,60,1.0,95.412027,,,,,2685.863,2685.863,2382.799969261508
full,a2_1080p,TunnelFlag_1920x1080_5994_10bit_420.y4m,1080p,PSNR,1,10,18,1.0,2.810942,,,,,1000.453,1000.453,58432.08237915931
full,a2_1080p,TunnelFlag_1920x1080_5994_10bit_420.y4m,1080p,PSNR,1,10,26,1.0,2.477076,,,,,986.492,986.492,34769.432413740105
full,a2_1080p,TunnelFlag_1920x1080_5994_10bit_420.y4m,1080p,PSNR,1,10,35,1.0,2.250659,,,,,989.801,989.801,17302.216552678092
full,a2_1080p,TunnelFlag_1920x1080_5994_10bit_420.y4m,1080p,PSNR,1,10,44,1.0,2.099119,,,,,981.129,981.129,8529.736110043803
full,a2_1080p,TunnelFlag_1920x1080_5994_10bit_420.y4m,1080p,PSNR,1,10,52,1.0,2.095111,,,,,981.645,981.645,4880.478290939829
full,a2_1080p,TunnelFlag_1920x1080_5994_10bit_420.y4m,1080p,PSNR,1,10,60,1.0,1.976701,,,,,1056.48,1056.48,2428.0888342426806
full,a2_1080p,TunnelFlag_1920x1080_5994_10bit_420.y4m,1080p,SSIM,2,1,18,1.0,59.206245,,,,,2294.148,2294.148,29649.38937985092
full,a2_1080p,TunnelFlag_1920x1080_5994_10bit_420.y4m,1080p,SSIM,2,1,26,1.0,65.670669,,,,,2225.867,2225.867,18415.37908245601
full,a2_1080p,TunnelFlag_1920x1080_5994_10bit_420.y4m,1080p,SSIM,2,1,35,1.0,78.858074,,,,,2236.488,2236.488,10797.66141550757
full,a2_1080p,TunnelFlag_1920x1080_5994_10bit_420.y4m,1080p,SSIM,2,1,44,1.0,88.293971,,,,,2318.656,2318.656,6430.594636133098
full,a2_1080p,TunnelFlag_1920x1080_5994_10bit_420.y4m,1080p,SSIM,2,1,52,1.0,97.799393,,,,,2324.879,2324.879,4169.792054099747
full,a2_1080p,TunnelFlag_1920x1080_5994_10bit_420.y4m,1080p,SSIM,2,1,60,1.0,98.888492,,,,,2765.059,2765.059,2247.9624990394223
full,a2_1080p,TunnelFlag_1920x1080_5994_10bit_420.y4m,1080p,SSIM,2,10,18,1.0,2.797252,,,,,979.051,979.051,56250.039191577656
full,a2_1080p,TunnelFlag_1920x1080_5994_10bit_420.y4m,1080p,SSIM,2,10,26,1.0,2.467421,,,,,989.805,989.805,33148.457696150006
full,a2_1080p,TunnelFlag_1920x1080_5994_10bit_420.y4m,1080p,SSIM,2,10,35,1.0,2.276908,,,,,973.859,973.859,16253.23968339353
full,a2_1080p,TunnelFlag_1920x1080_5994_10bit_420.y4m,1080p,SSIM,2,10,44,1.0,2.214256,,,,,998.832,998.832,7988.346422807962
full,a2_1080p,TunnelFlag_1920x1080_5994_10bit_420.y4m,1080p,SSIM,2,10,52,1.0,2.101432,,,,,944.93,944.93,4586.310919849382
full,a2_1080p,TunnelFlag_1920x1080_5994_10bit_420.y4m,1080p,SSIM,2,10,60,1.0,2.079708,,,,,1058.965,1058.965,2312.542841773611
full,a2_1080p,TunnelFlag_1920x1080_5994_10bit_420.y4m,1080p,VMAF,5,1,18,1.0,63.830117,,,,,2285.734,2285.734,37081.63959117805
full,a2_1080p,TunnelFlag_1920x1080_5994_10bit_420.y4m,1080p,VMAF,5,1,26,1.0,71.102952,,,,,2407.453,2407.453,21896.712518250984
full,a2_1080p,TunnelFlag_1920x1080_5994_10bit_420.y4m,1080p,VMAF,5,1,35,1.0,84.717324,,,,,2441.609,2441.609,12607.69261507723
full,a2_1080p,TunnelFlag_1920x1080_5994_10bit_420.y4m,1080p,VMAF,5,1,44,1.0,94.714136,,,,,2361.062,2361.062,7415.540766925383
full,a2_1080p,TunnelFlag_1920x1080_5994_10bit_420.y4m,1080p,VMAF,5,1,52,1.0,105.374132,,,,,2271.859,2271.859,4730.587566279874
full,a2_1080p,TunnelFlag_1920x1080_5994_10bit_420.y4m,1080p,VMAF,5,1,60,1.0,100.894249,,,,,2820.828,2820.828,2505.262122492892
full,a2_1080p,TunnelFlag_1920x1080_5994_10bit_420.y4m,1080p,VMAF,5,10,18,1.0,2.634281,,,,,1022.047,1022.047,69926.84853607931
full,a2_1080p,TunnelFlag_1920x1080_5994_10bit_420.y4m,1080p,VMAF,5,10,26,1.0,2.22147,,,,,977.531,977.531,40254.3610235918
full,a2_1080p,TunnelFlag_1920x1080_5994_10bit_420.y4m,1080p,VMAF,5,10,35,1.0,1.884389,,,,,986.289,986.289,19500.02120955968
full,a2_1080p,TunnelFlag_1920x1080_5994_10bit_420.y4m,1080p,VMAF,5,10,44,1.0,1.797222,,,,,966.293,966.293,9407.446707139015
full,a2_1080p,TunnelFlag_1920x1080_5994_10bit_420.y4m,1080p,VMAF,5,10,52,1.0,1.703809,,,,,974.078,974.078,5269.697686928456
full,a2_1080p,TunnelFlag_1920x1080_5994_10bit_420.y4m,1080p,VMAF,5,10,60,1.0,1.603182,,,,,997.414,997.414,2552.266195343119
full,a2_1080p,TunnelFlag_1920x1080_5994_10bit_420.y4m,1080p,VQ,0,1,18,1.0,51.831546,,,,,2247.879,2247.879,32857.43302850996
full,a2_1080p,TunnelFlag_1920x1080_5994_10bit_420.y4m,1080p,VQ,0,1,26,1.0,58.02016,,,,,2243.129,2243.129,20256.6344424806
full,a2_1080p,TunnelFlag_1920x1080_5994_10bit_420.y4m,1080p,VQ,0,1,35,1.0,70.721863,,,,,2096.852,2096.852,11879.039114731424
full,a2_1080p,TunnelFlag_1920x1080_5994_10bit_420.y4m,1080p,VQ,0,1,44,1.0,80.604244,,,,,2291.184,2291.184,7081.071543840775
full,a2_1080p,TunnelFlag_1920x1080_5994_10bit_420.y4m,1080p,VQ,0,1,52,1.0,89.012384,,,,,2275.105,2275.105,4570.34288788135
full,a2_1080p,TunnelFlag_1920x1080_5994_10bit_420.y4m,1080p,VQ,0,1,60,1.0,90.919392,,,,,2797.156,2797.156,2461.385998616768
full,a2_1080p,TunnelFlag_1920x1080_5994_10bit_420.y4m,1080p,VQ,0,10,18,1.0,2.327339,,,,,970.484,970.484,60229.04848997157
full,a2_1080p,TunnelFlag_1920x1080_5994_10bit_420.y4m,1080p,VQ,0,10,26,1.0,2.001895,,,,,986.016,986.016,35860.717743794674
full,a2_1080p,TunnelFlag_1920x1080_5994_10bit_420.y4m,1080p,VQ,0,10,35,1.0,1.680715,,,,,1007.883,1007.883,18107.512180127564
full,a2_1080p,TunnelFlag_1920x1080_5994_10bit_420.y4m,1080p,VQ,0,10,44,1.0,1.609211,,,,,997.184,997.184,9185.170521785907
full,a2_1080p,TunnelFlag_1920x1080_5994_10bit_420.y4m,1080p,VQ,0,10,52,1.0,1.482636,,,,,1003.238,1003.238,5279.985245523707
full,a2_1080p,TunnelFlag_1920x1080_5994_10bit_420.y4m,1080p,VQ,0,10,60,1.0,1.390067,,,,,986.625,986.625,2618.333051563821
full,a3_720p,ControlledBurn_1280x720p30_420.y4m,720p_or_lower,MS_SSIM,4,1,18,1.0,26.980419,,,,,874.309,874.309,9167.075076923078
full,a3_720p,ControlledBurn_1280x720p30_420.y4m,720p_or_lower,MS_SSIM,4,1,26,1.0,31.655441,,,,,907.957,907.957,5842.630153846154
full,a3_720p,ControlledBurn_1280x720p30_420.y4m,720p_or_lower,MS_SSIM,4,1,35,1.0,32.348499,,,,,896.746,896.746,3585.332307692308
full,a3_720p,ControlledBurn_1280x720p30_420.y4m,720p_or_lower,MS_SSIM,4,1,44,1.0,33.27033,,,,,904.57,904.57,2027.1876923076925
full,a3_720p,ControlledBurn_1280x720p30_420.y4m,720p_or_lower,MS_SSIM,4,1,52,1.0,37.698401,,,,,914.34,914.34,1234.870153846154
full,a3_720p,ControlledBurn_1280x720p30_420.y4m,720p_or_lower,MS_SSIM,4,1,60,1.0,36.384942,,,,,915.91,915.91,625.9163076923078
full,a3_720p,ControlledBurn_1280x720p30_420.y4m,720p_or_lower,MS_SSIM,4,10,18,1.0,0.843907,,,,,374.328,374.328,10917.692307692309
full,a3_720p,ControlledBurn_1280x720p30_420.y4m,720p_or_lower,MS_SSIM,4,10,26,1.0,0.857824,,,,,388.027,388.027,6837.481846153847
full,a3_720p,ControlledBurn_1280x720p30_420.y4m,720p_or_lower,MS_SSIM,4,10,35,1.0,0.759323,,,,,380.836,380.836,3970.561846153847
full,a3_720p,ControlledBurn_1280x720p30_420.y4m,720p_or_lower,MS_SSIM,4,10,44,1.0,0.65654,,,,,375.766,375.766,2165.4295384615384
full,a3_720p,ControlledBurn_1280x720p30_420.y4m,720p_or_lower,MS_SSIM,4,10,52,1.0,0.634651,,,,,376.145,376.145,1197.9784615384615
full,a3_720p,ControlledBurn_1280x720p30_420.y4m,720p_or_lower,MS_SSIM,4,10,60,1.0,0.637588,,,,,367.871,367.871,528.5187692307693
full,a3_720p,ControlledBurn_1280x720p30_420.y4m,720p_or_lower,PSNR,1,1,18,1.0,23.947821,,,,,879.492,879.492,5881.09476923077
full,a3_720p,ControlledBurn_1280x720p30_420.y4m,720p_or_lower,PSNR,1,1,26,1.0,26.261321,,,,,895.051,895.051,3634.288615384616
full,a3_720p,ControlledBurn_1280x720p30_420.y4m,720p_or_lower,PSNR,1,1,35,1.0,26.595503,,,,,892.113,892.113,2055.1015384615384
full,a3_720p,ControlledBurn_1280x720p30_420.y4m,720p_or_lower,PSNR,1,1,44,1.0,27.243379,,,,,893.812,893.812,1179.5169230769231
full,a3_720p,ControlledBurn_1280x720p30_420.y4m,720p_or_lower,PSNR,1,1,52,1.0,30.197569,,,,,897.59,897.59,739.1095384615385
full,a3_720p,ControlledBurn_1280x720p30_420.y4m,720p_or_lower,PSNR,1,1,60,1.0,36.941442,,,,,1163.742,1163.742,372.144
full,a3_720p,ControlledBurn_1280x720p30_420.y4m,720p_or_lower,PSNR,1,10,18,1.0,0.634552,,,,,392.129,392.129,7340.880000000001
full,a3_720p,ControlledBurn_1280x720p30_420.y4m,720p_or_lower,PSNR,1,10,26,1.0,0.630435,,,,,375.367,375.367,4508.575384615385
full,a3_720p,ControlledBurn_1280x720p30_420.y4m,720p_or_lower,PSNR,1,10,35,1.0,0.546719,,,,,372.02,372.02,2375.804307692308
full,a3_720p,ControlledBurn_1280x720p30_420.y4m,720p_or_lower,PSNR,1,10,44,1.0,0.526158,,,,,371.09,371.09,1226.5606153846154
full,a3_720p,ControlledBurn_1280x720p30_420.y4m,720p_or_lower,PSNR,1,10,52,1.0,0.531306,,,,,380.684,380.684,672.4855384615385
full,a3_720p,ControlledBurn_1280x720p30_420.y4m,720p_or_lower,PSNR,1,10,60,1.0,0.548818,,,,,352.555,352.555,296.3335384615385
full,a3_720p,ControlledBurn_1280x720p30_420.y4m,720p_or_lower,SSIM,2,1,18,1.0,23.74375,,,,,881.609,881.609,5617.596923076923
full,a3_720p,ControlledBurn_1280x720p30_420.y4m,720p_or_lower,SSIM,2,1,26,1.0,29.716346,,,,,893.543,893.543,3512.124923076924
full,a3_720p,ControlledBurn_1280x720p30_420.y4m,720p_or_lower,SSIM,2,1,35,1.0,29.111405,,,,,896.07,896.07,1990.3827692307696
full,a3_720p,ControlledBurn_1280x720p30_420.y4m,720p_or_lower,SSIM,2,1,44,1.0,28.286189,,,,,891.652,891.652,1140.0812307692308
full,a3_720p,ControlledBurn_1280x720p30_420.y4m,720p_or_lower,SSIM,2,1,52,1.0,31.812602,,,,,903.344,903.344,713.952
full,a3_720p,ControlledBurn_1280x720p30_420.y4m,720p_or_lower,SSIM,2,1,60,1.0,38.392342,,,,,1166.129,1166.129,357.792
full,a3_720p,ControlledBurn_1280x720p30_420.y4m,720p_or_lower,SSIM,2,10,18,1.0,0.845651,,,,,378.855,378.855,7253.693538461539
full,a3_720p,ControlledBurn_1280x720p30_420.y4m,720p_or_lower,SSIM,2,10,26,1.0,0.774958,,,,,369.43,369.43,4439.688
full,a3_720p,ControlledBurn_1280x720p30_420.y4m,720p_or_lower,SSIM,2,10,35,1.0,0.76186,,,,,377.715,377.715,2309.2135384615385
full,a3_720p,ControlledBurn_1280x720p30_420.y4m,720p_or_lower,SSIM,2,10,44,1.0,0.54044,,,,,375.109,375.109,1184.268923076923
full,a3_720p,ControlledBurn_1280x720p30_420.y4m,720p_or_lower,SSIM,2,10,52,1.0,0.649951,,,,,363.656,363.656,643.5304615384616
full,a3_720p,ControlledBurn_1280x720p30_420.y4m,720p_or_lower,SSIM,2,10,60,1.0,0.555259,,,,,366.047,366.047,284.7193846153846
full,a3_720p,ControlledBurn_1280x720p30_420.y4m,720p_or_lower,VMAF,5,1,18,1.0,26.872778,,,,,886.406,886.406,6729.843692307693
full,a3_720p,ControlledBurn_1280x720p30_420.y4m,720p_or_lower,VMAF,5,1,26,1.0,31.595817,,,,,882.129,882.129,4026.1440000000007
full,a3_720p,ControlledBurn_1280x720p30_420.y4m,720p_or_lower,VMAF,5,1,35,1.0,30.372834,,,,,887.848,887.848,2227.476923076923
full,a3_720p,ControlledBurn_1280x720p30_420.y4m,720p_or_lower,VMAF,5,1,44,1.0,29.143917,,,,,900.75,900.75,1267.32
full,a3_720p,ControlledBurn_1280x720p30_420.y4m,720p_or_lower,VMAF,5,1,52,1.0,34.886983,,,,,917.469,917.469,788.4683076923077
full,a3_720p,ControlledBurn_1280x720p30_420.y4m,720p_or_lower,VMAF,5,1,60,1.0,39.862271,,,,,1173.293,1173.293,405.5944615384616
full,a3_720p,ControlledBurn_1280x720p30_420.y4m,720p_or_lower,VMAF,5,10,18,1.0,1.087759,,,,,393.465,393.465,8751.793846153845
full,a3_720p,ControlledBurn_1280x720p30_420.y4m,720p_or_lower,VMAF,5,10,26,1.0,0.909169,,,,,379.141,379.141,5148.031384615385
full,a3_720p,ControlledBurn_1280x720p30_420.y4m,720p_or_lower,VMAF,5,10,35,1.0,0.891189,,,,,379.727,379.727,2639.075076923077
full,a3_720p,ControlledBurn_1280x720p30_420.y4m,720p_or_lower,VMAF,5,10,44,1.0,0.7705,,,,,381.121,381.121,1359.8104615384618
full,a3_720p,ControlledBurn_1280x720p30_420.y4m,720p_or_lower,VMAF,5,10,52,1.0,0.870769,,,,,379.828,379.828,745.584
full,a3_720p,ControlledBurn_1280x720p30_420.y4m,720p_or_lower,VMAF,5,10,60,1.0,0.795376,,,,,373.762,373.762,330.06092307692313
full,a3_720p,ControlledBurn_1280x720p30_420.y4m,720p_or_lower,VQ,0,1,18,1.0,22.121086,,,,,855.891,855.891,6066.099692307693
full,a3_720p,ControlledBurn_1280x720p30_420.y4m,720p_or_lower,VQ,0,1,26,1.0,24.768867,,,,,864.152,864.152,3733.6929230769233
full,a3_720p,ControlledBurn_1280x720p30_420.y4m,720p_or_lower,VQ,0,1,35,1.0,24.56353,,,,,863.656,863.656,2110.408615384616
full,a3_720p,ControlledBurn_1280x720p30_420.y4m,720p_or_lower,VQ,0,1,44,1.0,25.367028,,,,,875.797,875.797,1226.9298461538465
full,a3_720p,ControlledBurn_1280x720p30_420.y4m,720p_or_lower,VQ,0,1,52,1.0,28.971646,,,,,884.996,884.996,773.3723076923078
full,a3_720p,ControlledBurn_1280x720p30_420.y4m,720p_or_lower,VQ,0,1,60,1.0,35.683024,,,,,1150.512,1150.512,396.2252307692308
full,a3_720p,ControlledBurn_1280x720p30_420.y4m,720p_or_lower,VQ,0,10,18,1.0,0.750089,,,,,369.133,369.133,7632.395076923077
full,a3_720p,ControlledBurn_1280x720p30_420.y4m,720p_or_lower,VQ,0,10,26,1.0,0.65047,,,,,381.836,381.836,4671.284307692308
full,a3_720p,ControlledBurn_1280x720p30_420.y4m,720p_or_lower,VQ,0,10,35,1.0,0.542072,,,,,377.121,377.121,2492.7027692307693
full,a3_720p,ControlledBurn_1280x720p30_420.y4m,720p_or_lower,VQ,0,10,44,1.0,0.536183,,,,,374.672,374.672,1299.467076923077
full,a3_720p,ControlledBurn_1280x720p30_420.y4m,720p_or_lower,VQ,0,10,52,1.0,0.538319,,,,,388.613,388.613,732.3858461538463
full,a3_720p,ControlledBurn_1280x720p30_420.y4m,720p_or_lower,VQ,0,10,60,1.0,0.442784,,,,,360.621,360.621,331.2369230769231
full,a3_720p,DrivingPOV_1280x720p_5994_10bit_420.y4m,720p_or_lower,MS_SSIM,4,1,18,1.0,27.075457,,,,,1174.848,1174.848,15199.091370168297
full,a3_720p,DrivingPOV_1280x720p_5994_10bit_420.y4m,720p_or_lower,MS_SSIM,4,1,26,1.0,31.16135,,,,,1200.211,1200.211,10082.766464304928
full,a3_720p,DrivingPOV_1280x720p_5994_10bit_420.y4m,720p_or_lower,MS_SSIM,4,1,35,1.0,34.728314,,,,,1237.039,1237.039,6433.13978329363
full,a3_720p,DrivingPOV_1280x720p_5994_10bit_420.y4m,720p_or_lower,MS_SSIM,4,1,44,1.0,39.333725,,,,,1169.453,1169.453,3919.7516329824025
full,a3_720p,DrivingPOV_1280x720p_5994_10bit_420.y4m,720p_or_lower,MS_SSIM,4,1,52,1.0,49.256256,,,,,1189.344,1189.344,2490.267885960194
full,a3_720p,DrivingPOV_1280x720p_5994_10bit_420.y4m,720p_or_lower,MS_SSIM,4,1,60,1.0,49.625835,,,,,1229.723,1229.723,1266.6349035579806
full,a3_720p,DrivingPOV_1280x720p_5994_10bit_420.y4m,720p_or_lower,MS_SSIM,4,10,18,1.0,1.265173,,,,,492.445,492.445,24447.41105048797
full,a3_720p,DrivingPOV_1280x720p_5994_10bit_420.y4m,720p_or_lower,MS_SSIM,4,10,26,1.0,1.056254,,,,,505.75,505.75,13851.233074617692
full,a3_720p,DrivingPOV_1280x720p_5994_10bit_420.y4m,720p_or_lower,MS_SSIM,4,10,35,1.0,1.060525,,,,,482.402,482.402,6599.78790440329
full,a3_720p,DrivingPOV_1280x720p_5994_10bit_420.y4m,720p_or_lower,MS_SSIM,4,10,44,1.0,0.96568,,,,,554.168,554.168,3498.1350956735573
full,a3_720p,DrivingPOV_1280x720p_5994_10bit_420.y4m,720p_or_lower,MS_SSIM,4,10,52,1.0,0.953034,,,,,517.938,517.938,2031.7836010143703
full,a3_720p,DrivingPOV_1280x720p_5994_10bit_420.y4m,720p_or_lower,MS_SSIM,4,10,60,1.0,0.950305,,,,,540.219,540.219,906.6109275340044
full,a3_720p,DrivingPOV_1280x720p_5994_10bit_420.y4m,720p_or_lower,PSNR,1,1,18,1.0,27.477513,,,,,1239.121,1239.121,12841.47360331976
full,a3_720p,DrivingPOV_1280x720p_5994_10bit_420.y4m,720p_or_lower,PSNR,1,1,26,1.0,30.765536,,,,,1235.141,1235.141,7917.274110504881
full,a3_720p,DrivingPOV_1280x720p_5994_10bit_420.y4m,720p_or_lower,PSNR,1,1,35,1.0,32.96031,,,,,1223.008,1223.008,4670.850380388842
full,a3_720p,DrivingPOV_1280x720p_5994_10bit_420.y4m,720p_or_lower,PSNR,1,1,44,1.0,37.622614,,,,,1248.992,1248.992,2701.622070237455
full,a3_720p,DrivingPOV_1280x720p_5994_10bit_420.y4m,720p_or_lower,PSNR,1,1,52,1.0,41.99342,,,,,1172.812,1172.812,1712.8102666564207
full,a3_720p,DrivingPOV_1280x720p_5994_10bit_420.y4m,720p_or_lower,PSNR,1,1,60,1.0,53.407135,,,,,1639.367,1639.367,856.7223545685084
full,a3_720p,DrivingPOV_1280x720p_5994_10bit_420.y4m,720p_or_lower,PSNR,1,10,18,1.0,1.279002,,,,,493.871,493.871,22487.63667102129
full,a3_720p,DrivingPOV_1280x720p_5994_10bit_420.y4m,720p_or_lower,PSNR,1,10,26,1.0,1.065891,,,,,485.254,485.254,12096.416813955277
full,a3_720p,DrivingPOV_1280x720p_5994_10bit_420.y4m,720p_or_lower,PSNR,1,10,35,1.0,0.981268,,,,,496.273,496.273,5432.358410819949
full,a3_720p,DrivingPOV_1280x720p_5994_10bit_420.y4m,720p_or_lower,PSNR,1,10,44,1.0,0.980797,,,,,511.137,511.137,2483.3332821025133
full,a3_720p,DrivingPOV_1280x720p_5994_10bit_420.y4m,720p_or_lower,PSNR,1,10,52,1.0,0.992652,,,,,504.902,504.902,1375.4233458848844
full,a3_720p,DrivingPOV_1280x720p_5994_10bit_420.y4m,720p_or_lower,PSNR,1,10,60,1.0,0.865058,,,,,512.57,512.57,620.1638361638362
full,a3_720p,DrivingPOV_1280x720p_5994_10bit_420.y4m,720p_or_lower,SSIM,2,1,18,1.0,26.961645,,,,,1178.797,1178.797,11769.206793206797
full,a3_720p,DrivingPOV_1280x720p_5994_10bit_420.y4m,720p_or_lower,SSIM,2,1,26,1.0,31.437985,,,,,1188.598,1188.598,7303.882578959502
full,a3_720p,DrivingPOV_1280x720p_5994_10bit_420.y4m,720p_or_lower,SSIM,2,1,35,1.0,33.842699,,,,,1219.16,1219.16,4293.261200338124
full,a3_720p,DrivingPOV_1280x720p_5994_10bit_420.y4m,720p_or_lower,SSIM,2,1,44,1.0,38.86118,,,,,1153.844,1153.844,2479.143010835319
full,a3_720p,DrivingPOV_1280x720p_5994_10bit_420.y4m,720p_or_lower,SSIM,2,1,52,1.0,44.490839,,,,,1215.164,1215.164,1569.7176669484363
full,a3_720p,DrivingPOV_1280x720p_5994_10bit_420.y4m,720p_or_lower,SSIM,2,1,60,1.0,54.983843,,,,,1580.438,1580.438,774.9124721432414
full,a3_720p,DrivingPOV_1280x720p_5994_10bit_420.y4m,720p_or_lower,SSIM,2,10,18,1.0,1.173554,,,,,481.543,481.543,21854.053638669026
full,a3_720p,DrivingPOV_1280x720p_5994_10bit_420.y4m,720p_or_lower,SSIM,2,10,26,1.0,1.083515,,,,,485.652,485.652,11744.279105509877
full,a3_720p,DrivingPOV_1280x720p_5994_10bit_420.y4m,720p_or_lower,SSIM,2,10,35,1.0,0.963265,,,,,478.574,478.574,5100.390071466994
full,a3_720p,DrivingPOV_1280x720p_5994_10bit_420.y4m,720p_or_lower,SSIM,2,10,44,1.0,0.873789,,,,,499.691,499.691,2230.338277107508
full,a3_720p,DrivingPOV_1280x720p_5994_10bit_420.y4m,720p_or_lower,SSIM,2,10,52,1.0,0.869177,,,,,528.027,528.027,1205.8169522784908
full,a3_720p,DrivingPOV_1280x720p_5994_10bit_420.y4m,720p_or_lower,SSIM,2,10,60,1.0,0.845674,,,,,504.773,504.773,545.5504495504496
full,a3_720p,DrivingPOV_1280x720p_5994_10bit_420.y4m,720p_or_lower,VMAF,5,1,18,1.0,28.680071,,,,,1157.48,1157.48,14148.668562207024
full,a3_720p,DrivingPOV_1280x720p_5994_10bit_420.y4m,720p_or_lower,VMAF,5,1,26,1.0,30.565318,,,,,1235.223,1235.223,8555.97325751172
full,a3_720p,DrivingPOV_1280x720p_5994_10bit_420.y4m,720p_or_lower,VMAF,5,1,35,1.0,33.824643,,,,,1195.324,1195.324,5037.628217935911
full,a3_720p,DrivingPOV_1280x720p_5994_10bit_420.y4m,720p_or_lower,VMAF,5,1,44,1.0,39.00581,,,,,1215.008,1215.008,2889.188350111427
full,a3_720p,DrivingPOV_1280x720p_5994_10bit_420.y4m,720p_or_lower,VMAF,5,1,52,1.0,44.320506,,,,,1218.66,1218.66,1822.421271036656
full,a3_720p,DrivingPOV_1280x720p_5994_10bit_420.y4m,720p_or_lower,VMAF,5,1,60,1.0,56.344531,,,,,1591.656,1591.656,932.8849611926536
full,a3_720p,DrivingPOV_1280x720p_5994_10bit_420.y4m,720p_or_lower,VMAF,5,10,18,1.0,1.264531,,,,,483.945,483.945,26116.73987550911
full,a3_720p,DrivingPOV_1280x720p_5994_10bit_420.y4m,720p_or_lower,VMAF,5,10,26,1.0,1.063,,,,,500.082,500.082,13707.233074617692
full,a3_720p,DrivingPOV_1280x720p_5994_10bit_420.y4m,720p_or_lower,VMAF,5,10,35,1.0,0.956811,,,,,510.59,510.59,5984.312303081534
full,a3_720p,DrivingPOV_1280x720p_5994_10bit_420.y4m,720p_or_lower,VMAF,5,10,44,1.0,0.871157,,,,,533.699,533.699,2713.3703219857066
full,a3_720p,DrivingPOV_1280x720p_5994_10bit_420.y4m,720p_or_lower,VMAF,5,10,52,1.0,0.864464,,,,,507.48,507.48,1487.5057250441866
full,a3_720p,DrivingPOV_1280x720p_5994_10bit_420.y4m,720p_or_lower,VMAF,5,10,60,1.0,0.844291,,,,,519.684,519.684,670.7163605625145
full,a3_720p,DrivingPOV_1280x720p_5994_10bit_420.y4m,720p_or_lower,VQ,0,1,18,1.0,27.737661,,,,,1145.094,1145.094,13084.619995389226
full,a3_720p,DrivingPOV_1280x720p_5994_10bit_420.y4m,720p_or_lower,VQ,0,1,26,1.0,32.269214,,,,,1148.977,1148.977,8145.334050564821
full,a3_720p,DrivingPOV_1280x720p_5994_10bit_420.y4m,720p_or_lower,VQ,0,1,35,1.0,33.911391,,,,,1200.379,1200.379,4826.941673710905
full,a3_720p,DrivingPOV_1280x720p_5994_10bit_420.y4m,720p_or_lower,VQ,0,1,44,1.0,36.152414,,,,,1200.91,1200.91,2798.374548528395
full,a3_720p,DrivingPOV_1280x720p_5994_10bit_420.y4m,720p_or_lower,VQ,0,1,52,1.0,41.327588,,,,,1216.594,1216.594,1784.8563743948362
full,a3_720p,DrivingPOV_1280x720p_5994_10bit_420.y4m,720p_or_lower,VQ,0,1,60,1.0,54.026682,,,,,1566.672,1566.672,897.8172596634137
full,a3_720p,DrivingPOV_1280x720p_5994_10bit_420.y4m,720p_or_lower,VQ,0,10,18,1.0,1.518393,,,,,478.812,478.812,22978.053331284103
full,a3_720p,DrivingPOV_1280x720p_5994_10bit_420.y4m,720p_or_lower,VQ,0,10,26,1.0,1.420452,,,,,500.367,500.367,12603.247829093983
full,a3_720p,DrivingPOV_1280x720p_5994_10bit_420.y4m,720p_or_lower,VQ,0,10,35,1.0,1.226525,,,,,483.887,483.887,5780.291093521863
full,a3_720p,DrivingPOV_1280x720p_5994_10bit_420.y4m,720p_or_lower,VQ,0,10,44,1.0,1.275483,,,,,503.641,503.641,2834.98778144932
full,a3_720p,DrivingPOV_1280x720p_5994_10bit_420.y4m,720p_or_lower,VQ,0,10,52,1.0,1.361216,,,,,489.957,489.957,1606.7440252055635
full,a3_720p,DrivingPOV_1280x720p_5994_10bit_420.y4m,720p_or_lower,VQ,0,10,60,1.0,1.195048,,,,,521.703,521.703,700.1626066241452
full,a3_720p,RollerCoaster_1280x720p_5994_10bit_420.y4m,720p_or_lower,MS_SSIM,4,1,18,1.0,25.962584,,,,,1203.922,1203.922,13119.709828632906
full,a3_720p,RollerCoaster_1280x720p_5994_10bit_420.y4m,720p_or_lower,MS_SSIM,4,1,26,1.0,30.838511,,,,,1162.539,1162.539,8313.070314301083
full,a3_720p,RollerCoaster_1280x720p_5994_10bit_420.y4m,720p_or_lower,MS_SSIM,4,1,35,1.0,29.478123,,,,,1189.703,1189.703,4992.730346576501
full,a3_720p,RollerCoaster_1280x720p_5994_10bit_420.y4m,720p_or_lower,MS_SSIM,4,1,44,1.0,35.381608,,,,,1177.363,1177.363,3072.1475447629296
full,a3_720p,RollerCoaster_1280x720p_5994_10bit_420.y4m,720p_or_lower,MS_SSIM,4,1,52,1.0,43.378463,,,,,1268.285,1268.285,2078.66594943518
full,a3_720p,RollerCoaster_1280x720p_5994_10bit_420.y4m,720p_or_lower,MS_SSIM,4,1,60,1.0,41.561255,,,,,1259.434,1259.434,1189.955890263583
full,a3_720p,RollerCoaster_1280x720p_5994_10bit_420.y4m,720p_or_lower,MS_SSIM,4,10,18,1.0,1.061001,,,,,495.109,495.109,20845.684776761704
full,a3_720p,RollerCoaster_1280x720p_5994_10bit_420.y4m,720p_or_lower,MS_SSIM,4,10,26,1.0,0.949911,,,,,495.012,495.012,12224.076231460847
full,a3_720p,RollerCoaster_1280x720p_5994_10bit_420.y4m,720p_or_lower,MS_SSIM,4,10,35,1.0,0.844536,,,,,501.031,501.031,6124.144163528779
full,a3_720p,RollerCoaster_1280x720p_5994_10bit_420.y4m,720p_or_lower,MS_SSIM,4,10,44,1.0,0.852641,,,,,486.656,486.656,3179.696611081227
full,a3_720p,RollerCoaster_1280x720p_5994_10bit_420.y4m,720p_or_lower,MS_SSIM,4,10,52,1.0,0.854511,,,,,497.137,497.137,1919.3987550910629
full,a3_720p,RollerCoaster_1280x720p_5994_10bit_420.y4m,720p_or_lower,MS_SSIM,4,10,60,1.0,0.854999,,,,,521.406,521.406,900.9009452086376
full,a3_720p,RollerCoaster_1280x720p_5994_10bit_420.y4m,720p_or_lower,PSNR,1,1,18,1.0,24.293718,,,,,1155.996,1155.996,9824.585260892954
full,a3_720p,RollerCoaster_1280x720p_5994_10bit_420.y4m,720p_or_lower,PSNR,1,1,26,1.0,28.446815,,,,,1128.758,1128.758,6020.350111427035
full,a3_720p,RollerCoaster_1280x720p_5994_10bit_420.y4m,720p_or_lower,PSNR,1,1,35,1.0,28.525701,,,,,1217.582,1217.582,3430.069007915162
full,a3_720p,RollerCoaster_1280x720p_5994_10bit_420.y4m,720p_or_lower,PSNR,1,1,44,1.0,30.435971,,,,,1213.84,1213.84,2055.1657573196035
full,a3_720p,RollerCoaster_1280x720p_5994_10bit_420.y4m,720p_or_lower,PSNR,1,1,52,1.0,35.313831,,,,,1213.512,1213.512,1347.2607392607397
full,a3_720p,RollerCoaster_1280x720p_5994_10bit_420.y4m,720p_or_lower,PSNR,1,1,60,1.0,47.330527,,,,,1597.969,1597.969,702.0401137324214
full,a3_720p,RollerCoaster_1280x720p_5994_10bit_420.y4m,720p_or_lower,PSNR,1,10,18,1.0,0.948487,,,,,485.145,485.145,16805.023899177744
full,a3_720p,RollerCoaster_1280x720p_5994_10bit_420.y4m,720p_or_lower,PSNR,1,10,26,1.0,0.851424,,,,,495.148,495.148,9294.150772304618
full,a3_720p,RollerCoaster_1280x720p_5994_10bit_420.y4m,720p_or_lower,PSNR,1,10,35,1.0,0.773394,,,,,496.523,496.523,4271.417198186429
full,a3_720p,RollerCoaster_1280x720p_5994_10bit_420.y4m,720p_or_lower,PSNR,1,10,44,1.0,0.742095,,,,,483.793,483.793,2062.624145085684
full,a3_720p,RollerCoaster_1280x720p_5994_10bit_420.y4m,720p_or_lower,PSNR,1,10,52,1.0,0.76488,,,,,489.094,489.094,1173.272266195343
full,a3_720p,RollerCoaster_1280x720p_5994_10bit_420.y4m,720p_or_lower,PSNR,1,10,60,1.0,0.746408,,,,,499.152,499.152,530.9988473065397
full,a3_720p,RollerCoaster_1280x720p_5994_10bit_420.y4m,720p_or_lower,SSIM,2,1,18,1.0,24.437945,,,,,1181.84,1181.84,8989.76223776224
full,a3_720p,RollerCoaster_1280x720p_5994_10bit_420.y4m,720p_or_lower,SSIM,2,1,26,1.0,28.952855,,,,,1201.508,1201.508,5564.101129639592
full,a3_720p,RollerCoaster_1280x720p_5994_10bit_420.y4m,720p_or_lower,SSIM,2,1,35,1.0,29.843995,,,,,1182.207,1182.207,3200.7180511795896
full,a3_720p,RollerCoaster_1280x720p_5994_10bit_420.y4m,720p_or_lower,SSIM,2,1,44,1.0,32.342456,,,,,1218.203,1218.203,1935.872127872128
full,a3_720p,RollerCoaster_1280x720p_5994_10bit_420.y4m,720p_or_lower,SSIM,2,1,52,1.0,36.197795,,,,,1238.414,1238.414,1280.8213325136403
full,a3_720p,RollerCoaster_1280x720p_5994_10bit_420.y4m,720p_or_lower,SSIM,2,1,60,1.0,47.731336,,,,,1616.305,1616.305,665.3789287635442
full,a3_720p,RollerCoaster_1280x720p_5994_10bit_420.y4m,720p_or_lower,SSIM,2,10,18,1.0,0.947633,,,,,501.094,501.094,16031.572120187506
full,a3_720p,RollerCoaster_1280x720p_5994_10bit_420.y4m,720p_or_lower,SSIM,2,10,26,1.0,0.847448,,,,,496.105,496.105,8797.854453239068
full,a3_720p,RollerCoaster_1280x720p_5994_10bit_420.y4m,720p_or_lower,SSIM,2,10,35,1.0,0.751947,,,,,490.332,490.332,4029.834780604012
full,a3_720p,RollerCoaster_1280x720p_5994_10bit_420.y4m,720p_or_lower,SSIM,2,10,44,1.0,0.740722,,,,,488.227,488.227,1937.42503650196
full,a3_720p,RollerCoaster_1280x720p_5994_10bit_420.y4m,720p_or_lower,SSIM,2,10,52,1.0,0.740877,,,,,487.086,487.086,1090.7062168600633
full,a3_720p,RollerCoaster_1280x720p_5994_10bit_420.y4m,720p_or_lower,SSIM,2,10,60,1.0,0.744482,,,,,509.383,509.383,499.97018366249137
full,a3_720p,RollerCoaster_1280x720p_5994_10bit_420.y4m,720p_or_lower,VMAF,5,1,18,1.0,23.889623,,,,,1232.977,1232.977,11223.652655037273
full,a3_720p,RollerCoaster_1280x720p_5994_10bit_420.y4m,720p_or_lower,VMAF,5,1,26,1.0,29.084421,,,,,1183.266,1183.266,6699.576116191502
full,a3_720p,RollerCoaster_1280x720p_5994_10bit_420.y4m,720p_or_lower,VMAF,5,1,35,1.0,29.484397,,,,,1198.547,1198.547,3769.208022746485
full,a3_720p,RollerCoaster_1280x720p_5994_10bit_420.y4m,720p_or_lower,VMAF,5,1,44,1.0,30.534265,,,,,1216.113,1216.113,2241.112733420426
full,a3_720p,RollerCoaster_1280x720p_5994_10bit_420.y4m,720p_or_lower,VMAF,5,1,52,1.0,33.954469,,,,,1255.645,1255.645,1459.8447706140014
full,a3_720p,RollerCoaster_1280x720p_5994_10bit_420.y4m,720p_or_lower,VMAF,5,1,60,1.0,43.165452,,,,,1574.406,1574.406,763.5884115884116
full,a3_720p,RollerCoaster_1280x720p_5994_10bit_420.y4m,720p_or_lower,VMAF,5,10,18,1.0,0.952562,,,,,496.684,496.684,20702.83193729348
full,a3_720p,RollerCoaster_1280x720p_5994_10bit_420.y4m,720p_or_lower,VMAF,5,10,26,1.0,0.84701,,,,,503.426,503.426,11106.682855605934
full,a3_720p,RollerCoaster_1280x720p_5994_10bit_420.y4m,720p_or_lower,VMAF,5,10,35,1.0,0.751026,,,,,505.395,505.395,4996.020594789827
full,a3_720p,RollerCoaster_1280x720p_5994_10bit_420.y4m,720p_or_lower,VMAF,5,10,44,1.0,0.7566,,,,,488.801,488.801,2357.525551371705
full,a3_720p,RollerCoaster_1280x720p_5994_10bit_420.y4m,720p_or_lower,VMAF,5,10,52,1.0,0.75086,,,,,494.957,494.957,1314.941058941059
full,a3_720p,RollerCoaster_1280x720p_5994_10bit_420.y4m,720p_or_lower,VMAF,5,10,60,1.0,0.753828,,,,,501.723,501.723,584.2034888188736
full,a3_720p,RollerCoaster_1280x720p_5994_10bit_420.y4m,720p_or_lower,VQ,0,1,18,1.0,22.211355,,,,,1064.68,1064.68,10415.420886805505
full,a3_720p,RollerCoaster_1280x720p_5994_10bit_420.y4m,720p_or_lower,VQ,0,1,26,1.0,27.459481,,,,,1065.824,1065.824,6297.870744639976
full,a3_720p,RollerCoaster_1280x720p_5994_10bit_420.y4m,720p_or_lower,VQ,0,1,35,1.0,28.549576,,,,,1132.145,1132.145,3621.984169676477
full,a3_720p,RollerCoaster_1280x720p_5994_10bit_420.y4m,720p_or_lower,VQ,0,1,44,1.0,29.068186,,,,,1164.273,1164.273,2161.9365250134483
full,a3_720p,RollerCoaster_1280x720p_5994_10bit_420.y4m,720p_or_lower,VQ,0,1,52,1.0,33.884699,,,,,1136.742,1136.742,1414.083762391455
full,a3_720p,RollerCoaster_1280x720p_5994_10bit_420.y4m,720p_or_lower,VQ,0,1,60,1.0,50.147178,,,,,1566.609,1566.609,731.7408745101053
full,a3_720p,RollerCoaster_1280x720p_5994_10bit_420.y4m,720p_or_lower,VQ,0,10,18,1.0,1.421801,,,,,501.379,501.379,17624.992853300544
full,a3_720p,RollerCoaster_1280x720p_5994_10bit_420.y4m,720p_or_lower,VQ,0,10,26,1.0,1.199774,,,,,496.902,496.902,9972.421424729118
full,a3_720p,RollerCoaster_1280x720p_5994_10bit_420.y4m,720p_or_lower,VQ,0,10,35,1.0,1.012265,,,,,491.598,491.598,4654.605701990317
full,a3_720p,RollerCoaster_1280x720p_5994_10bit_420.y4m,720p_or_lower,VQ,0,10,44,1.0,0.98592,,,,,498.203,498.203,2299.65480673173
full,a3_720p,RollerCoaster_1280x720p_5994_10bit_420.y4m,720p_or_lower,VQ,0,10,52,1.0,0.744373,,,,,494.98,494.98,1315.39844770614
full,a3_720p,RollerCoaster_1280x720p_5994_10bit_420.y4m,720p_or_lower,VQ,0,10,60,1.0,0.772721,,,,,485.152,485.152,593.0414201183432
full,a3_720p,WestWindEasy_1280x720p30_420.y4m,720p_or_lower,MS_SSIM,4,1,18,1.0,33.92686,,,,,884.363,884.363,17130.459692307693
full,a3_720p,WestWindEasy_1280x720p30_420.y4m,720p_or_lower,MS_SSIM,4,1,26,1.0,41.392533,,,,,878.441,878.441,12101.416615384616
full,a3_720p,WestWindEasy_1280x720p30_420.y4m,720p_or_lower,MS_SSIM,4,1,35,1.0,41.370993,,,,,883.719,883.719,7893.140307692308
full,a3_720p,WestWindEasy_1280x720p30_420.y4m,720p_or_lower,MS_SSIM,4,1,44,1.0,50.664808,,,,,904.523,904.523,4175.966769230769
full,a3_720p,WestWindEasy_1280x720p30_420.y4m,720p_or_lower,MS_SSIM,4,1,52,1.0,58.504745,,,,,913.008,913.008,2230.776
full,a3_720p,WestWindEasy_1280x720p30_420.y4m,720p_or_lower,MS_SSIM,4,1,60,1.0,52.195085,,,,,915.734,915.734,932.0215384615384
full,a3_720p,WestWindEasy_1280x720p30_420.y4m,720p_or_lower,MS_SSIM,4,10,18,1.0,1.061463,,,,,386.238,386.238,21884.708307692308
full,a3_720p,WestWindEasy_1280x720p30_420.y4m,720p_or_lower,MS_SSIM,4,10,26,1.0,0.944651,,,,,389.508,389.508,15344.985230769233
full,a3_720p,WestWindEasy_1280x720p30_420.y4m,720p_or_lower,MS_SSIM,4,10,35,1.0,0.9524,,,,,395.328,395.328,9895.33476923077
full,a3_720p,WestWindEasy_1280x720p30_420.y4m,720p_or_lower,MS_SSIM,4,10,44,1.0,0.841856,,,,,393.062,393.062,5181.714461538462
full,a3_720p,WestWindEasy_1280x720p30_420.y4m,720p_or_lower,MS_SSIM,4,10,52,1.0,0.751159,,,,,390.516,390.516,2501.302153846154
full,a3_720p,WestWindEasy_1280x720p30_420.y4m,720p_or_lower,MS_SSIM,4,10,60,1.0,0.657521,,,,,387.109,387.109,899.0289230769231
full,a3_720p,WestWindEasy_1280x720p30_420.y4m,720p_or_lower,PSNR,1,1,18,1.0,26.806351,,,,,887.668,887.668,12396.564923076923
full,a3_720p,WestWindEasy_1280x720p30_420.y4m,720p_or_lower,PSNR,1,1,26,1.0,36.038223,,,,,872.914,872.914,8202.003692307693
full,a3_720p,WestWindEasy_1280x720p30_420.y4m,720p_or_lower,PSNR,1,1,35,1.0,37.598136,,,,,905.266,905.266,4533.908307692308
full,a3_720p,WestWindEasy_1280x720p30_420.y4m,720p_or_lower,PSNR,1,1,44,1.0,38.740891,,,,,909.727,909.727,2267.2227692307697
full,a3_720p,WestWindEasy_1280x720p30_420.y4m,720p_or_lower,PSNR,1,1,52,1.0,43.196736,,,,,897.512,897.512,1176.4024615384617
full,a3_720p,WestWindEasy_1280x720p30_420.y4m,720p_or_lower,PSNR,1,1,60,1.0,45.318025,,,,,1159.211,1159.211,439.0393846153846
full,a3_720p,WestWindEasy_1280x720p30_420.y4m,720p_or_lower,PSNR,1,10,18,1.0,0.835918,,,,,388.258,388.258,16908.155076923078
full,a3_720p,WestWindEasy_1280x720p30_420.y4m,720p_or_lower,PSNR,1,10,26,1.0,0.732582,,,,,388.199,388.199,11318.721230769232
full,a3_720p,WestWindEasy_1280x720p30_420.y4m,720p_or_lower,PSNR,1,10,35,1.0,0.747143,,,,,378.496,378.496,6172.364307692308
full,a3_720p,WestWindEasy_1280x720p30_420.y4m,720p_or_lower,PSNR,1,10,44,1.0,0.643071,,,,,363.641,363.641,2916.995076923077
full,a3_720p,WestWindEasy_1280x720p30_420.y4m,720p_or_lower,PSNR,1,10,52,1.0,0.551968,,,,,385.445,385.445,1317.6793846153848
full,a3_720p,WestWindEasy_1280x720p30_420.y4m,720p_or_lower,PSNR,1,10,60,1.0,0.526439,,,,,385.289,385.289,421.8406153846154
full,a3_720p,WestWindEasy_1280x720p30_420.y4m,720p_or_lower,SSIM,2,1,18,1.0,28.909784,,,,,883.852,883.852,12441.496615384616
full,a3_720p,WestWindEasy_1280x720p30_420.y4m,720p_or_lower,SSIM,2,1,26,1.0,38.166396,,,,,908.086,908.086,8227.033846153847
full,a3_720p,WestWindEasy_1280x720p30_420.y4m,720p_or_lower,SSIM,2,1,35,1.0,39.799984,,,,,887.703,887.703,4542.138461538462
full,a3_720p,WestWindEasy_1280x720p30_420.y4m,720p_or_lower,SSIM,2,1,44,1.0,39.691552,,,,,904.223,904.223,2256.3766153846154
full,a3_720p,WestWindEasy_1280x720p30_420.y4m,720p_or_lower,SSIM,2,1,52,1.0,43.735039,,,,,905.523,905.523,1169.867076923077
full,a3_720p,WestWindEasy_1280x720p30_420.y4m,720p_or_lower,SSIM,2,1,60,1.0,47.051612,,,,,1148.668,1148.668,441.19015384615386
full,a3_720p,WestWindEasy_1280x720p30_420.y4m,720p_or_lower,SSIM,2,10,18,1.0,0.954794,,,,,381.992,381.992,17118.17907692308
full,a3_720p,WestWindEasy_1280x720p30_420.y4m,720p_or_lower,SSIM,2,10,26,1.0,0.836855,,,,,382.41,382.41,11372.756307692309
full,a3_720p,WestWindEasy_1280x720p30_420.y4m,720p_or_lower,SSIM,2,10,35,1.0,0.736375,,,,,386.555,386.555,6160.74276923077
full,a3_720p,WestWindEasy_1280x720p30_420.y4m,720p_or_lower,SSIM,2,10,44,1.0,0.649526,,,,,386.336,386.336,2872.5304615384616
full,a3_720p,WestWindEasy_1280x720p30_420.y4m,720p_or_lower,SSIM,2,10,52,1.0,0.638261,,,,,386.305,386.305,1279.2886153846157
full,a3_720p,WestWindEasy_1280x720p30_420.y4m,720p_or_lower,SSIM,2,10,60,1.0,0.543234,,,,,374.984,374.984,428.5753846153846
full,a3_720p,WestWindEasy_1280x720p30_420.y4m,720p_or_lower,VMAF,5,1,18,1.0,29.265695,,,,,889.297,889.297,14180.427692307694
full,a3_720p,WestWindEasy_1280x720p30_420.y4m,720p_or_lower,VMAF,5,1,26,1.0,39.317415,,,,,891.68,891.68,9260.697230769232
full,a3_720p,WestWindEasy_1280x720p30_420.y4m,720p_or_lower,VMAF,5,1,35,1.0,39.856905,,,,,897.395,897.395,5055.54276923077
full,a3_720p,WestWindEasy_1280x720p30_420.y4m,720p_or_lower,VMAF,5,1,44,1.0,39.58865,,,,,899.691,899.691,2478.3396923076925
full,a3_720p,WestWindEasy_1280x720p30_420.y4m,720p_or_lower,VMAF,5,1,52,1.0,46.356064,,,,,902.801,902.801,1257.4855384615385
full,a3_720p,WestWindEasy_1280x720p30_420.y4m,720p_or_lower,VMAF,5,1,60,1.0,47.903531,,,,,1162.465,1162.465,454.4898461538462
full,a3_720p,WestWindEasy_1280x720p30_420.y4m,720p_or_lower,VMAF,5,10,18,1.0,0.946988,,,,,394.82,394.82,19582.128
full,a3_720p,WestWindEasy_1280x720p30_420.y4m,720p_or_lower,VMAF,5,10,26,1.0,0.836952,,,,,385.113,385.113,12991.676307692307
full,a3_720p,WestWindEasy_1280x720p30_420.y4m,720p_or_lower,VMAF,5,10,35,1.0,0.740555,,,,,383.352,383.352,6978.873230769231
full,a3_720p,WestWindEasy_1280x720p30_420.y4m,720p_or_lower,VMAF,5,10,44,1.0,0.64409,,,,,389.293,389.293,3273.832615384616
full,a3_720p,WestWindEasy_1280x720p30_420.y4m,720p_or_lower,VMAF,5,10,52,1.0,0.651207,,,,,389.828,389.828,1440.310153846154
full,a3_720p,WestWindEasy_1280x720p30_420.y4m,720p_or_lower,VMAF,5,10,60,1.0,0.647678,,,,,373.172,373.172,446.5975384615385
full,a3_720p,WestWindEasy_1280x720p30_420.y4m,720p_or_lower,VQ,0,1,18,1.0,26.55027,,,,,859.281,859.281,12606.561230769232
full,a3_720p,WestWindEasy_1280x720p30_420.y4m,720p_or_lower,VQ,0,1,26,1.0,35.170926,,,,,867.395,867.395,8296.01723076923
full,a3_720p,WestWindEasy_1280x720p30_420.y4m,720p_or_lower,VQ,0,1,35,1.0,36.44744,,,,,873.371,873.371,4562.808
full,a3_720p,WestWindEasy_1280x720p30_420.y4m,720p_or_lower,VQ,0,1,44,1.0,37.953525,,,,,891.527,891.527,2269.580307692308
full,a3_720p,WestWindEasy_1280x720p30_420.y4m,720p_or_lower,VQ,0,1,52,1.0,41.484727,,,,,889.102,889.102,1173.6295384615385
full,a3_720p,WestWindEasy_1280x720p30_420.y4m,720p_or_lower,VQ,0,1,60,1.0,44.010446,,,,,1140.176,1140.176,439.48615384615385
full,a3_720p,WestWindEasy_1280x720p30_420.y4m,720p_or_lower,VQ,0,10,18,1.0,0.854776,,,,,382.062,382.062,17102.004923076925
full,a3_720p,WestWindEasy_1280x720p30_420.y4m,720p_or_lower,VQ,0,10,26,1.0,0.743356,,,,,385.82,385.82,11510.874461538462
full,a3_720p,WestWindEasy_1280x720p30_420.y4m,720p_or_lower,VQ,0,10,35,1.0,0.639653,,,,,381.965,381.965,6274.851692307693
full,a3_720p,WestWindEasy_1280x720p30_420.y4m,720p_or_lower,VQ,0,10,44,1.0,0.646043,,,,,362.664,362.664,2981.004923076924
full,a3_720p,WestWindEasy_1280x720p30_420.y4m,720p_or_lower,VQ,0,10,52,1.0,0.647377,,,,,382.203,382.203,1355.7083076923077
full,a3_720p,WestWindEasy_1280x720p30_420.y4m,720p_or_lower,VQ,0,10,60,1.0,0.551379,,,,,365.91,365.91,438.9544615384616
