experiment_id,timestamp_utc,profile,status,dataset,video,input_path,resolution_tier,width,height,fps,bit_depth,chroma,input_size_bytes,input_md5,input_sha256,tune,tune_value,preset,crf,lp,run,warmup,frames,duration_seconds,encoder_time_ms,wall_time_seconds,average_speed_fps,peak_rss_bytes,peak_rss_mib,output_path,output_size_bytes,bitrate_kbps,output_md5,output_sha256,command,return_code,log_path
5c3d4655c030e3765bc0,2026-09-21T09:09:30.977449+00:00,meeting,ok,a4_360p,Stockholm_640x360_5994.y4m,/home/od26udiz/Desktop/c/Tuning-Mode-Analysis-for-SVT-AV1/SVT_AV1_Workspace/data/source/a4_360p/Stockholm_640x360_5994.y4m,720p_or_lower,640,360,59.94005994005994,8,420jpeg,44928844,62d126930a6c8f61f5267f0b21746cde,70cbf66bae4a8b5f70b5d9cf52a8547eda6feea49e6aeb4c3afb29c56d4c8ec6,VQ,0,1,18,0,1,0,130,2.168833333333333,8006,8.139857,16.238,317546496,302.836,/home/od26udiz/Desktop/c/Tuning-Mode-Analysis-for-SVT-AV1/SVT_AV1_Workspace/data/encoded/meeting/a4_360p/Stockholm_640x360_5994__VQ__p1__crf18__run1.ivf,604633,2230.2608161069697,79426335c30f9094a895fef0be8cf2e8,cdd28e894df907e6802921a049cd4452da2111e58a44bf6e42de7c8e8130dea9,/home/od26udiz/miniconda3/bin/SvtAv1EncApp -i /home/od26udiz/Desktop/c/Tuning-Mode-Analysis-for-SVT-AV1/SVT_AV1_Workspace/data/source/a4_360p/Stockholm_640x360_5994.y4m -b /home/od26udiz/Desktop/c/Tuning-Mode-Analysis-for-SVT-AV1/SVT_AV1_Workspace/data/encoded/meeting/a4_360p/Stockholm_640x360_5994__VQ__p1__crf18__run1.ivf --preset 1 --crf 18 --tune 0 --lp 0 --progress 1,0,/home/od26udiz/Desktop/c/Tuning-Mode-Analysis-for-SVT-AV1/SVT_AV1_Workspace/logs/meeting/a4_360p/Stockholm_640x360_5994__VQ__p1__crf18__run1.log
19dd76328516abbfec5e,2026-09-21T09:10:14.574067+00:00,meeting,ok,a4_360p,Stockholm_640x360_5994.y4m,/home/od26udiz/Desktop/c/Tuning-Mode-Analysis-for-SVT-AV1/SVT_AV1_Workspace/data/source/a4_360p/Stockholm_640x360_5994.y4m,720p_or_lower,640,360,59.94005994005994,8,420jpeg,44928844,62d126930a6c8f61f5267f0b21746cde,70cbf66bae4a8b5f70b5d9cf52a8547eda6feea49e6aeb4c3afb29c56d4c8ec6,VQ,0,1,26,0,1,0,130,2.168833333333333,8153,8.308768,15.944,329867264,314.586,/home/od26udiz/Desktop/c/Tuning-Mode-Analysis-for-SVT-AV1/SVT_AV1_Workspace/data/encoded/meeting/a4_360p/Stockholm_640x360_5994__VQ__p1__crf26__run1.ivf,342248,1262.422500576347,5344667ac5a0f957b5de3608eb64f15f,05e389e3c17978f5e55a1e5f672cc0879669f6105244acbc92d0446acf964fb9,/home/od26udiz/miniconda3/bin/SvtAv1EncApp -i /home/od26udiz/Desktop/c/Tuning-Mode-Analysis-for-SVT-AV1/SVT_AV1_Workspace/data/source/a4_360p/Stockholm_640x360_5994.y4m -b /home/od26udiz/Desktop/c/Tuning-Mode-Analysis-for-SVT-AV1/SVT_AV1_Workspace/data/encoded/meeting/a4_360p/Stockholm_640x360_5994__VQ__p1__crf26__run1.ivf --preset 1 --crf 26 --tune 0 --lp 0 --progress 1,0,/home/od26udiz/Desktop/c/Tuning-Mode-Analysis-for-SVT-AV1/SVT_AV1_Workspace/logs/meeting/a4_360p/Stockholm_640x360_5994__VQ__p1__crf26__run1.log
a367ccc6980066a986c4,2026-09-21T09:10:22.482825+00:00,meeting,ok,a4_360p,Stockholm_640x360_5994.y4m,/home/od26udiz/Desktop/c/Tuning-Mode-Analysis-for-SVT-AV1/SVT_AV1_Workspace/data/source/a4_360p/Stockholm_640x360_5994.y4m,720p_or_lower,640,360,59.94005994005994,8,420jpeg,44928844,62d126930a6c8f61f5267f0b21746cde,70cbf66bae4a8b5f70b5d9cf52a8547eda6feea49e6aeb4c3afb29c56d4c8ec6,VQ,0,1,35,0,1,0,130,2.168833333333333,7701,7.867742,16.88,339206144,323.492,/home/od26udiz/Desktop/c/Tuning-Mode-Analysis-for-SVT-AV1/SVT_AV1_Workspace/data/encoded/meeting/a4_360p/Stockholm_640x360_5994__VQ__p1__crf35__run1.ivf,204594,754.6693306693307,f5f6d79569de389ce5bf29fbc89afa7c,3b051194d38a7d2fe34785dca36a43f8fbca5c45edb53e81e429ded2cec91e17,/home/od26udiz/miniconda3/bin/SvtAv1EncApp -i /home/od26udiz/Desktop/c/Tuning-Mode-Analysis-for-SVT-AV1/SVT_AV1_Workspace/data/source/a4_360p/Stockholm_640x360_5994.y4m -b /home/od26udiz/Desktop/c/Tuning-Mode-Analysis-for-SVT-AV1/SVT_AV1_Workspace/data/encoded/meeting/a4_360p/Stockholm_640x360_5994__VQ__p1__crf35__run1.ivf --preset 1 --crf 35 --tune 0 --lp 0 --progress 1,0,/home/od26udiz/Desktop/c/Tuning-Mode-Analysis-for-SVT-AV1/SVT_AV1_Workspace/logs/meeting/a4_360p/Stockholm_640x360_5994__VQ__p1__crf35__run1.log
c6b3c6caf6bd550fca6b,2026-09-21T09:10:30.929213+00:00,meeting,ok,a4_360p,Stockholm_640x360_5994.y4m,/home/od26udiz/Desktop/c/Tuning-Mode-Analysis-for-SVT-AV1/SVT_AV1_Workspace/data/source/a4_360p/Stockholm_640x360_5994.y4m,720p_or_lower,640,360,59.94005994005994,8,420jpeg,44928844,62d126930a6c8f61f5267f0b21746cde,70cbf66bae4a8b5f70b5d9cf52a8547eda6feea49e6aeb4c3afb29c56d4c8ec6,VQ,0,1,44,0,1,0,130,2.168833333333333,8245,8.414679,15.766,347361280,331.27,/home/od26udiz/Desktop/c/Tuning-Mode-Analysis-for-SVT-AV1/SVT_AV1_Workspace/data/encoded/meeting/a4_360p/Stockholm_640x360_5994__VQ__p1__crf44__run1.ivf,124701,459.9744870514101,c38db48164a036a5dfe7df22b4a70d06,497bd7f4ac48214af9f36576fd31a0f917dd838f52dded5817bd23e0e4d98f22,/home/od26udiz/miniconda3/bin/SvtAv1EncApp -i /home/od26udiz/Desktop/c/Tuning-Mode-Analysis-for-SVT-AV1/SVT_AV1_Workspace/data/source/a4_360p/Stockholm_640x360_5994.y4m -b /home/od26udiz/Desktop/c/Tuning-Mode-Analysis-for-SVT-AV1/SVT_AV1_Workspace/data/encoded/meeting/a4_360p/Stockholm_640x360_5994__VQ__p1__crf44__run1.ivf --preset 1 --crf 44 --tune 0 --lp 0 --progress 1,0,/home/od26udiz/Desktop/c/Tuning-Mode-Analysis-for-SVT-AV1/SVT_AV1_Workspace/logs/meeting/a4_360p/Stockholm_640x360_5994__VQ__p1__crf44__run1.log
8bf8f699cce07f1c5a8c,2026-09-21T09:10:39.786231+00:00,meeting,ok,a4_360p,Stockholm_640x360_5994.y4m,/home/od26udiz/Desktop/c/Tuning-Mode-Analysis-for-SVT-AV1/SVT_AV1_Workspace/data/source/a4_360p/Stockholm_640x360_5994.y4m,720p_or_lower,640,360,59.94005994005994,8,420jpeg,44928844,62d126930a6c8f61f5267f0b21746cde,70cbf66bae4a8b5f70b5d9cf52a8547eda6feea49e6aeb4c3afb29c56d4c8ec6,VQ,0,1,52,0,1,0,130,2.168833333333333,8769,8.845681,14.826,359923712,343.25,/home/od26udiz/Desktop/c/Tuning-Mode-Analysis-for-SVT-AV1/SVT_AV1_Workspace/data/encoded/meeting/a4_360p/Stockholm_640x360_5994__VQ__p1__crf52__run1.ivf,82898,305.7791439329901,9a92a1ca95c172f381de909df9531ea3,a46fa4a3dfcc909767f9bb5b53d0a20ed6999d892457418332b154bc4e9f9d45,/home/od26udiz/miniconda3/bin/SvtAv1EncApp -i /home/od26udiz/Desktop/c/Tuning-Mode-Analysis-for-SVT-AV1/SVT_AV1_Workspace/data/source/a4_360p/Stockholm_640x360_5994.y4m -b /home/od26udiz/Desktop/c/Tuning-Mode-Analysis-for-SVT-AV1/SVT_AV1_Workspace/data/encoded/meeting/a4_360p/Stockholm_640x360_5994__VQ__p1__crf52__run1.ivf --preset 1 --crf 52 --tune 0 --lp 0 --progress 1,0,/home/od26udiz/Desktop/c/Tuning-Mode-Analysis-for-SVT-AV1/SVT_AV1_Workspace/logs/meeting/a4_360p/Stockholm_640x360_5994__VQ__p1__crf52__run1.log
01e1ca6a5f989cb2ba89,2026-09-21T09:10:54.080420+00:00,meeting,ok,a4_360p,Stockholm_640x360_5994.y4m,/home/od26udiz/Desktop/c/Tuning-Mode-Analysis-for-SVT-AV1/SVT_AV1_Workspace/data/source/a4_360p/Stockholm_640x360_5994.y4m,720p_or_lower,640,360,59.94005994005994,8,420jpeg,44928844,62d126930a6c8f61f5267f0b21746cde,70cbf66bae4a8b5f70b5d9cf52a8547eda6feea49e6aeb4c3afb29c56d4c8ec6,VQ,0,1,60,0,1,0,130,2.168833333333333,14122,14.279612,9.205,554057728,528.391,/home/od26udiz/Desktop/c/Tuning-Mode-Analysis-for-SVT-AV1/SVT_AV1_Workspace/data/encoded/meeting/a4_360p/Stockholm_640x360_5994__VQ__p1__crf60__run1.ivf,48284,178.1012833320526,2ff62b1bc3896e0d9431c29ad0c01fec,37bac9806a2a708cef0742bb2186f5494d37c68677a3be4c44f836ad86c21dbb,/home/od26udiz/miniconda3/bin/SvtAv1EncApp -i /home/od26udiz/Desktop/c/Tuning-Mode-Analysis-for-SVT-AV1/SVT_AV1_Workspace/data/source/a4_360p/Stockholm_640x360_5994.y4m -b /home/od26udiz/Desktop/c/Tuning-Mode-Analysis-for-SVT-AV1/SVT_AV1_Workspace/data/encoded/meeting/a4_360p/Stockholm_640x360_5994__VQ__p1__crf60__run1.ivf --preset 1 --crf 60 --tune 0 --lp 0 --progress 1,0,/home/od26udiz/Desktop/c/Tuning-Mode-Analysis-for-SVT-AV1/SVT_AV1_Workspace/logs/meeting/a4_360p/Stockholm_640x360_5994__VQ__p1__crf60__run1.log
83a7f3a10cfc5c1f8233,2026-09-21T09:10:54.575640+00:00,meeting,ok,a4_360p,Stockholm_640x360_5994.y4m,/home/od26udiz/Desktop/c/Tuning-Mode-Analysis-for-SVT-AV1/SVT_AV1_Workspace/data/source/a4_360p/Stockholm_640x360_5994.y4m,720p_or_lower,640,360,59.94005994005994,8,420jpeg,44928844,62d126930a6c8f61f5267f0b21746cde,70cbf66bae4a8b5f70b5d9cf52a8547eda6feea49e6aeb4c3afb29c56d4c8ec6,VQ,0,10,18,0,1,0,130,2.168833333333333,323,0.459265,401.995,139845632,133.367,/home/od26udiz/Desktop/c/Tuning-Mode-Analysis-for-SVT-AV1/SVT_AV1_Workspace/data/encoded/meeting/a4_360p/Stockholm_640x360_5994__VQ__p10__crf18__run1.ivf,1074365,3962.9232306155386,89509c96712e7941e8f955804008cad5,3036e9471e0482adde9231a6ca28c5dfbca53df8aaa7db0d6a06ce4ffcd6b381,/home/od26udiz/miniconda3/bin/SvtAv1EncApp -i /home/od26udiz/Desktop/c/Tuning-Mode-Analysis-for-SVT-AV1/SVT_AV1_Workspace/data/source/a4_360p/Stockholm_640x360_5994.y4m -b /home/od26udiz/Desktop/c/Tuning-Mode-Analysis-for-SVT-AV1/SVT_AV1_Workspace/data/encoded/meeting/a4_360p/Stockholm_640x360_5994__VQ__p10__crf18__run1.ivf --preset 10 --crf 18 --tune 0 --lp 0 --progress 1,0,/home/od26udiz/Desktop/c/Tuning-Mode-Analysis-for-SVT-AV1/SVT_AV1_Workspace/logs/meeting/a4_360p/Stockholm_640x360_5994__VQ__p10__crf18__run1.log
08c0959aa853c8d33c3f,2026-09-21T09:10:55.192518+00:00,meeting,ok,a4_360p,Stockholm_640x360_5994.y4m,/home/od26udiz/Desktop/c/Tuning-Mode-Analysis-for-SVT-AV1/SVT_AV1_Workspace/data/source/a4_360p/Stockholm_640x360_5994.y4m,720p_or_lower,640,360,59.94005994005994,8,420jpeg,44928844,62d126930a6c8f61f5267f0b21746cde,70cbf66bae4a8b5f70b5d9cf52a8547eda6feea49e6aeb4c3afb29c56d4c8ec6,VQ,0,10,26,0,1,0,130,2.168833333333333,379,0.542266,343.306,136265728,129.953,/home/od26udiz/Desktop/c/Tuning-Mode-Analysis-for-SVT-AV1/SVT_AV1_Workspace/data/encoded/meeting/a4_360p/Stockholm_640x360_5994__VQ__p10__crf26__run1.ivf,499207,1841.3844616921542,bbdded3c5282a77240859457520f61ca,2dea463e9f5427d32bc95bb0797eb3f81d1afa4a2627f3e4e21cb5b90cf5cfda,/home/od26udiz/miniconda3/bin/SvtAv1EncApp -i /home/od26udiz/Desktop/c/Tuning-Mode-Analysis-for-SVT-AV1/SVT_AV1_Workspace/data/source/a4_360p/Stockholm_640x360_5994.y4m -b /home/od26udiz/Desktop/c/Tuning-Mode-Analysis-for-SVT-AV1/SVT_AV1_Workspace/data/encoded/meeting/a4_360p/Stockholm_640x360_5994__VQ__p10__crf26__run1.ivf --preset 10 --crf 26 --tune 0 --lp 0 --progress 1,0,/home/od26udiz/Desktop/c/Tuning-Mode-Analysis-for-SVT-AV1/SVT_AV1_Workspace/logs/meeting/a4_360p/Stockholm_640x360_5994__VQ__p10__crf26__run1.log
85ff7975e29973f58cd2,2026-09-21T09:10:55.675254+00:00,meeting,ok,a4_360p,Stockholm_640x360_5994.y4m,/home/od26udiz/Desktop/c/Tuning-Mode-Analysis-for-SVT-AV1/SVT_AV1_Workspace/data/source/a4_360p/Stockholm_640x360_5994.y4m,720p_or_lower,640,360,59.94005994005994,8,420jpeg,44928844,62d126930a6c8f61f5267f0b21746cde,70cbf66bae4a8b5f70b5d9cf52a8547eda6feea49e6aeb4c3afb29c56d4c8ec6,VQ,0,10,35,0,1,0,130,2.168833333333333,263,0.459092,493.435,137269248,130.91,/home/od26udiz/Desktop/c/Tuning-Mode-Analysis-for-SVT-AV1/SVT_AV1_Workspace/data/encoded/meeting/a4_360p/Stockholm_640x360_5994__VQ__p10__crf35__run1.ivf,267853,988.0076846230694,5a934222c7a58cf56afd40d834aa319c,17e31aed97b891c178b878388103834c076e0d37d8c557cf1e6e13128233ef42,/home/od26udiz/miniconda3/bin/SvtAv1EncApp -i /home/od26udiz/Desktop/c/Tuning-Mode-Analysis-for-SVT-AV1/SVT_AV1_Workspace/data/source/a4_360p/Stockholm_640x360_5994.y4m -b /home/od26udiz/Desktop/c/Tuning-Mode-Analysis-for-SVT-AV1/SVT_AV1_Workspace/data/encoded/meeting/a4_360p/Stockholm_640x360_5994__VQ__p10__crf35__run1.ivf --preset 10 --crf 35 --tune 0 --lp 0 --progress 1,0,/home/od26udiz/Desktop/c/Tuning-Mode-Analysis-for-SVT-AV1/SVT_AV1_Workspace/logs/meeting/a4_360p/Stockholm_640x360_5994__VQ__p10__crf35__run1.log
e4d4186ca9a86d4350e6,2026-09-21T09:10:56.145263+00:00,meeting,ok,a4_360p,Stockholm_640x360_5994.y4m,/home/od26udiz/Desktop/c/Tuning-Mode-Analysis-for-SVT-AV1/SVT_AV1_Workspace/data/source/a4_360p/Stockholm_640x360_5994.y4m,720p_or_lower,640,360,59.94005994005994,8,420jpeg,44928844,62d126930a6c8f61f5267f0b21746cde,70cbf66bae4a8b5f70b5d9cf52a8547eda6feea49e6aeb4c3afb29c56d4c8ec6,VQ,0,10,44,0,1,0,130,2.168833333333333,251,0.454321,516.911,132734976,126.586,/home/od26udiz/Desktop/c/Tuning-Mode-Analysis-for-SVT-AV1/SVT_AV1_Workspace/data/encoded/meeting/a4_360p/Stockholm_640x360_5994__VQ__p10__crf44__run1.ivf,149650,552.0018443095366,656148fd07e82c52d5ff99bdaf6f1d65,aaa4028a06c6b9127e4ac328b25f9e4cf4cc27a11358a0370ebe0839b39cdb95,/home/od26udiz/miniconda3/bin/SvtAv1EncApp -i /home/od26udiz/Desktop/c/Tuning-Mode-Analysis-for-SVT-AV1/SVT_AV1_Workspace/data/source/a4_360p/Stockholm_640x360_5994.y4m -b /home/od26udiz/Desktop/c/Tuning-Mode-Analysis-for-SVT-AV1/SVT_AV1_Workspace/data/encoded/meeting/a4_360p/Stockholm_640x360_5994__VQ__p10__crf44__run1.ivf --preset 10 --crf 44 --tune 0 --lp 0 --progress 1,0,/home/od26udiz/Desktop/c/Tuning-Mode-Analysis-for-SVT-AV1/SVT_AV1_Workspace/logs/meeting/a4_360p/Stockholm_640x360_5994__VQ__p10__crf44__run1.log
70c2faff408b25b632d3,2026-09-21T09:10:56.594061+00:00,meeting,ok,a4_360p,Stockholm_640x360_5994.y4m,/home/od26udiz/Desktop/c/Tuning-Mode-Analysis-for-SVT-AV1/SVT_AV1_Workspace/data/source/a4_360p/Stockholm_640x360_5994.y4m,720p_or_lower,640,360,59.94005994005994,8,420jpeg,44928844,62d126930a6c8f61f5267f0b21746cde,70cbf66bae4a8b5f70b5d9cf52a8547eda6feea49e6aeb4c3afb29c56d4c8ec6,VQ,0,10,52,0,1,0,130,2.168833333333333,293,0.434093,443.028,131899392,125.789,/home/od26udiz/Desktop/c/Tuning-Mode-Analysis-for-SVT-AV1/SVT_AV1_Workspace/data/encoded/meeting/a4_360p/Stockholm_640x360_5994__VQ__p10__crf52__run1.ivf,86917,320.60370398831935,a132c7fdfd179d5ca2c65acb50fc8c72,03f99a99ef76c02473570e950234dd70b293d8e3805e22cb186e6d5a6501e4bf,/home/od26udiz/miniconda3/bin/SvtAv1EncApp -i /home/od26udiz/Desktop/c/Tuning-Mode-Analysis-for-SVT-AV1/SVT_AV1_Workspace/data/source/a4_360p/Stockholm_640x360_5994.y4m -b /home/od26udiz/Desktop/c/Tuning-Mode-Analysis-for-SVT-AV1/SVT_AV1_Workspace/data/encoded/meeting/a4_360p/Stockholm_640x360_5994__VQ__p10__crf52__run1.ivf --preset 10 --crf 52 --tune 0 --lp 0 --progress 1,0,/home/od26udiz/Desktop/c/Tuning-Mode-Analysis-for-SVT-AV1/SVT_AV1_Workspace/logs/meeting/a4_360p/Stockholm_640x360_5994__VQ__p10__crf52__run1.log
c9aa67e69ab55c97df04,2026-09-21T09:10:56.972417+00:00,meeting,ok,a4_360p,Stockholm_640x360_5994.y4m,/home/od26udiz/Desktop/c/Tuning-Mode-Analysis-for-SVT-AV1/SVT_AV1_Workspace/data/source/a4_360p/Stockholm_640x360_5994.y4m,720p_or_lower,640,360,59.94005994005994,8,420jpeg,44928844,62d126930a6c8f61f5267f0b21746cde,70cbf66bae4a8b5f70b5d9cf52a8547eda6feea49e6aeb4c3afb29c56d4c8ec6,VQ,0,10,60,0,1,0,130,2.168833333333333,242,0.34829,537.995,132096000,125.977,/home/od26udiz/Desktop/c/Tuning-Mode-Analysis-for-SVT-AV1/SVT_AV1_Workspace/data/encoded/meeting/a4_360p/Stockholm_640x360_5994__VQ__p10__crf60__run1.ivf,46873,172.89664181971875,052b7c5ba0ff93caee856f13ca5356dc,b795f1b58d861e38b1ec3b52ef2e50388d011a9975c5fb4eb1e72b2c8fa13ff9,/home/od26udiz/miniconda3/bin/SvtAv1EncApp -i /home/od26udiz/Desktop/c/Tuning-Mode-Analysis-for-SVT-AV1/SVT_AV1_Workspace/data/source/a4_360p/Stockholm_640x360_5994.y4m -b /home/od26udiz/Desktop/c/Tuning-Mode-Analysis-for-SVT-AV1/SVT_AV1_Workspace/data/encoded/meeting/a4_360p/Stockholm_640x360_5994__VQ__p10__crf60__run1.ivf --preset 10 --crf 60 --tune 0 --lp 0 --progress 1,0,/home/od26udiz/Desktop/c/Tuning-Mode-Analysis-for-SVT-AV1/SVT_AV1_Workspace/logs/meeting/a4_360p/Stockholm_640x360_5994__VQ__p10__crf60__run1.log
5765e9f77a7eb71af2a4,2026-09-21T09:11:06.060948+00:00,meeting,ok,a4_360p,Stockholm_640x360_5994.y4m,/home/od26udiz/Desktop/c/Tuning-Mode-Analysis-for-SVT-AV1/SVT_AV1_Workspace/data/source/a4_360p/Stockholm_640x360_5994.y4m,720p_or_lower,640,360,59.94005994005994,8,420jpeg,44928844,62d126930a6c8f61f5267f0b21746cde,70cbf66bae4a8b5f70b5d9cf52a8547eda6feea49e6aeb4c3afb29c56d4c8ec6,PSNR,1,1,18,0,1,0,130,2.168833333333333,8922,9.062101,14.57,323379200,308.398,/home/od26udiz/Desktop/c/Tuning-Mode-Analysis-for-SVT-AV1/SVT_AV1_Workspace/data/encoded/meeting/a4_360p/Stockholm_640x360_5994__PSNR__p1__crf18__run1.ivf,493681,1821.0011526934604,352ac0483702c8476a3898d8b8bc68b5,ec870abd5a1f80c3a0e08700912d1cd4be9e35d0772b225d4bb5a6cc6a4ba028,/home/od26udiz/miniconda3/bin/SvtAv1EncApp -i /home/od26udiz/Desktop/c/Tuning-Mode-Analysis-for-SVT-AV1/SVT_AV1_Workspace/data/source/a4_360p/Stockholm_640x360_5994.y4m -b /home/od26udiz/Desktop/c/Tuning-Mode-Analysis-for-SVT-AV1/SVT_AV1_Workspace/data/encoded/meeting/a4_360p/Stockholm_640x360_5994__PSNR__p1__crf18__run1.ivf --preset 1 --crf 18 --tune 1 --lp 0 --progress 1,0,/home/od26udiz/Desktop/c/Tuning-Mode-Analysis-for-SVT-AV1/SVT_AV1_Workspace/logs/meeting/a4_360p/Stockholm_640x360_5994__PSNR__p1__crf18__run1.log
48acf258bbc6c435c002,2026-09-21T09:11:14.492050+00:00,meeting,ok,a4_360p,Stockholm_640x360_5994.y4m,/home/od26udiz/Desktop/c/Tuning-Mode-Analysis-for-SVT-AV1/SVT_AV1_Workspace/data/source/a4_360p/Stockholm_640x360_5994.y4m,720p_or_lower,640,360,59.94005994005994,8,420jpeg,44928844,62d126930a6c8f61f5267f0b21746cde,70cbf66bae4a8b5f70b5d9cf52a8547eda6feea49e6aeb4c3afb29c56d4c8ec6,PSNR,1,1,26,0,1,0,130,2.168833333333333,8249,8.407001,15.76,335491072,319.949,/home/od26udiz/Desktop/c/Tuning-Mode-Analysis-for-SVT-AV1/SVT_AV1_Workspace/data/encoded/meeting/a4_360p/Stockholm_640x360_5994__PSNR__p1__crf26__run1.ivf,303162,1118.2491354799047,579e74f6c19aae054997c1cecfa1b888,d4bd656da8c69a35f9fed9a50d5c4a7340508e6f4081333e82bf0a9d1ae6151c,/home/od26udiz/miniconda3/bin/SvtAv1EncApp -i /home/od26udiz/Desktop/c/Tuning-Mode-Analysis-for-SVT-AV1/SVT_AV1_Workspace/data/source/a4_360p/Stockholm_640x360_5994.y4m -b /home/od26udiz/Desktop/c/Tuning-Mode-Analysis-for-SVT-AV1/SVT_AV1_Workspace/data/encoded/meeting/a4_360p/Stockholm_640x360_5994__PSNR__p1__crf26__run1.ivf --preset 1 --crf 26 --tune 1 --lp 0 --progress 1,0,/home/od26udiz/Desktop/c/Tuning-Mode-Analysis-for-SVT-AV1/SVT_AV1_Workspace/logs/meeting/a4_360p/Stockholm_640x360_5994__PSNR__p1__crf26__run1.log
2792d7083d73e9cba805,2026-09-21T09:11:23.165495+00:00,meeting,ok,a4_360p,Stockholm_640x360_5994.y4m,/home/od26udiz/Desktop/c/Tuning-Mode-Analysis-for-SVT-AV1/SVT_AV1_Workspace/data/source/a4_360p/Stockholm_640x360_5994.y4m,720p_or_lower,640,360,59.94005994005994,8,420jpeg,44928844,62d126930a6c8f61f5267f0b21746cde,70cbf66bae4a8b5f70b5d9cf52a8547eda6feea49e6aeb4c3afb29c56d4c8ec6,PSNR,1,1,35,0,1,0,130,2.168833333333333,8557,8.657583,15.193,342511616,326.645,/home/od26udiz/Desktop/c/Tuning-Mode-Analysis-for-SVT-AV1/SVT_AV1_Workspace/data/encoded/meeting/a4_360p/Stockholm_640x360_5994__PSNR__p1__crf35__run1.ivf,188407,694.9616537308846,dd9b65cd4c59ffab713421f3a94bed1a,4deb944565872af5f98cce5cbb6c91ba29fc118b99f9982aeb91820b1c48a5f6,/home/od26udiz/miniconda3/bin/SvtAv1EncApp -i /home/od26udiz/Desktop/c/Tuning-Mode-Analysis-for-SVT-AV1/SVT_AV1_Workspace/data/source/a4_360p/Stockholm_640x360_5994.y4m -b /home/od26udiz/Desktop/c/Tuning-Mode-Analysis-for-SVT-AV1/SVT_AV1_Workspace/data/encoded/meeting/a4_360p/Stockholm_640x360_5994__PSNR__p1__crf35__run1.ivf --preset 1 --crf 35 --tune 1 --lp 0 --progress 1,0,/home/od26udiz/Desktop/c/Tuning-Mode-Analysis-for-SVT-AV1/SVT_AV1_Workspace/logs/meeting/a4_360p/Stockholm_640x360_5994__PSNR__p1__crf35__run1.log
8907bc8dede4c68be90c,2026-09-21T09:11:33.200180+00:00,meeting,ok,a4_360p,Stockholm_640x360_5994.y4m,/home/od26udiz/Desktop/c/Tuning-Mode-Analysis-for-SVT-AV1/SVT_AV1_Workspace/data/source/a4_360p/Stockholm_640x360_5994.y4m,720p_or_lower,640,360,59.94005994005994,8,420jpeg,44928844,62d126930a6c8f61f5267f0b21746cde,70cbf66bae4a8b5f70b5d9cf52a8547eda6feea49e6aeb4c3afb29c56d4c8ec6,PSNR,1,1,44,0,1,0,130,2.168833333333333,9850,9.999865,13.198,350928896,334.672,/home/od26udiz/Desktop/c/Tuning-Mode-Analysis-for-SVT-AV1/SVT_AV1_Workspace/data/encoded/meeting/a4_360p/Stockholm_640x360_5994__PSNR__p1__crf44__run1.ivf,118255,436.19764850534085,0a6fb7883d921affc25bd39cfb2e97d8,5339bcd1fa70425bc4c3531491b6fd1a47fc9237459682da7360e30b8f1a3ad1,/home/od26udiz/miniconda3/bin/SvtAv1EncApp -i /home/od26udiz/Desktop/c/Tuning-Mode-Analysis-for-SVT-AV1/SVT_AV1_Workspace/data/source/a4_360p/Stockholm_640x360_5994.y4m -b /home/od26udiz/Desktop/c/Tuning-Mode-Analysis-for-SVT-AV1/SVT_AV1_Workspace/data/encoded/meeting/a4_360p/Stockholm_640x360_5994__PSNR__p1__crf44__run1.ivf --preset 1 --crf 44 --tune 1 --lp 0 --progress 1,0,/home/od26udiz/Desktop/c/Tuning-Mode-Analysis-for-SVT-AV1/SVT_AV1_Workspace/logs/meeting/a4_360p/Stockholm_640x360_5994__PSNR__p1__crf44__run1.log
6790c462a9e014c09b3f,2026-09-21T09:11:42.154942+00:00,meeting,ok,a4_360p,Stockholm_640x360_5994.y4m,/home/od26udiz/Desktop/c/Tuning-Mode-Analysis-for-SVT-AV1/SVT_AV1_Workspace/data/source/a4_360p/Stockholm_640x360_5994.y4m,720p_or_lower,640,360,59.94005994005994,8,420jpeg,44928844,62d126930a6c8f61f5267f0b21746cde,70cbf66bae4a8b5f70b5d9cf52a8547eda6feea49e6aeb4c3afb29c56d4c8ec6,PSNR,1,1,52,0,1,0,130,2.168833333333333,8797,8.943271,14.777,357031936,340.492,/home/od26udiz/Desktop/c/Tuning-Mode-Analysis-for-SVT-AV1/SVT_AV1_Workspace/data/encoded/meeting/a4_360p/Stockholm_640x360_5994__PSNR__p1__crf52__run1.ivf,79877,294.6358257127488,5b56c57a5596efa6e858a815128239d7,b501ee6107d6277be9983850c413e33f5c2a5d6af6a27b44f9b453be4fa3e0dc,/home/od26udiz/miniconda3/bin/SvtAv1EncApp -i /home/od26udiz/Desktop/c/Tuning-Mode-Analysis-for-SVT-AV1/SVT_AV1_Workspace/data/source/a4_360p/Stockholm_640x360_5994.y4m -b /home/od26udiz/Desktop/c/Tuning-Mode-Analysis-for-SVT-AV1/SVT_AV1_Workspace/data/encoded/meeting/a4_360p/Stockholm_640x360_5994__PSNR__p1__crf52__run1.ivf --preset 1 --crf 52 --tune 1 --lp 0 --progress 1,0,/home/od26udiz/Desktop/c/Tuning-Mode-Analysis-for-SVT-AV1/SVT_AV1_Workspace/logs/meeting/a4_360p/Stockholm_640x360_5994__PSNR__p1__crf52__run1.log
88f0c2bd39ccb365c3ff,2026-09-21T09:11:55.545923+00:00,meeting,ok,a4_360p,Stockholm_640x360_5994.y4m,/home/od26udiz/Desktop/c/Tuning-Mode-Analysis-for-SVT-AV1/SVT_AV1_Workspace/data/source/a4_360p/Stockholm_640x360_5994.y4m,720p_or_lower,640,360,59.94005994005994,8,420jpeg,44928844,62d126930a6c8f61f5267f0b21746cde,70cbf66bae4a8b5f70b5d9cf52a8547eda6feea49e6aeb4c3afb29c56d4c8ec6,PSNR,1,1,60,0,1,0,130,2.168833333333333,13196,13.381424,9.851,560660480,534.688,/home/od26udiz/Desktop/c/Tuning-Mode-Analysis-for-SVT-AV1/SVT_AV1_Workspace/data/encoded/meeting/a4_360p/Stockholm_640x360_5994__PSNR__p1__crf60__run1.ivf,46395,171.1334819027127,8bf70a05c7cf51e9bf885e2e94569feb,5320346c1853b30d195907502fa25ea261941800b4d1e9af539363225194f990,/home/od26udiz/miniconda3/bin/SvtAv1EncApp -i /home/od26udiz/Desktop/c/Tuning-Mode-Analysis-for-SVT-AV1/SVT_AV1_Workspace/data/source/a4_360p/Stockholm_640x360_5994.y4m -b /home/od26udiz/Desktop/c/Tuning-Mode-Analysis-for-SVT-AV1/SVT_AV1_Workspace/data/encoded/meeting/a4_360p/Stockholm_640x360_5994__PSNR__p1__crf60__run1.ivf --preset 1 --crf 60 --tune 1 --lp 0 --progress 1,0,/home/od26udiz/Desktop/c/Tuning-Mode-Analysis-for-SVT-AV1/SVT_AV1_Workspace/logs/meeting/a4_360p/Stockholm_640x360_5994__PSNR__p1__crf60__run1.log
de14cf32a451ef0296e2,2026-09-21T09:11:55.896124+00:00,meeting,ok,a4_360p,Stockholm_640x360_5994.y4m,/home/od26udiz/Desktop/c/Tuning-Mode-Analysis-for-SVT-AV1/SVT_AV1_Workspace/data/source/a4_360p/Stockholm_640x360_5994.y4m,720p_or_lower,640,360,59.94005994005994,8,420jpeg,44928844,62d126930a6c8f61f5267f0b21746cde,70cbf66bae4a8b5f70b5d9cf52a8547eda6feea49e6aeb4c3afb29c56d4c8ec6,PSNR,1,10,18,0,1,0,130,2.168833333333333,224,0.339202,580.287,138461184,132.047,/home/od26udiz/Desktop/c/Tuning-Mode-Analysis-for-SVT-AV1/SVT_AV1_Workspace/data/encoded/meeting/a4_360p/Stockholm_640x360_5994__PSNR__p10__crf18__run1.ivf,966634,3565.544609236917,197b8dabbe33893402e36a04aaa174f9,e3aba9be36fd97056ed75b48a057a9e2c9cc52cbba9edeafc1b8907a97811791,/home/od26udiz/miniconda3/bin/SvtAv1EncApp -i /home/od26udiz/Desktop/c/Tuning-Mode-Analysis-for-SVT-AV1/SVT_AV1_Workspace/data/source/a4_360p/Stockholm_640x360_5994.y4m -b /home/od26udiz/Desktop/c/Tuning-Mode-Analysis-for-SVT-AV1/SVT_AV1_Workspace/data/encoded/meeting/a4_360p/Stockholm_640x360_5994__PSNR__p10__crf18__run1.ivf --preset 10 --crf 18 --tune 1 --lp 0 --progress 1,0,/home/od26udiz/Desktop/c/Tuning-Mode-Analysis-for-SVT-AV1/SVT_AV1_Workspace/logs/meeting/a4_360p/Stockholm_640x360_5994__PSNR__p10__crf18__run1.log
3635f5a13388c5b1cc1e,2026-09-21T09:11:56.246082+00:00,meeting,ok,a4_360p,Stockholm_640x360_5994.y4m,/home/od26udiz/Desktop/c/Tuning-Mode-Analysis-for-SVT-AV1/SVT_AV1_Workspace/data/source/a4_360p/Stockholm_640x360_5994.y4m,720p_or_lower,640,360,59.94005994005994,8,420jpeg,44928844,62d126930a6c8f61f5267f0b21746cde,70cbf66bae4a8b5f70b5d9cf52a8547eda6feea49e6aeb4c3afb29c56d4c8ec6,PSNR,1,10,26,0,1,0,130,2.168833333333333,177,0.334453,732.679,139001856,132.562,/home/od26udiz/Desktop/c/Tuning-Mode-Analysis-for-SVT-AV1/SVT_AV1_Workspace/data/encoded/meeting/a4_360p/Stockholm_640x360_5994__PSNR__p10__crf26__run1.ivf,446274,1646.1347882886346,67608de5f75ee6a78d43bdadb4eca939,20585db207128f2d12e0279049d3514253b5f6c47c3ba54b41432bc8ca9b498f,/home/od26udiz/miniconda3/bin/SvtAv1EncApp -i /home/od26udiz/Desktop/c/Tuning-Mode-Analysis-for-SVT-AV1/SVT_AV1_Workspace/data/source/a4_360p/Stockholm_640x360_5994.y4m -b /home/od26udiz/Desktop/c/Tuning-Mode-Analysis-for-SVT-AV1/SVT_AV1_Workspace/data/encoded/meeting/a4_360p/Stockholm_640x360_5994__PSNR__p10__crf26__run1.ivf --preset 10 --crf 26 --tune 1 --lp 0 --progress 1,0,/home/od26udiz/Desktop/c/Tuning-Mode-Analysis-for-SVT-AV1/SVT_AV1_Workspace/logs/meeting/a4_360p/Stockholm_640x360_5994__PSNR__p10__crf26__run1.log
e9d66d15a8e9d9686ffb,2026-09-21T09:11:56.598821+00:00,meeting,ok,a4_360p,Stockholm_640x360_5994.y4m,/home/od26udiz/Desktop/c/Tuning-Mode-Analysis-for-SVT-AV1/SVT_AV1_Workspace/data/source/a4_360p/Stockholm_640x360_5994.y4m,720p_or_lower,640,360,59.94005994005994,8,420jpeg,44928844,62d126930a6c8f61f5267f0b21746cde,70cbf66bae4a8b5f70b5d9cf52a8547eda6feea49e6aeb4c3afb29c56d4c8ec6,PSNR,1,10,35,0,1,0,130,2.168833333333333,178,0.335251,732.349,136404992,130.086,/home/od26udiz/Desktop/c/Tuning-Mode-Analysis-for-SVT-AV1/SVT_AV1_Workspace/data/encoded/meeting/a4_360p/Stockholm_640x360_5994__PSNR__p10__crf35__run1.ivf,233194,860.1638361638362,2419648853a01f9b37f2aa1cdea8913f,1986843584fb3635b38a357a2ec4bc006be58bfbb8c3e7032dc517611a08bfe9,/home/od26udiz/miniconda3/bin/SvtAv1EncApp -i /home/od26udiz/Desktop/c/Tuning-Mode-Analysis-for-SVT-AV1/SVT_AV1_Workspace/data/source/a4_360p/Stockholm_640x360_5994.y4m -b /home/od26udiz/Desktop/c/Tuning-Mode-Analysis-for-SVT-AV1/SVT_AV1_Workspace/data/encoded/meeting/a4_360p/Stockholm_640x360_5994__PSNR__p10__crf35__run1.ivf --preset 10 --crf 35 --tune 1 --lp 0 --progress 1,0,/home/od26udiz/Desktop/c/Tuning-Mode-Analysis-for-SVT-AV1/SVT_AV1_Workspace/logs/meeting/a4_360p/Stockholm_640x360_5994__PSNR__p10__crf35__run1.log
edff7db306a0027342a0,2026-09-21T09:11:56.925074+00:00,meeting,ok,a4_360p,Stockholm_640x360_5994.y4m,/home/od26udiz/Desktop/c/Tuning-Mode-Analysis-for-SVT-AV1/SVT_AV1_Workspace/data/source/a4_360p/Stockholm_640x360_5994.y4m,720p_or_lower,640,360,59.94005994005994,8,420jpeg,44928844,62d126930a6c8f61f5267f0b21746cde,70cbf66bae4a8b5f70b5d9cf52a8547eda6feea49e6aeb4c3afb29c56d4c8ec6,PSNR,1,10,44,0,1,0,130,2.168833333333333,174,0.316558,745.058,130764800,124.707,/home/od26udiz/Desktop/c/Tuning-Mode-Analysis-for-SVT-AV1/SVT_AV1_Workspace/data/encoded/meeting/a4_360p/Stockholm_640x360_5994__PSNR__p10__crf44__run1.ivf,135311,499.11073541842774,f5868dc6af7958a1ed57e14182a8244b,1a15b3fff27bcc08534296b087d8ec7d70ce73918546f5efc9c58a6f09373629,/home/od26udiz/miniconda3/bin/SvtAv1EncApp -i /home/od26udiz/Desktop/c/Tuning-Mode-Analysis-for-SVT-AV1/SVT_AV1_Workspace/data/source/a4_360p/Stockholm_640x360_5994.y4m -b /home/od26udiz/Desktop/c/Tuning-Mode-Analysis-for-SVT-AV1/SVT_AV1_Workspace/data/encoded/meeting/a4_360p/Stockholm_640x360_5994__PSNR__p10__crf44__run1.ivf --preset 10 --crf 44 --tune 1 --lp 0 --progress 1,0,/home/od26udiz/Desktop/c/Tuning-Mode-Analysis-for-SVT-AV1/SVT_AV1_Workspace/logs/meeting/a4_360p/Stockholm_640x360_5994__PSNR__p10__crf44__run1.log
d4d2486caf19bf9a2ca0,2026-09-21T09:11:57.257781+00:00,meeting,ok,a4_360p,Stockholm_640x360_5994.y4m,/home/od26udiz/Desktop/c/Tuning-Mode-Analysis-for-SVT-AV1/SVT_AV1_Workspace/data/source/a4_360p/Stockholm_640x360_5994.y4m,720p_or_lower,640,360,59.94005994005994,8,420jpeg,44928844,62d126930a6c8f61f5267f0b21746cde,70cbf66bae4a8b5f70b5d9cf52a8547eda6feea49e6aeb4c3afb29c56d4c8ec6,PSNR,1,10,52,0,1,0,130,2.168833333333333,206,0.323724,630.095,133808128,127.609,/home/od26udiz/Desktop/c/Tuning-Mode-Analysis-for-SVT-AV1/SVT_AV1_Workspace/data/encoded/meeting/a4_360p/Stockholm_640x360_5994__PSNR__p10__crf52__run1.ivf,84046,310.01367862906324,6ccaaf0ea788972584f6348c0ee49a4f,e6f27f5490b34d5f9f8077ea034bf7b89d9d984236ad28d42897cc49f142efcc,/home/od26udiz/miniconda3/bin/SvtAv1EncApp -i /home/od26udiz/Desktop/c/Tuning-Mode-Analysis-for-SVT-AV1/SVT_AV1_Workspace/data/source/a4_360p/Stockholm_640x360_5994.y4m -b /home/od26udiz/Desktop/c/Tuning-Mode-Analysis-for-SVT-AV1/SVT_AV1_Workspace/data/encoded/meeting/a4_360p/Stockholm_640x360_5994__PSNR__p10__crf52__run1.ivf --preset 10 --crf 52 --tune 1 --lp 0 --progress 1,0,/home/od26udiz/Desktop/c/Tuning-Mode-Analysis-for-SVT-AV1/SVT_AV1_Workspace/logs/meeting/a4_360p/Stockholm_640x360_5994__PSNR__p10__crf52__run1.log
4cfa57b9c69d7aff2b55,2026-09-21T09:11:57.584961+00:00,meeting,ok,a4_360p,Stockholm_640x360_5994.y4m,/home/od26udiz/Desktop/c/Tuning-Mode-Analysis-for-SVT-AV1/SVT_AV1_Workspace/data/source/a4_360p/Stockholm_640x360_5994.y4m,720p_or_lower,640,360,59.94005994005994,8,420jpeg,44928844,62d126930a6c8f61f5267f0b21746cde,70cbf66bae4a8b5f70b5d9cf52a8547eda6feea49e6aeb4c3afb29c56d4c8ec6,PSNR,1,10,60,0,1,0,130,2.168833333333333,192,0.318467,676.851,135639040,129.355,/home/od26udiz/Desktop/c/Tuning-Mode-Analysis-for-SVT-AV1/SVT_AV1_Workspace/data/encoded/meeting/a4_360p/Stockholm_640x360_5994__PSNR__p10__crf60__run1.ivf,44498,164.13617152078692,ba6d3024eb3d78bdfddc287814b9e41b,03be41c6270ad15f5d1684f40637411819339df95e2f752196055f09e58588ba,/home/od26udiz/miniconda3/bin/SvtAv1EncApp -i /home/od26udiz/Desktop/c/Tuning-Mode-Analysis-for-SVT-AV1/SVT_AV1_Workspace/data/source/a4_360p/Stockholm_640x360_5994.y4m -b /home/od26udiz/Desktop/c/Tuning-Mode-Analysis-for-SVT-AV1/SVT_AV1_Workspace/data/encoded/meeting/a4_360p/Stockholm_640x360_5994__PSNR__p10__crf60__run1.ivf --preset 10 --crf 60 --tune 1 --lp 0 --progress 1,0,/home/od26udiz/Desktop/c/Tuning-Mode-Analysis-for-SVT-AV1/SVT_AV1_Workspace/logs/meeting/a4_360p/Stockholm_640x360_5994__PSNR__p10__crf60__run1.log
88d0ae35b9d89b26b94b,2026-09-21T09:12:06.082789+00:00,meeting,ok,a4_360p,Stockholm_640x360_5994.y4m,/home/od26udiz/Desktop/c/Tuning-Mode-Analysis-for-SVT-AV1/SVT_AV1_Workspace/data/source/a4_360p/Stockholm_640x360_5994.y4m,720p_or_lower,640,360,59.94005994005994,8,420jpeg,44928844,62d126930a6c8f61f5267f0b21746cde,70cbf66bae4a8b5f70b5d9cf52a8547eda6feea49e6aeb4c3afb29c56d4c8ec6,SSIM,2,1,18,0,1,0,130,2.168833333333333,8382,8.484491,15.51,329285632,314.031,/home/od26udiz/Desktop/c/Tuning-Mode-Analysis-for-SVT-AV1/SVT_AV1_Workspace/data/encoded/meeting/a4_360p/Stockholm_640x360_5994__SSIM__p1__crf18__run1.ivf,475431,1753.6838546069316,a8e6a86ffff8eb309a32922e4f3dc4b1,c0ea26ded2792a65a3144d7df2365b76bde9149ab3ad5c3ffe2105f0b5fe28a9,/home/od26udiz/miniconda3/bin/SvtAv1EncApp -i /home/od26udiz/Desktop/c/Tuning-Mode-Analysis-for-SVT-AV1/SVT_AV1_Workspace/data/source/a4_360p/Stockholm_640x360_5994.y4m -b /home/od26udiz/Desktop/c/Tuning-Mode-Analysis-for-SVT-AV1/SVT_AV1_Workspace/data/encoded/meeting/a4_360p/Stockholm_640x360_5994__SSIM__p1__crf18__run1.ivf --preset 1 --crf 18 --tune 2 --lp 0 --progress 1,0,/home/od26udiz/Desktop/c/Tuning-Mode-Analysis-for-SVT-AV1/SVT_AV1_Workspace/logs/meeting/a4_360p/Stockholm_640x360_5994__SSIM__p1__crf18__run1.log
7f0c1d41c6a64635d8b2,2026-09-21T09:12:14.733000+00:00,meeting,ok,a4_360p,Stockholm_640x360_5994.y4m,/home/od26udiz/Desktop/c/Tuning-Mode-Analysis-for-SVT-AV1/SVT_AV1_Workspace/data/source/a4_360p/Stockholm_640x360_5994.y4m,720p_or_lower,640,360,59.94005994005994,8,420jpeg,44928844,62d126930a6c8f61f5267f0b21746cde,70cbf66bae4a8b5f70b5d9cf52a8547eda6feea49e6aeb4c3afb29c56d4c8ec6,SSIM,2,1,26,0,1,0,130,2.168833333333333,8519,8.631776,15.261,336306176,320.727,/home/od26udiz/Desktop/c/Tuning-Mode-Analysis-for-SVT-AV1/SVT_AV1_Workspace/data/encoded/meeting/a4_360p/Stockholm_640x360_5994__SSIM__p1__crf26__run1.ivf,289338,1067.2576654115117,ba5841797eb5eb362b80c74174f09691,c78d409ca04e2cc54df982eafe8f30a679999720f023e74b231ad95182ec5f88,/home/od26udiz/miniconda3/bin/SvtAv1EncApp -i /home/od26udiz/Desktop/c/Tuning-Mode-Analysis-for-SVT-AV1/SVT_AV1_Workspace/data/source/a4_360p/Stockholm_640x360_5994.y4m -b /home/od26udiz/Desktop/c/Tuning-Mode-Analysis-for-SVT-AV1/SVT_AV1_Workspace/data/encoded/meeting/a4_360p/Stockholm_640x360_5994__SSIM__p1__crf26__run1.ivf --preset 1 --crf 26 --tune 2 --lp 0 --progress 1,0,/home/od26udiz/Desktop/c/Tuning-Mode-Analysis-for-SVT-AV1/SVT_AV1_Workspace/logs/meeting/a4_360p/Stockholm_640x360_5994__SSIM__p1__crf26__run1.log
c8e3bf094ad86629e123,2026-09-21T09:12:23.157408+00:00,meeting,ok,a4_360p,Stockholm_640x360_5994.y4m,/home/od26udiz/Desktop/c/Tuning-Mode-Analysis-for-SVT-AV1/SVT_AV1_Workspace/data/source/a4_360p/Stockholm_640x360_5994.y4m,720p_or_lower,640,360,59.94005994005994,8,420jpeg,44928844,62d126930a6c8f61f5267f0b21746cde,70cbf66bae4a8b5f70b5d9cf52a8547eda6feea49e6aeb4c3afb29c56d4c8ec6,SSIM,2,1,35,0,1,0,130,2.168833333333333,8250,8.410153,15.757,342024192,326.18,/home/od26udiz/Desktop/c/Tuning-Mode-Analysis-for-SVT-AV1/SVT_AV1_Workspace/data/encoded/meeting/a4_360p/Stockholm_640x360_5994__SSIM__p1__crf35__run1.ivf,181086,667.9572734957351,a0315f471529e78d132b4eb5b684bc80,f514e960eb35943d793d8f87c4b8fb35d4759143ddf0e874d80d1cb0903be460,/home/od26udiz/miniconda3/bin/SvtAv1EncApp -i /home/od26udiz/Desktop/c/Tuning-Mode-Analysis-for-SVT-AV1/SVT_AV1_Workspace/data/source/a4_360p/Stockholm_640x360_5994.y4m -b /home/od26udiz/Desktop/c/Tuning-Mode-Analysis-for-SVT-AV1/SVT_AV1_Workspace/data/encoded/meeting/a4_360p/Stockholm_640x360_5994__SSIM__p1__crf35__run1.ivf --preset 1 --crf 35 --tune 2 --lp 0 --progress 1,0,/home/od26udiz/Desktop/c/Tuning-Mode-Analysis-for-SVT-AV1/SVT_AV1_Workspace/logs/meeting/a4_360p/Stockholm_640x360_5994__SSIM__p1__crf35__run1.log
a3cce87d1fd8f33e5ad0,2026-09-21T09:12:32.076222+00:00,meeting,ok,a4_360p,Stockholm_640x360_5994.y4m,/home/od26udiz/Desktop/c/Tuning-Mode-Analysis-for-SVT-AV1/SVT_AV1_Workspace/data/source/a4_360p/Stockholm_640x360_5994.y4m,720p_or_lower,640,360,59.94005994005994,8,420jpeg,44928844,62d126930a6c8f61f5267f0b21746cde,70cbf66bae4a8b5f70b5d9cf52a8547eda6feea49e6aeb4c3afb29c56d4c8ec6,SSIM,2,1,44,0,1,0,130,2.168833333333333,8764,8.908048,14.833,354336768,337.922,/home/od26udiz/Desktop/c/Tuning-Mode-Analysis-for-SVT-AV1/SVT_AV1_Workspace/data/encoded/meeting/a4_360p/Stockholm_640x360_5994__SSIM__p1__crf44__run1.ivf,113303,417.9316068546838,c0cbdcb4a39c98d0e73c61f32fd17d80,3c328a93901427854977a49faf14e2313228a51b0a4aa971888fd1dd6517a352,/home/od26udiz/miniconda3/bin/SvtAv1EncApp -i /home/od26udiz/Desktop/c/Tuning-Mode-Analysis-for-SVT-AV1/SVT_AV1_Workspace/data/source/a4_360p/Stockholm_640x360_5994.y4m -b /home/od26udiz/Desktop/c/Tuning-Mode-Analysis-for-SVT-AV1/SVT_AV1_Workspace/data/encoded/meeting/a4_360p/Stockholm_640x360_5994__SSIM__p1__crf44__run1.ivf --preset 1 --crf 44 --tune 2 --lp 0 --progress 1,0,/home/od26udiz/Desktop/c/Tuning-Mode-Analysis-for-SVT-AV1/SVT_AV1_Workspace/logs/meeting/a4_360p/Stockholm_640x360_5994__SSIM__p1__crf44__run1.log
38ac3f86eb37e5727e9f,2026-09-21T09:12:42.972158+00:00,meeting,ok,a4_360p,Stockholm_640x360_5994.y4m,/home/od26udiz/Desktop/c/Tuning-Mode-Analysis-for-SVT-AV1/SVT_AV1_Workspace/data/source/a4_360p/Stockholm_640x360_5994.y4m,720p_or_lower,640,360,59.94005994005994,8,420jpeg,44928844,62d126930a6c8f61f5267f0b21746cde,70cbf66bae4a8b5f70b5d9cf52a8547eda6feea49e6aeb4c3afb29c56d4c8ec6,SSIM,2,1,52,0,1,0,130,2.168833333333333,10745,10.879825,12.098,363565056,346.723,/home/od26udiz/Desktop/c/Tuning-Mode-Analysis-for-SVT-AV1/SVT_AV1_Workspace/data/encoded/meeting/a4_360p/Stockholm_640x360_5994__SSIM__p1__crf52__run1.ivf,76034,280.4604626143088,6d516447fb5b7b6fa581b7a9c85a966f,361c314ff6874bdf26e17b9aaa019191dd8836c2b752ac12383ea5d5329723d9,/home/od26udiz/miniconda3/bin/SvtAv1EncApp -i /home/od26udiz/Desktop/c/Tuning-Mode-Analysis-for-SVT-AV1/SVT_AV1_Workspace/data/source/a4_360p/Stockholm_640x360_5994.y4m -b /home/od26udiz/Desktop/c/Tuning-Mode-Analysis-for-SVT-AV1/SVT_AV1_Workspace/data/encoded/meeting/a4_360p/Stockholm_640x360_5994__SSIM__p1__crf52__run1.ivf --preset 1 --crf 52 --tune 2 --lp 0 --progress 1,0,/home/od26udiz/Desktop/c/Tuning-Mode-Analysis-for-SVT-AV1/SVT_AV1_Workspace/logs/meeting/a4_360p/Stockholm_640x360_5994__SSIM__p1__crf52__run1.log
64170d00a830460f0371,2026-09-21T09:12:58.356171+00:00,meeting,ok,a4_360p,Stockholm_640x360_5994.y4m,/home/od26udiz/Desktop/c/Tuning-Mode-Analysis-for-SVT-AV1/SVT_AV1_Workspace/data/source/a4_360p/Stockholm_640x360_5994.y4m,720p_or_lower,640,360,59.94005994005994,8,420jpeg,44928844,62d126930a6c8f61f5267f0b21746cde,70cbf66bae4a8b5f70b5d9cf52a8547eda6feea49e6aeb4c3afb29c56d4c8ec6,SSIM,2,1,60,0,1,0,130,2.168833333333333,15231,15.371099,8.535,593403904,565.914,/home/od26udiz/Desktop/c/Tuning-Mode-Analysis-for-SVT-AV1/SVT_AV1_Workspace/data/encoded/meeting/a4_360p/Stockholm_640x360_5994__SSIM__p1__crf60__run1.ivf,44210,163.0738492276954,20a584df92547e01e3426b3a1c39bc05,0aab827c81e9a4ef8acb2366ea9fbc81b70dff070f57d1e1467440349f74b4d3,/home/od26udiz/miniconda3/bin/SvtAv1EncApp -i /home/od26udiz/Desktop/c/Tuning-Mode-Analysis-for-SVT-AV1/SVT_AV1_Workspace/data/source/a4_360p/Stockholm_640x360_5994.y4m -b /home/od26udiz/Desktop/c/Tuning-Mode-Analysis-for-SVT-AV1/SVT_AV1_Workspace/data/encoded/meeting/a4_360p/Stockholm_640x360_5994__SSIM__p1__crf60__run1.ivf --preset 1 --crf 60 --tune 2 --lp 0 --progress 1,0,/home/od26udiz/Desktop/c/Tuning-Mode-Analysis-for-SVT-AV1/SVT_AV1_Workspace/logs/meeting/a4_360p/Stockholm_640x360_5994__SSIM__p1__crf60__run1.log
a23ca42d3eaa582494c5,2026-09-21T09:12:58.799525+00:00,meeting,ok,a4_360p,Stockholm_640x360_5994.y4m,/home/od26udiz/Desktop/c/Tuning-Mode-Analysis-for-SVT-AV1/SVT_AV1_Workspace/data/source/a4_360p/Stockholm_640x360_5994.y4m,720p_or_lower,640,360,59.94005994005994,8,420jpeg,44928844,62d126930a6c8f61f5267f0b21746cde,70cbf66bae4a8b5f70b5d9cf52a8547eda6feea49e6aeb4c3afb29c56d4c8ec6,SSIM,2,10,18,0,1,0,130,2.168833333333333,285,0.430971,455.737,134668288,128.43,/home/od26udiz/Desktop/c/Tuning-Mode-Analysis-for-SVT-AV1/SVT_AV1_Workspace/data/encoded/meeting/a4_360p/Stockholm_640x360_5994__SSIM__p10__crf18__run1.ivf,928420,3424.587719972336,9ad0d2bc3a9fc011a104a09e537ec172,de980239d61344b7abaae180049951ec6fc67e0698f71d8d82c827f5ddc6c0d0,/home/od26udiz/miniconda3/bin/SvtAv1EncApp -i /home/od26udiz/Desktop/c/Tuning-Mode-Analysis-for-SVT-AV1/SVT_AV1_Workspace/data/source/a4_360p/Stockholm_640x360_5994.y4m -b /home/od26udiz/Desktop/c/Tuning-Mode-Analysis-for-SVT-AV1/SVT_AV1_Workspace/data/encoded/meeting/a4_360p/Stockholm_640x360_5994__SSIM__p10__crf18__run1.ivf --preset 10 --crf 18 --tune 2 --lp 0 --progress 1,0,/home/od26udiz/Desktop/c/Tuning-Mode-Analysis-for-SVT-AV1/SVT_AV1_Workspace/logs/meeting/a4_360p/Stockholm_640x360_5994__SSIM__p10__crf18__run1.log
6d67269a7d4eb3b2dbcf,2026-09-21T09:12:59.255995+00:00,meeting,ok,a4_360p,Stockholm_640x360_5994.y4m,/home/od26udiz/Desktop/c/Tuning-Mode-Analysis-for-SVT-AV1/SVT_AV1_Workspace/data/source/a4_360p/Stockholm_640x360_5994.y4m,720p_or_lower,640,360,59.94005994005994,8,420jpeg,44928844,62d126930a6c8f61f5267f0b21746cde,70cbf66bae4a8b5f70b5d9cf52a8547eda6feea49e6aeb4c3afb29c56d4c8ec6,SSIM,2,10,26,0,1,0,130,2.168833333333333,276,0.432323,471.833,136052736,129.75,/home/od26udiz/Desktop/c/Tuning-Mode-Analysis-for-SVT-AV1/SVT_AV1_Workspace/data/encoded/meeting/a4_360p/Stockholm_640x360_5994__SSIM__p10__crf26__run1.ivf,422307,1557.7296549604243,a868b467fac00ab85df6d71fbc386ee9,e129b4cb3c184b7c16193bb01b903499f26de8244f60184f1b4a39c3c6cdbabb,/home/od26udiz/miniconda3/bin/SvtAv1EncApp -i /home/od26udiz/Desktop/c/Tuning-Mode-Analysis-for-SVT-AV1/SVT_AV1_Workspace/data/source/a4_360p/Stockholm_640x360_5994.y4m -b /home/od26udiz/Desktop/c/Tuning-Mode-Analysis-for-SVT-AV1/SVT_AV1_Workspace/data/encoded/meeting/a4_360p/Stockholm_640x360_5994__SSIM__p10__crf26__run1.ivf --preset 10 --crf 26 --tune 2 --lp 0 --progress 1,0,/home/od26udiz/Desktop/c/Tuning-Mode-Analysis-for-SVT-AV1/SVT_AV1_Workspace/logs/meeting/a4_360p/Stockholm_640x360_5994__SSIM__p10__crf26__run1.log
7401d24a5a7944497d57,2026-09-21T09:12:59.701294+00:00,meeting,ok,a4_360p,Stockholm_640x360_5994.y4m,/home/od26udiz/Desktop/c/Tuning-Mode-Analysis-for-SVT-AV1/SVT_AV1_Workspace/data/source/a4_360p/Stockholm_640x360_5994.y4m,720p_or_lower,640,360,59.94005994005994,8,420jpeg,44928844,62d126930a6c8f61f5267f0b21746cde,70cbf66bae4a8b5f70b5d9cf52a8547eda6feea49e6aeb4c3afb29c56d4c8ec6,SSIM,2,10,35,0,1,0,130,2.168833333333333,278,0.433838,468.426,133672960,127.48,/home/od26udiz/Desktop/c/Tuning-Mode-Analysis-for-SVT-AV1/SVT_AV1_Workspace/data/encoded/meeting/a4_360p/Stockholm_640x360_5994__SSIM__p10__crf35__run1.ivf,216136,797.2433720126029,549f78008a22ec6e1226d1dadce735be,7190e61a549516b6caaf0cef3d090779d8eb2115677bd7ac8daabb4aeaf4fbfe,/home/od26udiz/miniconda3/bin/SvtAv1EncApp -i /home/od26udiz/Desktop/c/Tuning-Mode-Analysis-for-SVT-AV1/SVT_AV1_Workspace/data/source/a4_360p/Stockholm_640x360_5994.y4m -b /home/od26udiz/Desktop/c/Tuning-Mode-Analysis-for-SVT-AV1/SVT_AV1_Workspace/data/encoded/meeting/a4_360p/Stockholm_640x360_5994__SSIM__p10__crf35__run1.ivf --preset 10 --crf 35 --tune 2 --lp 0 --progress 1,0,/home/od26udiz/Desktop/c/Tuning-Mode-Analysis-for-SVT-AV1/SVT_AV1_Workspace/logs/meeting/a4_360p/Stockholm_640x360_5994__SSIM__p10__crf35__run1.log
d12060046a758fc0be53,2026-09-21T09:13:00.048575+00:00,meeting,ok,a4_360p,Stockholm_640x360_5994.y4m,/home/od26udiz/Desktop/c/Tuning-Mode-Analysis-for-SVT-AV1/SVT_AV1_Workspace/data/source/a4_360p/Stockholm_640x360_5994.y4m,720p_or_lower,640,360,59.94005994005994,8,420jpeg,44928844,62d126930a6c8f61f5267f0b21746cde,70cbf66bae4a8b5f70b5d9cf52a8547eda6feea49e6aeb4c3afb29c56d4c8ec6,SSIM,2,10,44,0,1,0,130,2.168833333333333,253,0.331457,514.192,133976064,127.77,/home/od26udiz/Desktop/c/Tuning-Mode-Analysis-for-SVT-AV1/SVT_AV1_Workspace/data/encoded/meeting/a4_360p/Stockholm_640x360_5994__SSIM__p10__crf44__run1.ivf,124339,458.6392069468993,514d94ff609e75808f15193e53a2a065,8d6a4cc9e7a027637f2e2a136328b430e1cdbed72ef2ebe8087f7e5afc5e7f6b,/home/od26udiz/miniconda3/bin/SvtAv1EncApp -i /home/od26udiz/Desktop/c/Tuning-Mode-Analysis-for-SVT-AV1/SVT_AV1_Workspace/data/source/a4_360p/Stockholm_640x360_5994.y4m -b /home/od26udiz/Desktop/c/Tuning-Mode-Analysis-for-SVT-AV1/SVT_AV1_Workspace/data/encoded/meeting/a4_360p/Stockholm_640x360_5994__SSIM__p10__crf44__run1.ivf --preset 10 --crf 44 --tune 2 --lp 0 --progress 1,0,/home/od26udiz/Desktop/c/Tuning-Mode-Analysis-for-SVT-AV1/SVT_AV1_Workspace/logs/meeting/a4_360p/Stockholm_640x360_5994__SSIM__p10__crf44__run1.log
c9f5e2c9ff8d2cea4f86,2026-09-21T09:13:00.512502+00:00,meeting,ok,a4_360p,Stockholm_640x360_5994.y4m,/home/od26udiz/Desktop/c/Tuning-Mode-Analysis-for-SVT-AV1/SVT_AV1_Workspace/data/source/a4_360p/Stockholm_640x360_5994.y4m,720p_or_lower,640,360,59.94005994005994,8,420jpeg,44928844,62d126930a6c8f61f5267f0b21746cde,70cbf66bae4a8b5f70b5d9cf52a8547eda6feea49e6aeb4c3afb29c56d4c8ec6,SSIM,2,10,52,0,1,0,130,2.168833333333333,321,0.450822,404.604,138797056,132.367,/home/od26udiz/Desktop/c/Tuning-Mode-Analysis-for-SVT-AV1/SVT_AV1_Workspace/data/encoded/meeting/a4_360p/Stockholm_640x360_5994__SSIM__p10__crf52__run1.ivf,77268,285.0122185506801,2e9085db05b31915b0fcb7b38ce4fca1,2ab699cb42e33a1f61180218c565eafb4ceb4653d7e9db5cc7c7572a6e03cd50,/home/od26udiz/miniconda3/bin/SvtAv1EncApp -i /home/od26udiz/Desktop/c/Tuning-Mode-Analysis-for-SVT-AV1/SVT_AV1_Workspace/data/source/a4_360p/Stockholm_640x360_5994.y4m -b /home/od26udiz/Desktop/c/Tuning-Mode-Analysis-for-SVT-AV1/SVT_AV1_Workspace/data/encoded/meeting/a4_360p/Stockholm_640x360_5994__SSIM__p10__crf52__run1.ivf --preset 10 --crf 52 --tune 2 --lp 0 --progress 1,0,/home/od26udiz/Desktop/c/Tuning-Mode-Analysis-for-SVT-AV1/SVT_AV1_Workspace/logs/meeting/a4_360p/Stockholm_640x360_5994__SSIM__p10__crf52__run1.log
e24fcd337e186e93b03c,2026-09-21T09:13:01.070393+00:00,meeting,ok,a4_360p,Stockholm_640x360_5994.y4m,/home/od26udiz/Desktop/c/Tuning-Mode-Analysis-for-SVT-AV1/SVT_AV1_Workspace/data/source/a4_360p/Stockholm_640x360_5994.y4m,720p_or_lower,640,360,59.94005994005994,8,420jpeg,44928844,62d126930a6c8f61f5267f0b21746cde,70cbf66bae4a8b5f70b5d9cf52a8547eda6feea49e6aeb4c3afb29c56d4c8ec6,SSIM,2,10,60,0,1,0,130,2.168833333333333,394,0.550415,330.156,132276224,126.148,/home/od26udiz/Desktop/c/Tuning-Mode-Analysis-for-SVT-AV1/SVT_AV1_Workspace/data/encoded/meeting/a4_360p/Stockholm_640x360_5994__SSIM__p10__crf60__run1.ivf,40584,149.69891646814725,449a12cab43f45766d3bfd0e2116dcec,5b2eb41af193815eb0b260e6c8d9fd20b8e6daec6120b172c5714d20780bc35a,/home/od26udiz/miniconda3/bin/SvtAv1EncApp -i /home/od26udiz/Desktop/c/Tuning-Mode-Analysis-for-SVT-AV1/SVT_AV1_Workspace/data/source/a4_360p/Stockholm_640x360_5994.y4m -b /home/od26udiz/Desktop/c/Tuning-Mode-Analysis-for-SVT-AV1/SVT_AV1_Workspace/data/encoded/meeting/a4_360p/Stockholm_640x360_5994__SSIM__p10__crf60__run1.ivf --preset 10 --crf 60 --tune 2 --lp 0 --progress 1,0,/home/od26udiz/Desktop/c/Tuning-Mode-Analysis-for-SVT-AV1/SVT_AV1_Workspace/logs/meeting/a4_360p/Stockholm_640x360_5994__SSIM__p10__crf60__run1.log
afadeebf97c509d95342,2026-09-21T09:13:10.916057+00:00,meeting,ok,a4_360p,Stockholm_640x360_5994.y4m,/home/od26udiz/Desktop/c/Tuning-Mode-Analysis-for-SVT-AV1/SVT_AV1_Workspace/data/source/a4_360p/Stockholm_640x360_5994.y4m,720p_or_lower,640,360,59.94005994005994,8,420jpeg,44928844,62d126930a6c8f61f5267f0b21746cde,70cbf66bae4a8b5f70b5d9cf52a8547eda6feea49e6aeb4c3afb29c56d4c8ec6,MS_SSIM,4,1,18,0,1,0,130,2.168833333333333,9706,9.83366,13.393,333692928,318.234,/home/od26udiz/Desktop/c/Tuning-Mode-Analysis-for-SVT-AV1/SVT_AV1_Workspace/data/encoded/meeting/a4_360p/Stockholm_640x360_5994__MS_SSIM__p1__crf18__run1.ivf,776033,2862.4901252593563,07aba4f8343ff3f20b6ee2a18a492fad,43d88cac7c5e059ce0be6e6db322975232689ddfcb6d5b4d6b4aa20d75843d33,/home/od26udiz/miniconda3/bin/SvtAv1EncApp -i /home/od26udiz/Desktop/c/Tuning-Mode-Analysis-for-SVT-AV1/SVT_AV1_Workspace/data/source/a4_360p/Stockholm_640x360_5994.y4m -b /home/od26udiz/Desktop/c/Tuning-Mode-Analysis-for-SVT-AV1/SVT_AV1_Workspace/data/encoded/meeting/a4_360p/Stockholm_640x360_5994__MS_SSIM__p1__crf18__run1.ivf --preset 1 --crf 18 --tune 4 --lp 0 --progress 1,0,/home/od26udiz/Desktop/c/Tuning-Mode-Analysis-for-SVT-AV1/SVT_AV1_Workspace/logs/meeting/a4_360p/Stockholm_640x360_5994__MS_SSIM__p1__crf18__run1.log
6fad4b352b1fa640beda,2026-09-21T09:13:20.853730+00:00,meeting,ok,a4_360p,Stockholm_640x360_5994.y4m,/home/od26udiz/Desktop/c/Tuning-Mode-Analysis-for-SVT-AV1/SVT_AV1_Workspace/data/source/a4_360p/Stockholm_640x360_5994.y4m,720p_or_lower,640,360,59.94005994005994,8,420jpeg,44928844,62d126930a6c8f61f5267f0b21746cde,70cbf66bae4a8b5f70b5d9cf52a8547eda6feea49e6aeb4c3afb29c56d4c8ec6,MS_SSIM,4,1,26,0,1,0,130,2.168833333333333,9780,9.917013,13.292,338432000,322.754,/home/od26udiz/Desktop/c/Tuning-Mode-Analysis-for-SVT-AV1/SVT_AV1_Workspace/data/encoded/meeting/a4_360p/Stockholm_640x360_5994__MS_SSIM__p1__crf26__run1.ivf,451947,1667.0603242910938,51b2b2ac4816d8ece046dda25a5bb5cf,e2c48fd071795e2254ba055ca768ada1bbb0951936b73bf8c715728c77e7b190,/home/od26udiz/miniconda3/bin/SvtAv1EncApp -i /home/od26udiz/Desktop/c/Tuning-Mode-Analysis-for-SVT-AV1/SVT_AV1_Workspace/data/source/a4_360p/Stockholm_640x360_5994.y4m -b /home/od26udiz/Desktop/c/Tuning-Mode-Analysis-for-SVT-AV1/SVT_AV1_Workspace/data/encoded/meeting/a4_360p/Stockholm_640x360_5994__MS_SSIM__p1__crf26__run1.ivf --preset 1 --crf 26 --tune 4 --lp 0 --progress 1,0,/home/od26udiz/Desktop/c/Tuning-Mode-Analysis-for-SVT-AV1/SVT_AV1_Workspace/logs/meeting/a4_360p/Stockholm_640x360_5994__MS_SSIM__p1__crf26__run1.log
3fdd3034e4cabfb651bd,2026-09-21T09:13:31.654413+00:00,meeting,ok,a4_360p,Stockholm_640x360_5994.y4m,/home/od26udiz/Desktop/c/Tuning-Mode-Analysis-for-SVT-AV1/SVT_AV1_Workspace/data/source/a4_360p/Stockholm_640x360_5994.y4m,720p_or_lower,640,360,59.94005994005994,8,420jpeg,44928844,62d126930a6c8f61f5267f0b21746cde,70cbf66bae4a8b5f70b5d9cf52a8547eda6feea49e6aeb4c3afb29c56d4c8ec6,MS_SSIM,4,1,35,0,1,0,130,2.168833333333333,10682,10.788324,12.17,349392896,333.207,/home/od26udiz/Desktop/c/Tuning-Mode-Analysis-for-SVT-AV1/SVT_AV1_Workspace/data/encoded/meeting/a4_360p/Stockholm_640x360_5994__MS_SSIM__p1__crf35__run1.ivf,273502,1008.8446937677708,7a4c60e3ccf16932b03cc19bcf77b68f,33755734ca83812b6a9a6195359ab9c08cfcf53ffb2b04b6ce4f51f1f402607c,/home/od26udiz/miniconda3/bin/SvtAv1EncApp -i /home/od26udiz/Desktop/c/Tuning-Mode-Analysis-for-SVT-AV1/SVT_AV1_Workspace/data/source/a4_360p/Stockholm_640x360_5994.y4m -b /home/od26udiz/Desktop/c/Tuning-Mode-Analysis-for-SVT-AV1/SVT_AV1_Workspace/data/encoded/meeting/a4_360p/Stockholm_640x360_5994__MS_SSIM__p1__crf35__run1.ivf --preset 1 --crf 35 --tune 4 --lp 0 --progress 1,0,/home/od26udiz/Desktop/c/Tuning-Mode-Analysis-for-SVT-AV1/SVT_AV1_Workspace/logs/meeting/a4_360p/Stockholm_640x360_5994__MS_SSIM__p1__crf35__run1.log
f95ef9eea3a29c28fd61,2026-09-21T09:13:41.848058+00:00,meeting,ok,a4_360p,Stockholm_640x360_5994.y4m,/home/od26udiz/Desktop/c/Tuning-Mode-Analysis-for-SVT-AV1/SVT_AV1_Workspace/data/source/a4_360p/Stockholm_640x360_5994.y4m,720p_or_lower,640,360,59.94005994005994,8,420jpeg,44928844,62d126930a6c8f61f5267f0b21746cde,70cbf66bae4a8b5f70b5d9cf52a8547eda6feea49e6aeb4c3afb29c56d4c8ec6,MS_SSIM,4,1,44,0,1,0,130,2.168833333333333,10055,10.178527,12.929,358957056,342.328,/home/od26udiz/Desktop/c/Tuning-Mode-Analysis-for-SVT-AV1/SVT_AV1_Workspace/data/encoded/meeting/a4_360p/Stockholm_640x360_5994__MS_SSIM__p1__crf44__run1.ivf,163885,604.5093368170292,a081562b56b745cd5371bce5ee3187db,b2cc4f397ac5a0191e4666ab87ddabb557b7298a9c63a6b81775c865b2b7439a,/home/od26udiz/miniconda3/bin/SvtAv1EncApp -i /home/od26udiz/Desktop/c/Tuning-Mode-Analysis-for-SVT-AV1/SVT_AV1_Workspace/data/source/a4_360p/Stockholm_640x360_5994.y4m -b /home/od26udiz/Desktop/c/Tuning-Mode-Analysis-for-SVT-AV1/SVT_AV1_Workspace/data/encoded/meeting/a4_360p/Stockholm_640x360_5994__MS_SSIM__p1__crf44__run1.ivf --preset 1 --crf 44 --tune 4 --lp 0 --progress 1,0,/home/od26udiz/Desktop/c/Tuning-Mode-Analysis-for-SVT-AV1/SVT_AV1_Workspace/logs/meeting/a4_360p/Stockholm_640x360_5994__MS_SSIM__p1__crf44__run1.log
55138a9e4a2954ad7ac7,2026-09-21T09:13:53.065172+00:00,meeting,ok,a4_360p,Stockholm_640x360_5994.y4m,/home/od26udiz/Desktop/c/Tuning-Mode-Analysis-for-SVT-AV1/SVT_AV1_Workspace/data/source/a4_360p/Stockholm_640x360_5994.y4m,720p_or_lower,640,360,59.94005994005994,8,420jpeg,44928844,62d126930a6c8f61f5267f0b21746cde,70cbf66bae4a8b5f70b5d9cf52a8547eda6feea49e6aeb4c3afb29c56d4c8ec6,MS_SSIM,4,1,52,0,1,0,130,2.168833333333333,11087,11.202134,11.725,361553920,344.805,/home/od26udiz/Desktop/c/Tuning-Mode-Analysis-for-SVT-AV1/SVT_AV1_Workspace/data/encoded/meeting/a4_360p/Stockholm_640x360_5994__MS_SSIM__p1__crf52__run1.ivf,108321,399.55490663182974,15d8f2e058c86b8bbec727103b9cd5c5,e43c9c2d72aa871c44066c6140c7a160bc9587c7a44697611992414b3415da4b,/home/od26udiz/miniconda3/bin/SvtAv1EncApp -i /home/od26udiz/Desktop/c/Tuning-Mode-Analysis-for-SVT-AV1/SVT_AV1_Workspace/data/source/a4_360p/Stockholm_640x360_5994.y4m -b /home/od26udiz/Desktop/c/Tuning-Mode-Analysis-for-SVT-AV1/SVT_AV1_Workspace/data/encoded/meeting/a4_360p/Stockholm_640x360_5994__MS_SSIM__p1__crf52__run1.ivf --preset 1 --crf 52 --tune 4 --lp 0 --progress 1,0,/home/od26udiz/Desktop/c/Tuning-Mode-Analysis-for-SVT-AV1/SVT_AV1_Workspace/logs/meeting/a4_360p/Stockholm_640x360_5994__MS_SSIM__p1__crf52__run1.log
29aae96d9b4bc31b9063,2026-09-21T09:14:03.448442+00:00,meeting,ok,a4_360p,Stockholm_640x360_5994.y4m,/home/od26udiz/Desktop/c/Tuning-Mode-Analysis-for-SVT-AV1/SVT_AV1_Workspace/data/source/a4_360p/Stockholm_640x360_5994.y4m,720p_or_lower,640,360,59.94005994005994,8,420jpeg,44928844,62d126930a6c8f61f5267f0b21746cde,70cbf66bae4a8b5f70b5d9cf52a8547eda6feea49e6aeb4c3afb29c56d4c8ec6,MS_SSIM,4,1,60,0,1,0,130,2.168833333333333,10287,10.370378,12.637,367087616,350.082,/home/od26udiz/Desktop/c/Tuning-Mode-Analysis-for-SVT-AV1/SVT_AV1_Workspace/data/encoded/meeting/a4_360p/Stockholm_640x360_5994__MS_SSIM__p1__crf60__run1.ivf,64279,237.10074540843775,8f1232979fc1f04a78482fad9f5faa42,29c62c15bc46b3037bfc44cc0ed902b3535aebb4587408f7059ac4cba8f757b4,/home/od26udiz/miniconda3/bin/SvtAv1EncApp -i /home/od26udiz/Desktop/c/Tuning-Mode-Analysis-for-SVT-AV1/SVT_AV1_Workspace/data/source/a4_360p/Stockholm_640x360_5994.y4m -b /home/od26udiz/Desktop/c/Tuning-Mode-Analysis-for-SVT-AV1/SVT_AV1_Workspace/data/encoded/meeting/a4_360p/Stockholm_640x360_5994__MS_SSIM__p1__crf60__run1.ivf --preset 1 --crf 60 --tune 4 --lp 0 --progress 1,0,/home/od26udiz/Desktop/c/Tuning-Mode-Analysis-for-SVT-AV1/SVT_AV1_Workspace/logs/meeting/a4_360p/Stockholm_640x360_5994__MS_SSIM__p1__crf60__run1.log
01628e70745451cb8ebb,2026-09-21T09:14:03.888558+00:00,meeting,ok,a4_360p,Stockholm_640x360_5994.y4m,/home/od26udiz/Desktop/c/Tuning-Mode-Analysis-for-SVT-AV1/SVT_AV1_Workspace/data/source/a4_360p/Stockholm_640x360_5994.y4m,720p_or_lower,640,360,59.94005994005994,8,420jpeg,44928844,62d126930a6c8f61f5267f0b21746cde,70cbf66bae4a8b5f70b5d9cf52a8547eda6feea49e6aeb4c3afb29c56d4c8ec6,MS_SSIM,4,10,18,0,1,0,130,2.168833333333333,359,0.430208,362.074,141979648,135.402,/home/od26udiz/Desktop/c/Tuning-Mode-Analysis-for-SVT-AV1/SVT_AV1_Workspace/data/encoded/meeting/a4_360p/Stockholm_640x360_5994__MS_SSIM__p10__crf18__run1.ivf,1188497,4383.912702681933,5b6c6f8a27bd7f3e533f36e586837782,14e05dba1087a99e50a6a4f985fb89e08884c59bb422cbc8e4f65de3e04495d8,/home/od26udiz/miniconda3/bin/SvtAv1EncApp -i /home/od26udiz/Desktop/c/Tuning-Mode-Analysis-for-SVT-AV1/SVT_AV1_Workspace/data/source/a4_360p/Stockholm_640x360_5994.y4m -b /home/od26udiz/Desktop/c/Tuning-Mode-Analysis-for-SVT-AV1/SVT_AV1_Workspace/data/encoded/meeting/a4_360p/Stockholm_640x360_5994__MS_SSIM__p10__crf18__run1.ivf --preset 10 --crf 18 --tune 4 --lp 0 --progress 1,0,/home/od26udiz/Desktop/c/Tuning-Mode-Analysis-for-SVT-AV1/SVT_AV1_Workspace/logs/meeting/a4_360p/Stockholm_640x360_5994__MS_SSIM__p10__crf18__run1.log
a5ffe0c4ad100c334015,2026-09-21T09:14:04.334013+00:00,meeting,ok,a4_360p,Stockholm_640x360_5994.y4m,/home/od26udiz/Desktop/c/Tuning-Mode-Analysis-for-SVT-AV1/SVT_AV1_Workspace/data/source/a4_360p/Stockholm_640x360_5994.y4m,720p_or_lower,640,360,59.94005994005994,8,420jpeg,44928844,62d126930a6c8f61f5267f0b21746cde,70cbf66bae4a8b5f70b5d9cf52a8547eda6feea49e6aeb4c3afb29c56d4c8ec6,MS_SSIM,4,10,26,0,1,0,130,2.168833333333333,282,0.429907,460.578,137486336,131.117,/home/od26udiz/Desktop/c/Tuning-Mode-Analysis-for-SVT-AV1/SVT_AV1_Workspace/data/encoded/meeting/a4_360p/Stockholm_640x360_5994__MS_SSIM__p10__crf26__run1.ivf,632524,2333.140090678552,0c98f389d794004614d950e30edc125c,db92ba974d4029b7f75ea997b963ec6dbe9863b9852271f7c31685c4a9bed531,/home/od26udiz/miniconda3/bin/SvtAv1EncApp -i /home/od26udiz/Desktop/c/Tuning-Mode-Analysis-for-SVT-AV1/SVT_AV1_Workspace/data/source/a4_360p/Stockholm_640x360_5994.y4m -b /home/od26udiz/Desktop/c/Tuning-Mode-Analysis-for-SVT-AV1/SVT_AV1_Workspace/data/encoded/meeting/a4_360p/Stockholm_640x360_5994__MS_SSIM__p10__crf26__run1.ivf --preset 10 --crf 26 --tune 4 --lp 0 --progress 1,0,/home/od26udiz/Desktop/c/Tuning-Mode-Analysis-for-SVT-AV1/SVT_AV1_Workspace/logs/meeting/a4_360p/Stockholm_640x360_5994__MS_SSIM__p10__crf26__run1.log
f938165e02f5a3e96e1c,2026-09-21T09:14:04.678985+00:00,meeting,ok,a4_360p,Stockholm_640x360_5994.y4m,/home/od26udiz/Desktop/c/Tuning-Mode-Analysis-for-SVT-AV1/SVT_AV1_Workspace/data/source/a4_360p/Stockholm_640x360_5994.y4m,720p_or_lower,640,360,59.94005994005994,8,420jpeg,44928844,62d126930a6c8f61f5267f0b21746cde,70cbf66bae4a8b5f70b5d9cf52a8547eda6feea49e6aeb4c3afb29c56d4c8ec6,MS_SSIM,4,10,35,0,1,0,130,2.168833333333333,268,0.325761,485.645,138489856,132.074,/home/od26udiz/Desktop/c/Tuning-Mode-Analysis-for-SVT-AV1/SVT_AV1_Workspace/data/encoded/meeting/a4_360p/Stockholm_640x360_5994__MS_SSIM__p10__crf35__run1.ivf,328468,1211.593329747176,81a5e279d3087683099f927296e10987,6747bf6d78ef9c56d97c66fa8e0abfbfe90ebd97c44caf879e6a4566503aa087,/home/od26udiz/miniconda3/bin/SvtAv1EncApp -i /home/od26udiz/Desktop/c/Tuning-Mode-Analysis-for-SVT-AV1/SVT_AV1_Workspace/data/source/a4_360p/Stockholm_640x360_5994.y4m -b /home/od26udiz/Desktop/c/Tuning-Mode-Analysis-for-SVT-AV1/SVT_AV1_Workspace/data/encoded/meeting/a4_360p/Stockholm_640x360_5994__MS_SSIM__p10__crf35__run1.ivf --preset 10 --crf 35 --tune 4 --lp 0 --progress 1,0,/home/od26udiz/Desktop/c/Tuning-Mode-Analysis-for-SVT-AV1/SVT_AV1_Workspace/logs/meeting/a4_360p/Stockholm_640x360_5994__MS_SSIM__p10__crf35__run1.log
bfd144d56a3e868e7c66,2026-09-21T09:14:05.007061+00:00,meeting,ok,a4_360p,Stockholm_640x360_5994.y4m,/home/od26udiz/Desktop/c/Tuning-Mode-Analysis-for-SVT-AV1/SVT_AV1_Workspace/data/source/a4_360p/Stockholm_640x360_5994.y4m,720p_or_lower,640,360,59.94005994005994,8,420jpeg,44928844,62d126930a6c8f61f5267f0b21746cde,70cbf66bae4a8b5f70b5d9cf52a8547eda6feea49e6aeb4c3afb29c56d4c8ec6,MS_SSIM,4,10,44,0,1,0,130,2.168833333333333,227,0.316987,573.817,140775424,134.254,/home/od26udiz/Desktop/c/Tuning-Mode-Analysis-for-SVT-AV1/SVT_AV1_Workspace/data/encoded/meeting/a4_360p/Stockholm_640x360_5994__MS_SSIM__p10__crf44__run1.ivf,184733,681.4096672558212,03c3ec2b6bc04cc6261ae8ab3536f7da,5ad039b0c07d1e72eb83132c9521eeb6bdc48ffa5b1ec79f19d072f81c20ea3c,/home/od26udiz/miniconda3/bin/SvtAv1EncApp -i /home/od26udiz/Desktop/c/Tuning-Mode-Analysis-for-SVT-AV1/SVT_AV1_Workspace/data/source/a4_360p/Stockholm_640x360_5994.y4m -b /home/od26udiz/Desktop/c/Tuning-Mode-Analysis-for-SVT-AV1/SVT_AV1_Workspace/data/encoded/meeting/a4_360p/Stockholm_640x360_5994__MS_SSIM__p10__crf44__run1.ivf --preset 10 --crf 44 --tune 4 --lp 0 --progress 1,0,/home/od26udiz/Desktop/c/Tuning-Mode-Analysis-for-SVT-AV1/SVT_AV1_Workspace/logs/meeting/a4_360p/Stockholm_640x360_5994__MS_SSIM__p10__crf44__run1.log
364f59fcfc0ed7009e59,2026-09-21T09:14:05.356345+00:00,meeting,ok,a4_360p,Stockholm_640x360_5994.y4m,/home/od26udiz/Desktop/c/Tuning-Mode-Analysis-for-SVT-AV1/SVT_AV1_Workspace/data/source/a4_360p/Stockholm_640x360_5994.y4m,720p_or_lower,640,360,59.94005994005994,8,420jpeg,44928844,62d126930a6c8f61f5267f0b21746cde,70cbf66bae4a8b5f70b5d9cf52a8547eda6feea49e6aeb4c3afb29c56d4c8ec6,MS_SSIM,4,10,52,0,1,0,130,2.168833333333333,239,0.334806,544.592,134348800,128.125,/home/od26udiz/Desktop/c/Tuning-Mode-Analysis-for-SVT-AV1/SVT_AV1_Workspace/data/encoded/meeting/a4_360p/Stockholm_640x360_5994__MS_SSIM__p10__crf52__run1.ivf,117214,432.3577960501038,d267c31fa675d50a1bf3a0fab770ebe9,89e7e173bd1c9d0e44eb9750f9ca7c7d45979d0f7d15ae64c172528008de8750,/home/od26udiz/miniconda3/bin/SvtAv1EncApp -i /home/od26udiz/Desktop/c/Tuning-Mode-Analysis-for-SVT-AV1/SVT_AV1_Workspace/data/source/a4_360p/Stockholm_640x360_5994.y4m -b /home/od26udiz/Desktop/c/Tuning-Mode-Analysis-for-SVT-AV1/SVT_AV1_Workspace/data/encoded/meeting/a4_360p/Stockholm_640x360_5994__MS_SSIM__p10__crf52__run1.ivf --preset 10 --crf 52 --tune 4 --lp 0 --progress 1,0,/home/od26udiz/Desktop/c/Tuning-Mode-Analysis-for-SVT-AV1/SVT_AV1_Workspace/logs/meeting/a4_360p/Stockholm_640x360_5994__MS_SSIM__p10__crf52__run1.log
91ed6c227c292bc6a7b6,2026-09-21T09:14:05.686893+00:00,meeting,ok,a4_360p,Stockholm_640x360_5994.y4m,/home/od26udiz/Desktop/c/Tuning-Mode-Analysis-for-SVT-AV1/SVT_AV1_Workspace/data/source/a4_360p/Stockholm_640x360_5994.y4m,720p_or_lower,640,360,59.94005994005994,8,420jpeg,44928844,62d126930a6c8f61f5267f0b21746cde,70cbf66bae4a8b5f70b5d9cf52a8547eda6feea49e6aeb4c3afb29c56d4c8ec6,MS_SSIM,4,10,60,0,1,0,130,2.168833333333333,208,0.31807,626.219,134778880,128.535,/home/od26udiz/Desktop/c/Tuning-Mode-Analysis-for-SVT-AV1/SVT_AV1_Workspace/data/encoded/meeting/a4_360p/Stockholm_640x360_5994__MS_SSIM__p10__crf60__run1.ivf,60324,222.51225697379544,815ab9fdaff2c16370250ed80a812cd4,4864af2800c3a326ccec03d9227dd9d09a19fd2fe779c2968e5f906c7cb74fcb,/home/od26udiz/miniconda3/bin/SvtAv1EncApp -i /home/od26udiz/Desktop/c/Tuning-Mode-Analysis-for-SVT-AV1/SVT_AV1_Workspace/data/source/a4_360p/Stockholm_640x360_5994.y4m -b /home/od26udiz/Desktop/c/Tuning-Mode-Analysis-for-SVT-AV1/SVT_AV1_Workspace/data/encoded/meeting/a4_360p/Stockholm_640x360_5994__MS_SSIM__p10__crf60__run1.ivf --preset 10 --crf 60 --tune 4 --lp 0 --progress 1,0,/home/od26udiz/Desktop/c/Tuning-Mode-Analysis-for-SVT-AV1/SVT_AV1_Workspace/logs/meeting/a4_360p/Stockholm_640x360_5994__MS_SSIM__p10__crf60__run1.log
1811bd536a5efb1e8b6a,2026-09-21T09:14:15.968105+00:00,meeting,ok,a4_360p,Stockholm_640x360_5994.y4m,/home/od26udiz/Desktop/c/Tuning-Mode-Analysis-for-SVT-AV1/SVT_AV1_Workspace/data/source/a4_360p/Stockholm_640x360_5994.y4m,720p_or_lower,640,360,59.94005994005994,8,420jpeg,44928844,62d126930a6c8f61f5267f0b21746cde,70cbf66bae4a8b5f70b5d9cf52a8547eda6feea49e6aeb4c3afb29c56d4c8ec6,VMAF,5,1,18,0,1,0,130,2.168833333333333,10064,10.267082,12.918,327180288,312.023,/home/od26udiz/Desktop/c/Tuning-Mode-Analysis-for-SVT-AV1/SVT_AV1_Workspace/data/encoded/meeting/a4_360p/Stockholm_640x360_5994__VMAF__p1__crf18__run1.ivf,529139,1951.7922077922078,755a48c20a462e62212e39e6babad335,9758fcbfbb40fe968be1ffa83ebde778cf43a38b6c07920fd26d04a95243c701,/home/od26udiz/miniconda3/bin/SvtAv1EncApp -i /home/od26udiz/Desktop/c/Tuning-Mode-Analysis-for-SVT-AV1/SVT_AV1_Workspace/data/source/a4_360p/Stockholm_640x360_5994.y4m -b /home/od26udiz/Desktop/c/Tuning-Mode-Analysis-for-SVT-AV1/SVT_AV1_Workspace/data/encoded/meeting/a4_360p/Stockholm_640x360_5994__VMAF__p1__crf18__run1.ivf --preset 1 --crf 18 --tune 5 --lp 0 --progress 1,0,/home/od26udiz/Desktop/c/Tuning-Mode-Analysis-for-SVT-AV1/SVT_AV1_Workspace/logs/meeting/a4_360p/Stockholm_640x360_5994__VMAF__p1__crf18__run1.log
b1915e5f3395190ca437,2026-09-21T09:14:26.288142+00:00,meeting,ok,a4_360p,Stockholm_640x360_5994.y4m,/home/od26udiz/Desktop/c/Tuning-Mode-Analysis-for-SVT-AV1/SVT_AV1_Workspace/data/source/a4_360p/Stockholm_640x360_5994.y4m,720p_or_lower,640,360,59.94005994005994,8,420jpeg,44928844,62d126930a6c8f61f5267f0b21746cde,70cbf66bae4a8b5f70b5d9cf52a8547eda6feea49e6aeb4c3afb29c56d4c8ec6,VMAF,5,1,26,0,1,0,130,2.168833333333333,10195,10.29914,12.752,331444224,316.09,/home/od26udiz/Desktop/c/Tuning-Mode-Analysis-for-SVT-AV1/SVT_AV1_Workspace/data/encoded/meeting/a4_360p/Stockholm_640x360_5994__VMAF__p1__crf26__run1.ivf,311587,1149.325751171905,63863e6b90474099fbda4370c9e395a8,51ad2054021575bccd2b97447f410b5870d2e7548b9568dfd9b1b89a39469629,/home/od26udiz/miniconda3/bin/SvtAv1EncApp -i /home/od26udiz/Desktop/c/Tuning-Mode-Analysis-for-SVT-AV1/SVT_AV1_Workspace/data/source/a4_360p/Stockholm_640x360_5994.y4m -b /home/od26udiz/Desktop/c/Tuning-Mode-Analysis-for-SVT-AV1/SVT_AV1_Workspace/data/encoded/meeting/a4_360p/Stockholm_640x360_5994__VMAF__p1__crf26__run1.ivf --preset 1 --crf 26 --tune 5 --lp 0 --progress 1,0,/home/od26udiz/Desktop/c/Tuning-Mode-Analysis-for-SVT-AV1/SVT_AV1_Workspace/logs/meeting/a4_360p/Stockholm_640x360_5994__VMAF__p1__crf26__run1.log
d6ea992ff2d0c4cbbc68,2026-09-21T09:14:34.663640+00:00,meeting,ok,a4_360p,Stockholm_640x360_5994.y4m,/home/od26udiz/Desktop/c/Tuning-Mode-Analysis-for-SVT-AV1/SVT_AV1_Workspace/data/source/a4_360p/Stockholm_640x360_5994.y4m,720p_or_lower,640,360,59.94005994005994,8,420jpeg,44928844,62d126930a6c8f61f5267f0b21746cde,70cbf66bae4a8b5f70b5d9cf52a8547eda6feea49e6aeb4c3afb29c56d4c8ec6,VMAF,5,1,35,0,1,0,130,2.168833333333333,8210,8.360736,15.835,333996032,318.523,/home/od26udiz/Desktop/c/Tuning-Mode-Analysis-for-SVT-AV1/SVT_AV1_Workspace/data/encoded/meeting/a4_360p/Stockholm_640x360_5994__VMAF__p1__crf35__run1.ivf,193914,715.2748789671866,bb1da5970e89b25f6ad6af629eff0569,3ff7e3187ef0b7476940985d894c161d79baffa37f7331a3848d4b700529e1ce,/home/od26udiz/miniconda3/bin/SvtAv1EncApp -i /home/od26udiz/Desktop/c/Tuning-Mode-Analysis-for-SVT-AV1/SVT_AV1_Workspace/data/source/a4_360p/Stockholm_640x360_5994.y4m -b /home/od26udiz/Desktop/c/Tuning-Mode-Analysis-for-SVT-AV1/SVT_AV1_Workspace/data/encoded/meeting/a4_360p/Stockholm_640x360_5994__VMAF__p1__crf35__run1.ivf --preset 1 --crf 35 --tune 5 --lp 0 --progress 1,0,/home/od26udiz/Desktop/c/Tuning-Mode-Analysis-for-SVT-AV1/SVT_AV1_Workspace/logs/meeting/a4_360p/Stockholm_640x360_5994__VMAF__p1__crf35__run1.log
825065b0b97e04ca4d65,2026-09-21T09:14:43.259934+00:00,meeting,ok,a4_360p,Stockholm_640x360_5994.y4m,/home/od26udiz/Desktop/c/Tuning-Mode-Analysis-for-SVT-AV1/SVT_AV1_Workspace/data/source/a4_360p/Stockholm_640x360_5994.y4m,720p_or_lower,640,360,59.94005994005994,8,420jpeg,44928844,62d126930a6c8f61f5267f0b21746cde,70cbf66bae4a8b5f70b5d9cf52a8547eda6feea49e6aeb4c3afb29c56d4c8ec6,VMAF,5,1,44,0,1,0,130,2.168833333333333,8368,8.582311,15.535,354836480,338.398,/home/od26udiz/Desktop/c/Tuning-Mode-Analysis-for-SVT-AV1/SVT_AV1_Workspace/data/encoded/meeting/a4_360p/Stockholm_640x360_5994__VMAF__p1__crf44__run1.ivf,120831,445.6995312379928,ca9f04a242fee0eda7bd9ee56545d0d0,ba3b1d46e02295eec1475a75b9ea2bc9037f103f8555a43c47d31e6efc657c69,/home/od26udiz/miniconda3/bin/SvtAv1EncApp -i /home/od26udiz/Desktop/c/Tuning-Mode-Analysis-for-SVT-AV1/SVT_AV1_Workspace/data/source/a4_360p/Stockholm_640x360_5994.y4m -b /home/od26udiz/Desktop/c/Tuning-Mode-Analysis-for-SVT-AV1/SVT_AV1_Workspace/data/encoded/meeting/a4_360p/Stockholm_640x360_5994__VMAF__p1__crf44__run1.ivf --preset 1 --crf 44 --tune 5 --lp 0 --progress 1,0,/home/od26udiz/Desktop/c/Tuning-Mode-Analysis-for-SVT-AV1/SVT_AV1_Workspace/logs/meeting/a4_360p/Stockholm_640x360_5994__VMAF__p1__crf44__run1.log
ef2c2a9dcebff45e7ca9,2026-09-21T09:14:52.398705+00:00,meeting,ok,a4_360p,Stockholm_640x360_5994.y4m,/home/od26udiz/Desktop/c/Tuning-Mode-Analysis-for-SVT-AV1/SVT_AV1_Workspace/data/source/a4_360p/Stockholm_640x360_5994.y4m,720p_or_lower,640,360,59.94005994005994,8,420jpeg,44928844,62d126930a6c8f61f5267f0b21746cde,70cbf66bae4a8b5f70b5d9cf52a8547eda6feea49e6aeb4c3afb29c56d4c8ec6,VMAF,5,1,52,0,1,0,130,2.168833333333333,8934,9.123353,14.551,364277760,347.402,/home/od26udiz/Desktop/c/Tuning-Mode-Analysis-for-SVT-AV1/SVT_AV1_Workspace/data/encoded/meeting/a4_360p/Stockholm_640x360_5994__VMAF__p1__crf52__run1.ivf,81902,302.10527933604857,c05d31749dc54f51f3a970ae24e0e807,7b145880107dbd6a433302fe4da41998bd49fb5ff636bf65f817c135f78d9c7b,/home/od26udiz/miniconda3/bin/SvtAv1EncApp -i /home/od26udiz/Desktop/c/Tuning-Mode-Analysis-for-SVT-AV1/SVT_AV1_Workspace/data/source/a4_360p/Stockholm_640x360_5994.y4m -b /home/od26udiz/Desktop/c/Tuning-Mode-Analysis-for-SVT-AV1/SVT_AV1_Workspace/data/encoded/meeting/a4_360p/Stockholm_640x360_5994__VMAF__p1__crf52__run1.ivf --preset 1 --crf 52 --tune 5 --lp 0 --progress 1,0,/home/od26udiz/Desktop/c/Tuning-Mode-Analysis-for-SVT-AV1/SVT_AV1_Workspace/logs/meeting/a4_360p/Stockholm_640x360_5994__VMAF__p1__crf52__run1.log
04e9e2a27576773cbc1b,2026-09-21T09:15:06.456393+00:00,meeting,ok,a4_360p,Stockholm_640x360_5994.y4m,/home/od26udiz/Desktop/c/Tuning-Mode-Analysis-for-SVT-AV1/SVT_AV1_Workspace/data/source/a4_360p/Stockholm_640x360_5994.y4m,720p_or_lower,640,360,59.94005994005994,8,420jpeg,44928844,62d126930a6c8f61f5267f0b21746cde,70cbf66bae4a8b5f70b5d9cf52a8547eda6feea49e6aeb4c3afb29c56d4c8ec6,VMAF,5,1,60,0,1,0,130,2.168833333333333,13919,14.04496,9.34,567648256,541.352,/home/od26udiz/Desktop/c/Tuning-Mode-Analysis-for-SVT-AV1/SVT_AV1_Workspace/data/encoded/meeting/a4_360p/Stockholm_640x360_5994__VMAF__p1__crf60__run1.ivf,48057,177.26396680242837,5b889d81a69e120676a3dc7449d554e9,cadb5e0354b1bf772254e32ad5ca464a4e9881842e46e65ea4800c2a27dbc0b5,/home/od26udiz/miniconda3/bin/SvtAv1EncApp -i /home/od26udiz/Desktop/c/Tuning-Mode-Analysis-for-SVT-AV1/SVT_AV1_Workspace/data/source/a4_360p/Stockholm_640x360_5994.y4m -b /home/od26udiz/Desktop/c/Tuning-Mode-Analysis-for-SVT-AV1/SVT_AV1_Workspace/data/encoded/meeting/a4_360p/Stockholm_640x360_5994__VMAF__p1__crf60__run1.ivf --preset 1 --crf 60 --tune 5 --lp 0 --progress 1,0,/home/od26udiz/Desktop/c/Tuning-Mode-Analysis-for-SVT-AV1/SVT_AV1_Workspace/logs/meeting/a4_360p/Stockholm_640x360_5994__VMAF__p1__crf60__run1.log
e5ea7bc669554623f909,2026-09-21T09:15:06.801818+00:00,meeting,ok,a4_360p,Stockholm_640x360_5994.y4m,/home/od26udiz/Desktop/c/Tuning-Mode-Analysis-for-SVT-AV1/SVT_AV1_Workspace/data/source/a4_360p/Stockholm_640x360_5994.y4m,720p_or_lower,640,360,59.94005994005994,8,420jpeg,44928844,62d126930a6c8f61f5267f0b21746cde,70cbf66bae4a8b5f70b5d9cf52a8547eda6feea49e6aeb4c3afb29c56d4c8ec6,VMAF,5,10,18,0,1,0,130,2.168833333333333,239,0.332174,544.925,140443648,133.938,/home/od26udiz/Desktop/c/Tuning-Mode-Analysis-for-SVT-AV1/SVT_AV1_Workspace/data/encoded/meeting/a4_360p/Stockholm_640x360_5994__VMAF__p10__crf18__run1.ivf,1095807,4042.014600783832,bb0635525da4c55b823dd77d96cae2ac,0dada15275595910614b91f2cdd337b1116ee90d05e8a4fe4b2d451605212113,/home/od26udiz/miniconda3/bin/SvtAv1EncApp -i /home/od26udiz/Desktop/c/Tuning-Mode-Analysis-for-SVT-AV1/SVT_AV1_Workspace/data/source/a4_360p/Stockholm_640x360_5994.y4m -b /home/od26udiz/Desktop/c/Tuning-Mode-Analysis-for-SVT-AV1/SVT_AV1_Workspace/data/encoded/meeting/a4_360p/Stockholm_640x360_5994__VMAF__p10__crf18__run1.ivf --preset 10 --crf 18 --tune 5 --lp 0 --progress 1,0,/home/od26udiz/Desktop/c/Tuning-Mode-Analysis-for-SVT-AV1/SVT_AV1_Workspace/logs/meeting/a4_360p/Stockholm_640x360_5994__VMAF__p10__crf18__run1.log
c394aa5515df85635b99,2026-09-21T09:15:07.158607+00:00,meeting,ok,a4_360p,Stockholm_640x360_5994.y4m,/home/od26udiz/Desktop/c/Tuning-Mode-Analysis-for-SVT-AV1/SVT_AV1_Workspace/data/source/a4_360p/Stockholm_640x360_5994.y4m,720p_or_lower,640,360,59.94005994005994,8,420jpeg,44928844,62d126930a6c8f61f5267f0b21746cde,70cbf66bae4a8b5f70b5d9cf52a8547eda6feea49e6aeb4c3afb29c56d4c8ec6,VMAF,5,10,26,0,1,0,130,2.168833333333333,191,0.333739,681.103,137678848,131.301,/home/od26udiz/Desktop/c/Tuning-Mode-Analysis-for-SVT-AV1/SVT_AV1_Workspace/data/encoded/meeting/a4_360p/Stockholm_640x360_5994__VMAF__p10__crf26__run1.ivf,471420,1738.8888035041882,57c6212b10c0902ad2a2467a244817f8,e16686a411e11af05c24065e344d9f8302c9e52655369754de6ba0c97a54f8e2,/home/od26udiz/miniconda3/bin/SvtAv1EncApp -i /home/od26udiz/Desktop/c/Tuning-Mode-Analysis-for-SVT-AV1/SVT_AV1_Workspace/data/source/a4_360p/Stockholm_640x360_5994.y4m -b /home/od26udiz/Desktop/c/Tuning-Mode-Analysis-for-SVT-AV1/SVT_AV1_Workspace/data/encoded/meeting/a4_360p/Stockholm_640x360_5994__VMAF__p10__crf26__run1.ivf --preset 10 --crf 26 --tune 5 --lp 0 --progress 1,0,/home/od26udiz/Desktop/c/Tuning-Mode-Analysis-for-SVT-AV1/SVT_AV1_Workspace/logs/meeting/a4_360p/Stockholm_640x360_5994__VMAF__p10__crf26__run1.log
9512642d26aff40db137,2026-09-21T09:15:07.493628+00:00,meeting,ok,a4_360p,Stockholm_640x360_5994.y4m,/home/od26udiz/Desktop/c/Tuning-Mode-Analysis-for-SVT-AV1/SVT_AV1_Workspace/data/source/a4_360p/Stockholm_640x360_5994.y4m,720p_or_lower,640,360,59.94005994005994,8,420jpeg,44928844,62d126930a6c8f61f5267f0b21746cde,70cbf66bae4a8b5f70b5d9cf52a8547eda6feea49e6aeb4c3afb29c56d4c8ec6,VMAF,5,10,35,0,1,0,130,2.168833333333333,183,0.324521,709.901,140132352,133.641,/home/od26udiz/Desktop/c/Tuning-Mode-Analysis-for-SVT-AV1/SVT_AV1_Workspace/data/encoded/meeting/a4_360p/Stockholm_640x360_5994__VMAF__p10__crf35__run1.ivf,243170,896.9615000384232,51d0000fe49128d9576fe249fd052db2,a9e708ca4821cc64d972ca900941d67bc103d125c721bfd621cfa08de7cb1d0d,/home/od26udiz/miniconda3/bin/SvtAv1EncApp -i /home/od26udiz/Desktop/c/Tuning-Mode-Analysis-for-SVT-AV1/SVT_AV1_Workspace/data/source/a4_360p/Stockholm_640x360_5994.y4m -b /home/od26udiz/Desktop/c/Tuning-Mode-Analysis-for-SVT-AV1/SVT_AV1_Workspace/data/encoded/meeting/a4_360p/Stockholm_640x360_5994__VMAF__p10__crf35__run1.ivf --preset 10 --crf 35 --tune 5 --lp 0 --progress 1,0,/home/od26udiz/Desktop/c/Tuning-Mode-Analysis-for-SVT-AV1/SVT_AV1_Workspace/logs/meeting/a4_360p/Stockholm_640x360_5994__VMAF__p10__crf35__run1.log
88f58374b92665f5da87,2026-09-21T09:15:07.827261+00:00,meeting,ok,a4_360p,Stockholm_640x360_5994.y4m,/home/od26udiz/Desktop/c/Tuning-Mode-Analysis-for-SVT-AV1/SVT_AV1_Workspace/data/source/a4_360p/Stockholm_640x360_5994.y4m,720p_or_lower,640,360,59.94005994005994,8,420jpeg,44928844,62d126930a6c8f61f5267f0b21746cde,70cbf66bae4a8b5f70b5d9cf52a8547eda6feea49e6aeb4c3afb29c56d4c8ec6,VMAF,5,10,44,0,1,0,130,2.168833333333333,190,0.320605,682.655,131219456,125.141,/home/od26udiz/Desktop/c/Tuning-Mode-Analysis-for-SVT-AV1/SVT_AV1_Workspace/data/encoded/meeting/a4_360p/Stockholm_640x360_5994__VMAF__p10__crf44__run1.ivf,138140,509.54583877660804,8010c12abdd532d32bb79952ba67a852,efd6c078a426cb1710706425cc45dede250bd090dc726d5b459782cb217b2e8c,/home/od26udiz/miniconda3/bin/SvtAv1EncApp -i /home/od26udiz/Desktop/c/Tuning-Mode-Analysis-for-SVT-AV1/SVT_AV1_Workspace/data/source/a4_360p/Stockholm_640x360_5994.y4m -b /home/od26udiz/Desktop/c/Tuning-Mode-Analysis-for-SVT-AV1/SVT_AV1_Workspace/data/encoded/meeting/a4_360p/Stockholm_640x360_5994__VMAF__p10__crf44__run1.ivf --preset 10 --crf 44 --tune 5 --lp 0 --progress 1,0,/home/od26udiz/Desktop/c/Tuning-Mode-Analysis-for-SVT-AV1/SVT_AV1_Workspace/logs/meeting/a4_360p/Stockholm_640x360_5994__VMAF__p10__crf44__run1.log
da5843751639159e8094,2026-09-21T09:15:08.177456+00:00,meeting,ok,a4_360p,Stockholm_640x360_5994.y4m,/home/od26udiz/Desktop/c/Tuning-Mode-Analysis-for-SVT-AV1/SVT_AV1_Workspace/data/source/a4_360p/Stockholm_640x360_5994.y4m,720p_or_lower,640,360,59.94005994005994,8,420jpeg,44928844,62d126930a6c8f61f5267f0b21746cde,70cbf66bae4a8b5f70b5d9cf52a8547eda6feea49e6aeb4c3afb29c56d4c8ec6,VMAF,5,10,52,0,1,0,130,2.168833333333333,218,0.33655,595.317,134991872,128.738,/home/od26udiz/Desktop/c/Tuning-Mode-Analysis-for-SVT-AV1/SVT_AV1_Workspace/data/encoded/meeting/a4_360p/Stockholm_640x360_5994__VMAF__p10__crf52__run1.ivf,86415,318.7520172135557,c3e20ad0666e51592fd18cbe50d36082,beb90863f24e686ac710465689a8162c5675d40b3b02e4a3a781145ca8e0953a,/home/od26udiz/miniconda3/bin/SvtAv1EncApp -i /home/od26udiz/Desktop/c/Tuning-Mode-Analysis-for-SVT-AV1/SVT_AV1_Workspace/data/source/a4_360p/Stockholm_640x360_5994.y4m -b /home/od26udiz/Desktop/c/Tuning-Mode-Analysis-for-SVT-AV1/SVT_AV1_Workspace/data/encoded/meeting/a4_360p/Stockholm_640x360_5994__VMAF__p10__crf52__run1.ivf --preset 10 --crf 52 --tune 5 --lp 0 --progress 1,0,/home/od26udiz/Desktop/c/Tuning-Mode-Analysis-for-SVT-AV1/SVT_AV1_Workspace/logs/meeting/a4_360p/Stockholm_640x360_5994__VMAF__p10__crf52__run1.log
351a9d28ad02e19b58ee,2026-09-21T09:15:08.522053+00:00,meeting,ok,a4_360p,Stockholm_640x360_5994.y4m,/home/od26udiz/Desktop/c/Tuning-Mode-Analysis-for-SVT-AV1/SVT_AV1_Workspace/data/source/a4_360p/Stockholm_640x360_5994.y4m,720p_or_lower,640,360,59.94005994005994,8,420jpeg,44928844,62d126930a6c8f61f5267f0b21746cde,70cbf66bae4a8b5f70b5d9cf52a8547eda6feea49e6aeb4c3afb29c56d4c8ec6,VMAF,5,10,60,0,1,0,130,2.168833333333333,196,0.33496,663.259,133435392,127.254,/home/od26udiz/Desktop/c/Tuning-Mode-Analysis-for-SVT-AV1/SVT_AV1_Workspace/data/encoded/meeting/a4_360p/Stockholm_640x360_5994__VMAF__p10__crf60__run1.ivf,46385,171.09659571198034,cb6e84199d98d6610ae98b6e84dfccec,ce9c1df2dbf83d1b9814caba86f70191e6ebc5dad4c0abc64d8241e4cc538c82,/home/od26udiz/miniconda3/bin/SvtAv1EncApp -i /home/od26udiz/Desktop/c/Tuning-Mode-Analysis-for-SVT-AV1/SVT_AV1_Workspace/data/source/a4_360p/Stockholm_640x360_5994.y4m -b /home/od26udiz/Desktop/c/Tuning-Mode-Analysis-for-SVT-AV1/SVT_AV1_Workspace/data/encoded/meeting/a4_360p/Stockholm_640x360_5994__VMAF__p10__crf60__run1.ivf --preset 10 --crf 60 --tune 5 --lp 0 --progress 1,0,/home/od26udiz/Desktop/c/Tuning-Mode-Analysis-for-SVT-AV1/SVT_AV1_Workspace/logs/meeting/a4_360p/Stockholm_640x360_5994__VMAF__p10__crf60__run1.log
11d2e57295445ce05274,2026-09-21T10:14:09.329358+00:00,meeting,ok,a4_360p,BlueSky_360p25.y4m,/home/od26udiz/Desktop/c/Tuning-Mode-Analysis-for-SVT-AV1/SVT_AV1_Workspace/data/source/a4_360p/BlueSky_360p25.y4m,720p_or_lower,640,360,25.0,8,420jpeg,44928838,b3ab86eb59559ede1c28dbcc9e7683ca,2c1e3f2e4eb9c92189d7dbcb606b562fa06eca0e9f373c1e59eaec190138c6eb,VQ,0,1,18,0,1,0,130,5.2,10551,10.679597,12.321,291459072,277.957,/home/od26udiz/Desktop/c/Tuning-Mode-Analysis-for-SVT-AV1/SVT_AV1_Workspace/data/encoded/meeting/a4_360p/BlueSky_360p25__VQ__p1__crf18__run1.ivf,910133,1400.2046153846152,9dd86f53deb29b39c6cf97dd4612927e,4736e91e00ac3cf054073eea73e8caa27000ca3cd3ab9b09c16045a6f43cce48,/home/od26udiz/miniconda3/bin/SvtAv1EncApp -i /home/od26udiz/Desktop/c/Tuning-Mode-Analysis-for-SVT-AV1/SVT_AV1_Workspace/data/source/a4_360p/BlueSky_360p25.y4m -b /home/od26udiz/Desktop/c/Tuning-Mode-Analysis-for-SVT-AV1/SVT_AV1_Workspace/data/encoded/meeting/a4_360p/BlueSky_360p25__VQ__p1__crf18__run1.ivf --preset 1 --crf 18 --tune 0 --lp 0 --progress 1,0,/home/od26udiz/Desktop/c/Tuning-Mode-Analysis-for-SVT-AV1/SVT_AV1_Workspace/logs/meeting/a4_360p/BlueSky_360p25__VQ__p1__crf18__run1.log
26e78524fafcf0f2fbce,2026-09-21T10:14:55.114676+00:00,meeting,ok,a4_360p,BlueSky_360p25.y4m,/home/od26udiz/Desktop/c/Tuning-Mode-Analysis-for-SVT-AV1/SVT_AV1_Workspace/data/source/a4_360p/BlueSky_360p25.y4m,720p_or_lower,640,360,25.0,8,420jpeg,44928838,b3ab86eb59559ede1c28dbcc9e7683ca,2c1e3f2e4eb9c92189d7dbcb606b562fa06eca0e9f373c1e59eaec190138c6eb,VQ,0,1,26,0,1,0,130,5.2,11751,11.885297,11.063,310902784,296.5,/home/od26udiz/Desktop/c/Tuning-Mode-Analysis-for-SVT-AV1/SVT_AV1_Workspace/data/encoded/meeting/a4_360p/BlueSky_360p25__VQ__p1__crf26__run1.ivf,567125,872.5,6f2ba06e8a42f1bf49ba3858fd520ee5,0f40796ba1ab4098617009f832c0bb8b396ff54db3759de63d0cd09bd66153de,/home/od26udiz/miniconda3/bin/SvtAv1EncApp -i /home/od26udiz/Desktop/c/Tuning-Mode-Analysis-for-SVT-AV1/SVT_AV1_Workspace/data/source/a4_360p/BlueSky_360p25.y4m -b /home/od26udiz/Desktop/c/Tuning-Mode-Analysis-for-SVT-AV1/SVT_AV1_Workspace/data/encoded/meeting/a4_360p/BlueSky_360p25__VQ__p1__crf26__run1.ivf --preset 1 --crf 26 --tune 0 --lp 0 --progress 1,0,/home/od26udiz/Desktop/c/Tuning-Mode-Analysis-for-SVT-AV1/SVT_AV1_Workspace/logs/meeting/a4_360p/BlueSky_360p25__VQ__p1__crf26__run1.log
a32cf674edbdfdd22465,2026-09-21T10:15:06.809807+00:00,meeting,ok,a4_360p,BlueSky_360p25.y4m,/home/od26udiz/Desktop/c/Tuning-Mode-Analysis-for-SVT-AV1/SVT_AV1_Workspace/data/source/a4_360p/BlueSky_360p25.y4m,720p_or_lower,640,360,25.0,8,420jpeg,44928838,b3ab86eb59559ede1c28dbcc9e7683ca,2c1e3f2e4eb9c92189d7dbcb606b562fa06eca0e9f373c1e59eaec190138c6eb,VQ,0,1,35,0,1,0,130,5.2,11568,11.682042,11.238,306143232,291.961,/home/od26udiz/Desktop/c/Tuning-Mode-Analysis-for-SVT-AV1/SVT_AV1_Workspace/data/encoded/meeting/a4_360p/BlueSky_360p25__VQ__p1__crf35__run1.ivf,333090,512.4461538461538,b685a9018a39fee344754efe1d32fcc9,a627a1eb2b1f93a67e486466058d216b5f9a582ff1a5a849ae22bf18b7cddeb3,/home/od26udiz/miniconda3/bin/SvtAv1EncApp -i /home/od26udiz/Desktop/c/Tuning-Mode-Analysis-for-SVT-AV1/SVT_AV1_Workspace/data/source/a4_360p/BlueSky_360p25.y4m -b /home/od26udiz/Desktop/c/Tuning-Mode-Analysis-for-SVT-AV1/SVT_AV1_Workspace/data/encoded/meeting/a4_360p/BlueSky_360p25__VQ__p1__crf35__run1.ivf --preset 1 --crf 35 --tune 0 --lp 0 --progress 1,0,/home/od26udiz/Desktop/c/Tuning-Mode-Analysis-for-SVT-AV1/SVT_AV1_Workspace/logs/meeting/a4_360p/BlueSky_360p25__VQ__p1__crf35__run1.log
a5f48c4ad69ff7fd11ed,2026-09-21T10:15:18.884501+00:00,meeting,ok,a4_360p,BlueSky_360p25.y4m,/home/od26udiz/Desktop/c/Tuning-Mode-Analysis-for-SVT-AV1/SVT_AV1_Workspace/data/source/a4_360p/BlueSky_360p25.y4m,720p_or_lower,640,360,25.0,8,420jpeg,44928838,b3ab86eb59559ede1c28dbcc9e7683ca,2c1e3f2e4eb9c92189d7dbcb606b562fa06eca0e9f373c1e59eaec190138c6eb,VQ,0,1,44,0,1,0,130,5.2,11963,12.065583,10.867,306061312,291.883,/home/od26udiz/Desktop/c/Tuning-Mode-Analysis-for-SVT-AV1/SVT_AV1_Workspace/data/encoded/meeting/a4_360p/BlueSky_360p25__VQ__p1__crf44__run1.ivf,205673,316.42,97f675952219c185e6bd7eed0f673b75,e88d88b829165896e09b373df814824f5f7f7f1fd23d8f426997b1d36046c215,/home/od26udiz/miniconda3/bin/SvtAv1EncApp -i /home/od26udiz/Desktop/c/Tuning-Mode-Analysis-for-SVT-AV1/SVT_AV1_Workspace/data/source/a4_360p/BlueSky_360p25.y4m -b /home/od26udiz/Desktop/c/Tuning-Mode-Analysis-for-SVT-AV1/SVT_AV1_Workspace/data/encoded/meeting/a4_360p/BlueSky_360p25__VQ__p1__crf44__run1.ivf --preset 1 --crf 44 --tune 0 --lp 0 --progress 1,0,/home/od26udiz/Desktop/c/Tuning-Mode-Analysis-for-SVT-AV1/SVT_AV1_Workspace/logs/meeting/a4_360p/BlueSky_360p25__VQ__p1__crf44__run1.log
b61b2553ea9467090169,2026-09-21T10:15:32.706115+00:00,meeting,ok,a4_360p,BlueSky_360p25.y4m,/home/od26udiz/Desktop/c/Tuning-Mode-Analysis-for-SVT-AV1/SVT_AV1_Workspace/data/source/a4_360p/BlueSky_360p25.y4m,720p_or_lower,640,360,25.0,8,420jpeg,44928838,b3ab86eb59559ede1c28dbcc9e7683ca,2c1e3f2e4eb9c92189d7dbcb606b562fa06eca0e9f373c1e59eaec190138c6eb,VQ,0,1,52,0,1,0,130,5.2,13716,13.812028,9.478,301412352,287.449,/home/od26udiz/Desktop/c/Tuning-Mode-Analysis-for-SVT-AV1/SVT_AV1_Workspace/data/encoded/meeting/a4_360p/BlueSky_360p25__VQ__p1__crf52__run1.ivf,133498,205.38153846153847,8cbabc844a68fba408b2793d2c9e10b3,ef22cb1874908b7b9a91c3129d4ddb2ae13379fce033553ff08f077b5be63624,/home/od26udiz/miniconda3/bin/SvtAv1EncApp -i /home/od26udiz/Desktop/c/Tuning-Mode-Analysis-for-SVT-AV1/SVT_AV1_Workspace/data/source/a4_360p/BlueSky_360p25.y4m -b /home/od26udiz/Desktop/c/Tuning-Mode-Analysis-for-SVT-AV1/SVT_AV1_Workspace/data/encoded/meeting/a4_360p/BlueSky_360p25__VQ__p1__crf52__run1.ivf --preset 1 --crf 52 --tune 0 --lp 0 --progress 1,0,/home/od26udiz/Desktop/c/Tuning-Mode-Analysis-for-SVT-AV1/SVT_AV1_Workspace/logs/meeting/a4_360p/BlueSky_360p25__VQ__p1__crf52__run1.log
7fbaa5c8d611c3574c18,2026-09-21T10:15:52.942198+00:00,meeting,ok,a4_360p,BlueSky_360p25.y4m,/home/od26udiz/Desktop/c/Tuning-Mode-Analysis-for-SVT-AV1/SVT_AV1_Workspace/data/source/a4_360p/BlueSky_360p25.y4m,720p_or_lower,640,360,25.0,8,420jpeg,44928838,b3ab86eb59559ede1c28dbcc9e7683ca,2c1e3f2e4eb9c92189d7dbcb606b562fa06eca0e9f373c1e59eaec190138c6eb,VQ,0,1,60,0,1,0,130,5.2,20093,20.220366,6.47,406069248,387.258,/home/od26udiz/Desktop/c/Tuning-Mode-Analysis-for-SVT-AV1/SVT_AV1_Workspace/data/encoded/meeting/a4_360p/BlueSky_360p25__VQ__p1__crf60__run1.ivf,70911,109.09384615384616,f016f7ddd9393b4fd08e7de7d8436c19,45e4d5a26080e4d0e172de7f1d285020d90facf073ed4459a02f68515c6ce135,/home/od26udiz/miniconda3/bin/SvtAv1EncApp -i /home/od26udiz/Desktop/c/Tuning-Mode-Analysis-for-SVT-AV1/SVT_AV1_Workspace/data/source/a4_360p/BlueSky_360p25.y4m -b /home/od26udiz/Desktop/c/Tuning-Mode-Analysis-for-SVT-AV1/SVT_AV1_Workspace/data/encoded/meeting/a4_360p/BlueSky_360p25__VQ__p1__crf60__run1.ivf --preset 1 --crf 60 --tune 0 --lp 0 --progress 1,0,/home/od26udiz/Desktop/c/Tuning-Mode-Analysis-for-SVT-AV1/SVT_AV1_Workspace/logs/meeting/a4_360p/BlueSky_360p25__VQ__p1__crf60__run1.log
85fed60eb23979c36c9b,2026-09-21T10:15:53.274095+00:00,meeting,ok,a4_360p,BlueSky_360p25.y4m,/home/od26udiz/Desktop/c/Tuning-Mode-Analysis-for-SVT-AV1/SVT_AV1_Workspace/data/source/a4_360p/BlueSky_360p25.y4m,720p_or_lower,640,360,25.0,8,420jpeg,44928838,b3ab86eb59559ede1c28dbcc9e7683ca,2c1e3f2e4eb9c92189d7dbcb606b562fa06eca0e9f373c1e59eaec190138c6eb,VQ,0,10,18,0,1,0,130,5.2,228,0.318199,569.983,140910592,134.383,/home/od26udiz/Desktop/c/Tuning-Mode-Analysis-for-SVT-AV1/SVT_AV1_Workspace/data/encoded/meeting/a4_360p/BlueSky_360p25__VQ__p10__crf18__run1.ivf,1584225,2437.2692307692305,6697a4ae439fc266674e19bcc4452903,305f3794329d6b54c6bac24103648c600638c996bc7a53c6b743a317649c16d5,/home/od26udiz/miniconda3/bin/SvtAv1EncApp -i /home/od26udiz/Desktop/c/Tuning-Mode-Analysis-for-SVT-AV1/SVT_AV1_Workspace/data/source/a4_360p/BlueSky_360p25.y4m -b /home/od26udiz/Desktop/c/Tuning-Mode-Analysis-for-SVT-AV1/SVT_AV1_Workspace/data/encoded/meeting/a4_360p/BlueSky_360p25__VQ__p10__crf18__run1.ivf --preset 10 --crf 18 --tune 0 --lp 0 --progress 1,0,/home/od26udiz/Desktop/c/Tuning-Mode-Analysis-for-SVT-AV1/SVT_AV1_Workspace/logs/meeting/a4_360p/BlueSky_360p25__VQ__p10__crf18__run1.log
403f376535c6ce596644,2026-09-21T10:15:53.611130+00:00,meeting,ok,a4_360p,BlueSky_360p25.y4m,/home/od26udiz/Desktop/c/Tuning-Mode-Analysis-for-SVT-AV1/SVT_AV1_Workspace/data/source/a4_360p/BlueSky_360p25.y4m,720p_or_lower,640,360,25.0,8,420jpeg,44928838,b3ab86eb59559ede1c28dbcc9e7683ca,2c1e3f2e4eb9c92189d7dbcb606b562fa06eca0e9f373c1e59eaec190138c6eb,VQ,0,10,26,0,1,0,130,5.2,207,0.320339,627.225,142467072,135.867,/home/od26udiz/Desktop/c/Tuning-Mode-Analysis-for-SVT-AV1/SVT_AV1_Workspace/data/encoded/meeting/a4_360p/BlueSky_360p25__VQ__p10__crf26__run1.ivf,937587,1442.4415384615386,e9fb0362675df16e322f7ab3be0d17c7,2162f01b6805f6c9718e55d56c251340cdc1a9c25fb1cb4ac4c2667710681c2b,/home/od26udiz/miniconda3/bin/SvtAv1EncApp -i /home/od26udiz/Desktop/c/Tuning-Mode-Analysis-for-SVT-AV1/SVT_AV1_Workspace/data/source/a4_360p/BlueSky_360p25.y4m -b /home/od26udiz/Desktop/c/Tuning-Mode-Analysis-for-SVT-AV1/SVT_AV1_Workspace/data/encoded/meeting/a4_360p/BlueSky_360p25__VQ__p10__crf26__run1.ivf --preset 10 --crf 26 --tune 0 --lp 0 --progress 1,0,/home/od26udiz/Desktop/c/Tuning-Mode-Analysis-for-SVT-AV1/SVT_AV1_Workspace/logs/meeting/a4_360p/BlueSky_360p25__VQ__p10__crf26__run1.log
078df657793f3f7c3206,2026-09-21T10:15:53.953614+00:00,meeting,ok,a4_360p,BlueSky_360p25.y4m,/home/od26udiz/Desktop/c/Tuning-Mode-Analysis-for-SVT-AV1/SVT_AV1_Workspace/data/source/a4_360p/BlueSky_360p25.y4m,720p_or_lower,640,360,25.0,8,420jpeg,44928838,b3ab86eb59559ede1c28dbcc9e7683ca,2c1e3f2e4eb9c92189d7dbcb606b562fa06eca0e9f373c1e59eaec190138c6eb,VQ,0,10,35,0,1,0,130,5.2,197,0.327457,660.381,138338304,131.93,/home/od26udiz/Desktop/c/Tuning-Mode-Analysis-for-SVT-AV1/SVT_AV1_Workspace/data/encoded/meeting/a4_360p/BlueSky_360p25__VQ__p10__crf35__run1.ivf,472745,727.3,e486f230a38b87db4542ae81c98d94f2,a0f72c82f1f6d04890aa4bfc27a6d79c13efec8f53715aedd908e1b495747618,/home/od26udiz/miniconda3/bin/SvtAv1EncApp -i /home/od26udiz/Desktop/c/Tuning-Mode-Analysis-for-SVT-AV1/SVT_AV1_Workspace/data/source/a4_360p/BlueSky_360p25.y4m -b /home/od26udiz/Desktop/c/Tuning-Mode-Analysis-for-SVT-AV1/SVT_AV1_Workspace/data/encoded/meeting/a4_360p/BlueSky_360p25__VQ__p10__crf35__run1.ivf --preset 10 --crf 35 --tune 0 --lp 0 --progress 1,0,/home/od26udiz/Desktop/c/Tuning-Mode-Analysis-for-SVT-AV1/SVT_AV1_Workspace/logs/meeting/a4_360p/BlueSky_360p25__VQ__p10__crf35__run1.log
268df2e17c01867bd854,2026-09-21T10:15:54.290708+00:00,meeting,ok,a4_360p,BlueSky_360p25.y4m,/home/od26udiz/Desktop/c/Tuning-Mode-Analysis-for-SVT-AV1/SVT_AV1_Workspace/data/source/a4_360p/BlueSky_360p25.y4m,720p_or_lower,640,360,25.0,8,420jpeg,44928838,b3ab86eb59559ede1c28dbcc9e7683ca,2c1e3f2e4eb9c92189d7dbcb606b562fa06eca0e9f373c1e59eaec190138c6eb,VQ,0,10,44,0,1,0,130,5.2,201,0.324427,646.885,136876032,130.535,/home/od26udiz/Desktop/c/Tuning-Mode-Analysis-for-SVT-AV1/SVT_AV1_Workspace/data/encoded/meeting/a4_360p/BlueSky_360p25__VQ__p10__crf44__run1.ivf,233046,358.5323076923077,0b2cc5b450b4b5913bd735188d27ee26,67438fc0e32a10a844efdb62bb02e774351defa8a986824d7f333bca11f0cc45,/home/od26udiz/miniconda3/bin/SvtAv1EncApp -i /home/od26udiz/Desktop/c/Tuning-Mode-Analysis-for-SVT-AV1/SVT_AV1_Workspace/data/source/a4_360p/BlueSky_360p25.y4m -b /home/od26udiz/Desktop/c/Tuning-Mode-Analysis-for-SVT-AV1/SVT_AV1_Workspace/data/encoded/meeting/a4_360p/BlueSky_360p25__VQ__p10__crf44__run1.ivf --preset 10 --crf 44 --tune 0 --lp 0 --progress 1,0,/home/od26udiz/Desktop/c/Tuning-Mode-Analysis-for-SVT-AV1/SVT_AV1_Workspace/logs/meeting/a4_360p/BlueSky_360p25__VQ__p10__crf44__run1.log
b678cc69cb564f383ece,2026-09-21T10:15:54.627102+00:00,meeting,ok,a4_360p,BlueSky_360p25.y4m,/home/od26udiz/Desktop/c/Tuning-Mode-Analysis-for-SVT-AV1/SVT_AV1_Workspace/data/source/a4_360p/BlueSky_360p25.y4m,720p_or_lower,640,360,25.0,8,420jpeg,44928838,b3ab86eb59559ede1c28dbcc9e7683ca,2c1e3f2e4eb9c92189d7dbcb606b562fa06eca0e9f373c1e59eaec190138c6eb,VQ,0,10,52,0,1,0,130,5.2,232,0.325747,560.843,135213056,128.949,/home/od26udiz/Desktop/c/Tuning-Mode-Analysis-for-SVT-AV1/SVT_AV1_Workspace/data/encoded/meeting/a4_360p/BlueSky_360p25__VQ__p10__crf52__run1.ivf,152240,234.2153846153846,82248239ec1f2475cd613d1913f8e126,27bd3f0f13ae65290fa8aed6995264d41c049930a4efa46f984e665f6966caf1,/home/od26udiz/miniconda3/bin/SvtAv1EncApp -i /home/od26udiz/Desktop/c/Tuning-Mode-Analysis-for-SVT-AV1/SVT_AV1_Workspace/data/source/a4_360p/BlueSky_360p25.y4m -b /home/od26udiz/Desktop/c/Tuning-Mode-Analysis-for-SVT-AV1/SVT_AV1_Workspace/data/encoded/meeting/a4_360p/BlueSky_360p25__VQ__p10__crf52__run1.ivf --preset 10 --crf 52 --tune 0 --lp 0 --progress 1,0,/home/od26udiz/Desktop/c/Tuning-Mode-Analysis-for-SVT-AV1/SVT_AV1_Workspace/logs/meeting/a4_360p/BlueSky_360p25__VQ__p10__crf52__run1.log
d8d789c2121e674ea106,2026-09-21T10:15:54.959303+00:00,meeting,ok,a4_360p,BlueSky_360p25.y4m,/home/od26udiz/Desktop/c/Tuning-Mode-Analysis-for-SVT-AV1/SVT_AV1_Workspace/data/source/a4_360p/BlueSky_360p25.y4m,720p_or_lower,640,360,25.0,8,420jpeg,44928838,b3ab86eb59559ede1c28dbcc9e7683ca,2c1e3f2e4eb9c92189d7dbcb606b562fa06eca0e9f373c1e59eaec190138c6eb,VQ,0,10,60,0,1,0,130,5.2,227,0.321807,572.851,134230016,128.012,/home/od26udiz/Desktop/c/Tuning-Mode-Analysis-for-SVT-AV1/SVT_AV1_Workspace/data/encoded/meeting/a4_360p/BlueSky_360p25__VQ__p10__crf60__run1.ivf,84937,130.6723076923077,e824a9c0597df532958201057ce91799,5b10607abc77029494d81ecc4a70ede3d68956a47a459bada1e6302d8eb9d67a,/home/od26udiz/miniconda3/bin/SvtAv1EncApp -i /home/od26udiz/Desktop/c/Tuning-Mode-Analysis-for-SVT-AV1/SVT_AV1_Workspace/data/source/a4_360p/BlueSky_360p25.y4m -b /home/od26udiz/Desktop/c/Tuning-Mode-Analysis-for-SVT-AV1/SVT_AV1_Workspace/data/encoded/meeting/a4_360p/BlueSky_360p25__VQ__p10__crf60__run1.ivf --preset 10 --crf 60 --tune 0 --lp 0 --progress 1,0,/home/od26udiz/Desktop/c/Tuning-Mode-Analysis-for-SVT-AV1/SVT_AV1_Workspace/logs/meeting/a4_360p/BlueSky_360p25__VQ__p10__crf60__run1.log
12617299458f2167325d,2026-09-21T10:16:05.823948+00:00,meeting,ok,a4_360p,BlueSky_360p25.y4m,/home/od26udiz/Desktop/c/Tuning-Mode-Analysis-for-SVT-AV1/SVT_AV1_Workspace/data/source/a4_360p/BlueSky_360p25.y4m,720p_or_lower,640,360,25.0,8,420jpeg,44928838,b3ab86eb59559ede1c28dbcc9e7683ca,2c1e3f2e4eb9c92189d7dbcb606b562fa06eca0e9f373c1e59eaec190138c6eb,PSNR,1,1,18,0,1,0,130,5.2,10726,10.854521,12.12,305590272,291.434,/home/od26udiz/Desktop/c/Tuning-Mode-Analysis-for-SVT-AV1/SVT_AV1_Workspace/data/encoded/meeting/a4_360p/BlueSky_360p25__PSNR__p1__crf18__run1.ivf,894775,1376.576923076923,57998dd779aede1e548e989559c7a5c1,42c8958e0ccb91e8019e0f5acefc99184796d14ea051b0158e02a93f77eb45e2,/home/od26udiz/miniconda3/bin/SvtAv1EncApp -i /home/od26udiz/Desktop/c/Tuning-Mode-Analysis-for-SVT-AV1/SVT_AV1_Workspace/data/source/a4_360p/BlueSky_360p25.y4m -b /home/od26udiz/Desktop/c/Tuning-Mode-Analysis-for-SVT-AV1/SVT_AV1_Workspace/data/encoded/meeting/a4_360p/BlueSky_360p25__PSNR__p1__crf18__run1.ivf --preset 1 --crf 18 --tune 1 --lp 0 --progress 1,0,/home/od26udiz/Desktop/c/Tuning-Mode-Analysis-for-SVT-AV1/SVT_AV1_Workspace/logs/meeting/a4_360p/BlueSky_360p25__PSNR__p1__crf18__run1.log
65a338f15eaa275dbff7,2026-09-21T10:16:17.461738+00:00,meeting,ok,a4_360p,BlueSky_360p25.y4m,/home/od26udiz/Desktop/c/Tuning-Mode-Analysis-for-SVT-AV1/SVT_AV1_Workspace/data/source/a4_360p/BlueSky_360p25.y4m,720p_or_lower,640,360,25.0,8,420jpeg,44928838,b3ab86eb59559ede1c28dbcc9e7683ca,2c1e3f2e4eb9c92189d7dbcb606b562fa06eca0e9f373c1e59eaec190138c6eb,PSNR,1,1,26,0,1,0,130,5.2,11467,11.615456,11.337,306688000,292.48,/home/od26udiz/Desktop/c/Tuning-Mode-Analysis-for-SVT-AV1/SVT_AV1_Workspace/data/encoded/meeting/a4_360p/BlueSky_360p25__PSNR__p1__crf26__run1.ivf,556810,856.6307692307693,f51bd4f8d9c62a165294c36f5b8fb488,953c6e053d4af112d1ee6f1bfa1df59a3eac508c1b76bcd3ac96812913d3e3d8,/home/od26udiz/miniconda3/bin/SvtAv1EncApp -i /home/od26udiz/Desktop/c/Tuning-Mode-Analysis-for-SVT-AV1/SVT_AV1_Workspace/data/source/a4_360p/BlueSky_360p25.y4m -b /home/od26udiz/Desktop/c/Tuning-Mode-Analysis-for-SVT-AV1/SVT_AV1_Workspace/data/encoded/meeting/a4_360p/BlueSky_360p25__PSNR__p1__crf26__run1.ivf --preset 1 --crf 26 --tune 1 --lp 0 --progress 1,0,/home/od26udiz/Desktop/c/Tuning-Mode-Analysis-for-SVT-AV1/SVT_AV1_Workspace/logs/meeting/a4_360p/BlueSky_360p25__PSNR__p1__crf26__run1.log
feac0e810c69f8334a6a,2026-09-21T10:16:29.332848+00:00,meeting,ok,a4_360p,BlueSky_360p25.y4m,/home/od26udiz/Desktop/c/Tuning-Mode-Analysis-for-SVT-AV1/SVT_AV1_Workspace/data/source/a4_360p/BlueSky_360p25.y4m,720p_or_lower,640,360,25.0,8,420jpeg,44928838,b3ab86eb59559ede1c28dbcc9e7683ca,2c1e3f2e4eb9c92189d7dbcb606b562fa06eca0e9f373c1e59eaec190138c6eb,PSNR,1,1,35,0,1,0,130,5.2,11741,11.853397,11.072,309313536,294.984,/home/od26udiz/Desktop/c/Tuning-Mode-Analysis-for-SVT-AV1/SVT_AV1_Workspace/data/encoded/meeting/a4_360p/BlueSky_360p25__PSNR__p1__crf35__run1.ivf,328194,504.9138461538461,3221a3e139f251772a02561868a2bc11,db571c149ae650ee9ea14d59facec128ea8e8405c2f226151c981ee98001b1be,/home/od26udiz/miniconda3/bin/SvtAv1EncApp -i /home/od26udiz/Desktop/c/Tuning-Mode-Analysis-for-SVT-AV1/SVT_AV1_Workspace/data/source/a4_360p/BlueSky_360p25.y4m -b /home/od26udiz/Desktop/c/Tuning-Mode-Analysis-for-SVT-AV1/SVT_AV1_Workspace/data/encoded/meeting/a4_360p/BlueSky_360p25__PSNR__p1__crf35__run1.ivf --preset 1 --crf 35 --tune 1 --lp 0 --progress 1,0,/home/od26udiz/Desktop/c/Tuning-Mode-Analysis-for-SVT-AV1/SVT_AV1_Workspace/logs/meeting/a4_360p/BlueSky_360p25__PSNR__p1__crf35__run1.log
061eaf3b8a4c82a4dad1,2026-09-21T10:16:41.402078+00:00,meeting,ok,a4_360p,BlueSky_360p25.y4m,/home/od26udiz/Desktop/c/Tuning-Mode-Analysis-for-SVT-AV1/SVT_AV1_Workspace/data/source/a4_360p/BlueSky_360p25.y4m,720p_or_lower,640,360,25.0,8,420jpeg,44928838,b3ab86eb59559ede1c28dbcc9e7683ca,2c1e3f2e4eb9c92189d7dbcb606b562fa06eca0e9f373c1e59eaec190138c6eb,PSNR,1,1,44,0,1,0,130,5.2,11942,12.052664,10.886,310599680,296.211,/home/od26udiz/Desktop/c/Tuning-Mode-Analysis-for-SVT-AV1/SVT_AV1_Workspace/data/encoded/meeting/a4_360p/BlueSky_360p25__PSNR__p1__crf44__run1.ivf,200405,308.31538461538463,afa4b3a19dab0a30c0f4c67d8f5cb674,88dcb520e961b3a1e5d93f515c446a8c84921441a8199199ac186889b178ffc7,/home/od26udiz/miniconda3/bin/SvtAv1EncApp -i /home/od26udiz/Desktop/c/Tuning-Mode-Analysis-for-SVT-AV1/SVT_AV1_Workspace/data/source/a4_360p/BlueSky_360p25.y4m -b /home/od26udiz/Desktop/c/Tuning-Mode-Analysis-for-SVT-AV1/SVT_AV1_Workspace/data/encoded/meeting/a4_360p/BlueSky_360p25__PSNR__p1__crf44__run1.ivf --preset 1 --crf 44 --tune 1 --lp 0 --progress 1,0,/home/od26udiz/Desktop/c/Tuning-Mode-Analysis-for-SVT-AV1/SVT_AV1_Workspace/logs/meeting/a4_360p/BlueSky_360p25__PSNR__p1__crf44__run1.log
34ce7660c4baf6c328ff,2026-09-21T10:16:55.570989+00:00,meeting,ok,a4_360p,BlueSky_360p25.y4m,/home/od26udiz/Desktop/c/Tuning-Mode-Analysis-for-SVT-AV1/SVT_AV1_Workspace/data/source/a4_360p/BlueSky_360p25.y4m,720p_or_lower,640,360,25.0,8,420jpeg,44928838,b3ab86eb59559ede1c28dbcc9e7683ca,2c1e3f2e4eb9c92189d7dbcb606b562fa06eca0e9f373c1e59eaec190138c6eb,PSNR,1,1,52,0,1,0,130,5.2,13996,14.15253,9.288,318226432,303.484,/home/od26udiz/Desktop/c/Tuning-Mode-Analysis-for-SVT-AV1/SVT_AV1_Workspace/data/encoded/meeting/a4_360p/BlueSky_360p25__PSNR__p1__crf52__run1.ivf,128765,198.1,8dc80855db3176bd82e4d1f190f46baa,c4a5a9666c933e1070398bbb449c3d499b0d390e6887b4c797f7545cd7de5a16,/home/od26udiz/miniconda3/bin/SvtAv1EncApp -i /home/od26udiz/Desktop/c/Tuning-Mode-Analysis-for-SVT-AV1/SVT_AV1_Workspace/data/source/a4_360p/BlueSky_360p25.y4m -b /home/od26udiz/Desktop/c/Tuning-Mode-Analysis-for-SVT-AV1/SVT_AV1_Workspace/data/encoded/meeting/a4_360p/BlueSky_360p25__PSNR__p1__crf52__run1.ivf --preset 1 --crf 52 --tune 1 --lp 0 --progress 1,0,/home/od26udiz/Desktop/c/Tuning-Mode-Analysis-for-SVT-AV1/SVT_AV1_Workspace/logs/meeting/a4_360p/BlueSky_360p25__PSNR__p1__crf52__run1.log
714a355fc50d88b7370d,2026-09-21T10:17:15.774393+00:00,meeting,ok,a4_360p,BlueSky_360p25.y4m,/home/od26udiz/Desktop/c/Tuning-Mode-Analysis-for-SVT-AV1/SVT_AV1_Workspace/data/source/a4_360p/BlueSky_360p25.y4m,720p_or_lower,640,360,25.0,8,420jpeg,44928838,b3ab86eb59559ede1c28dbcc9e7683ca,2c1e3f2e4eb9c92189d7dbcb606b562fa06eca0e9f373c1e59eaec190138c6eb,PSNR,1,1,60,0,1,0,130,5.2,19987,20.187868,6.504,408113152,389.207,/home/od26udiz/Desktop/c/Tuning-Mode-Analysis-for-SVT-AV1/SVT_AV1_Workspace/data/encoded/meeting/a4_360p/BlueSky_360p25__PSNR__p1__crf60__run1.ivf,68252,105.00307692307692,44f249145d91325d70597c351baf933f,22e44da59f51ffb2afc1a3bc0bada51301c3914c0eaf50ba39baff70720915b7,/home/od26udiz/miniconda3/bin/SvtAv1EncApp -i /home/od26udiz/Desktop/c/Tuning-Mode-Analysis-for-SVT-AV1/SVT_AV1_Workspace/data/source/a4_360p/BlueSky_360p25.y4m -b /home/od26udiz/Desktop/c/Tuning-Mode-Analysis-for-SVT-AV1/SVT_AV1_Workspace/data/encoded/meeting/a4_360p/BlueSky_360p25__PSNR__p1__crf60__run1.ivf --preset 1 --crf 60 --tune 1 --lp 0 --progress 1,0,/home/od26udiz/Desktop/c/Tuning-Mode-Analysis-for-SVT-AV1/SVT_AV1_Workspace/logs/meeting/a4_360p/BlueSky_360p25__PSNR__p1__crf60__run1.log
229df68e98aee19603e7,2026-09-21T10:17:16.109532+00:00,meeting,ok,a4_360p,BlueSky_360p25.y4m,/home/od26udiz/Desktop/c/Tuning-Mode-Analysis-for-SVT-AV1/SVT_AV1_Workspace/data/source/a4_360p/BlueSky_360p25.y4m,720p_or_lower,640,360,25.0,8,420jpeg,44928838,b3ab86eb59559ede1c28dbcc9e7683ca,2c1e3f2e4eb9c92189d7dbcb606b562fa06eca0e9f373c1e59eaec190138c6eb,PSNR,1,10,18,0,1,0,130,5.2,244,0.324969,533.397,142368768,135.773,/home/od26udiz/Desktop/c/Tuning-Mode-Analysis-for-SVT-AV1/SVT_AV1_Workspace/data/encoded/meeting/a4_360p/BlueSky_360p25__PSNR__p10__crf18__run1.ivf,1559628,2399.427692307692,f76dbe0f68e8684a976c16b6242fb9f7,77a043641fffe0cdd94503f06f54689075ecbde3505cefe89ae6a615eef25620,/home/od26udiz/miniconda3/bin/SvtAv1EncApp -i /home/od26udiz/Desktop/c/Tuning-Mode-Analysis-for-SVT-AV1/SVT_AV1_Workspace/data/source/a4_360p/BlueSky_360p25.y4m -b /home/od26udiz/Desktop/c/Tuning-Mode-Analysis-for-SVT-AV1/SVT_AV1_Workspace/data/encoded/meeting/a4_360p/BlueSky_360p25__PSNR__p10__crf18__run1.ivf --preset 10 --crf 18 --tune 1 --lp 0 --progress 1,0,/home/od26udiz/Desktop/c/Tuning-Mode-Analysis-for-SVT-AV1/SVT_AV1_Workspace/logs/meeting/a4_360p/BlueSky_360p25__PSNR__p10__crf18__run1.log
249b8f1a35ff6d403a10,2026-09-21T10:17:16.442155+00:00,meeting,ok,a4_360p,BlueSky_360p25.y4m,/home/od26udiz/Desktop/c/Tuning-Mode-Analysis-for-SVT-AV1/SVT_AV1_Workspace/data/source/a4_360p/BlueSky_360p25.y4m,720p_or_lower,640,360,25.0,8,420jpeg,44928838,b3ab86eb59559ede1c28dbcc9e7683ca,2c1e3f2e4eb9c92189d7dbcb606b562fa06eca0e9f373c1e59eaec190138c6eb,PSNR,1,10,26,0,1,0,130,5.2,214,0.317226,607.596,140308480,133.809,/home/od26udiz/Desktop/c/Tuning-Mode-Analysis-for-SVT-AV1/SVT_AV1_Workspace/data/encoded/meeting/a4_360p/BlueSky_360p25__PSNR__p10__crf26__run1.ivf,929438,1429.9046153846152,612f161c013785a1272647eb92a477bf,23961084ed3b64e1d3061e66f9c0711e9e0d11264de4e896d746ca70c702b9ce,/home/od26udiz/miniconda3/bin/SvtAv1EncApp -i /home/od26udiz/Desktop/c/Tuning-Mode-Analysis-for-SVT-AV1/SVT_AV1_Workspace/data/source/a4_360p/BlueSky_360p25.y4m -b /home/od26udiz/Desktop/c/Tuning-Mode-Analysis-for-SVT-AV1/SVT_AV1_Workspace/data/encoded/meeting/a4_360p/BlueSky_360p25__PSNR__p10__crf26__run1.ivf --preset 10 --crf 26 --tune 1 --lp 0 --progress 1,0,/home/od26udiz/Desktop/c/Tuning-Mode-Analysis-for-SVT-AV1/SVT_AV1_Workspace/logs/meeting/a4_360p/BlueSky_360p25__PSNR__p10__crf26__run1.log
93de57f29417f603bc6d,2026-09-21T10:17:16.781791+00:00,meeting,ok,a4_360p,BlueSky_360p25.y4m,/home/od26udiz/Desktop/c/Tuning-Mode-Analysis-for-SVT-AV1/SVT_AV1_Workspace/data/source/a4_360p/BlueSky_360p25.y4m,720p_or_lower,640,360,25.0,8,420jpeg,44928838,b3ab86eb59559ede1c28dbcc9e7683ca,2c1e3f2e4eb9c92189d7dbcb606b562fa06eca0e9f373c1e59eaec190138c6eb,PSNR,1,10,35,0,1,0,130,5.2,202,0.323717,644.825,138895360,132.461,/home/od26udiz/Desktop/c/Tuning-Mode-Analysis-for-SVT-AV1/SVT_AV1_Workspace/data/encoded/meeting/a4_360p/BlueSky_360p25__PSNR__p10__crf35__run1.ivf,462322,711.2646153846154,76e65bfad919bf11838a31f9ac9d4551,17efce068212f59abaf84aa93e2a4874308d53bd6f23134c929c3495ce8aadcd,/home/od26udiz/miniconda3/bin/SvtAv1EncApp -i /home/od26udiz/Desktop/c/Tuning-Mode-Analysis-for-SVT-AV1/SVT_AV1_Workspace/data/source/a4_360p/BlueSky_360p25.y4m -b /home/od26udiz/Desktop/c/Tuning-Mode-Analysis-for-SVT-AV1/SVT_AV1_Workspace/data/encoded/meeting/a4_360p/BlueSky_360p25__PSNR__p10__crf35__run1.ivf --preset 10 --crf 35 --tune 1 --lp 0 --progress 1,0,/home/od26udiz/Desktop/c/Tuning-Mode-Analysis-for-SVT-AV1/SVT_AV1_Workspace/logs/meeting/a4_360p/BlueSky_360p25__PSNR__p10__crf35__run1.log
fdd5ab5b57c8c9e21c1e,2026-09-21T10:17:17.139449+00:00,meeting,ok,a4_360p,BlueSky_360p25.y4m,/home/od26udiz/Desktop/c/Tuning-Mode-Analysis-for-SVT-AV1/SVT_AV1_Workspace/data/source/a4_360p/BlueSky_360p25.y4m,720p_or_lower,640,360,25.0,8,420jpeg,44928838,b3ab86eb59559ede1c28dbcc9e7683ca,2c1e3f2e4eb9c92189d7dbcb606b562fa06eca0e9f373c1e59eaec190138c6eb,PSNR,1,10,44,0,1,0,130,5.2,210,0.33822,620.022,135639040,129.355,/home/od26udiz/Desktop/c/Tuning-Mode-Analysis-for-SVT-AV1/SVT_AV1_Workspace/data/encoded/meeting/a4_360p/BlueSky_360p25__PSNR__p10__crf44__run1.ivf,227466,349.9476923076923,5a2217439108a9e18c76bb0cbfd7bb08,5fef098bd44a6d046e5f9848b54910bbf3d95f0a862860a5ba811b7fe26a3ef9,/home/od26udiz/miniconda3/bin/SvtAv1EncApp -i /home/od26udiz/Desktop/c/Tuning-Mode-Analysis-for-SVT-AV1/SVT_AV1_Workspace/data/source/a4_360p/BlueSky_360p25.y4m -b /home/od26udiz/Desktop/c/Tuning-Mode-Analysis-for-SVT-AV1/SVT_AV1_Workspace/data/encoded/meeting/a4_360p/BlueSky_360p25__PSNR__p10__crf44__run1.ivf --preset 10 --crf 44 --tune 1 --lp 0 --progress 1,0,/home/od26udiz/Desktop/c/Tuning-Mode-Analysis-for-SVT-AV1/SVT_AV1_Workspace/logs/meeting/a4_360p/BlueSky_360p25__PSNR__p10__crf44__run1.log
eab4ad0c2f12ab529757,2026-09-21T10:17:17.493074+00:00,meeting,ok,a4_360p,BlueSky_360p25.y4m,/home/od26udiz/Desktop/c/Tuning-Mode-Analysis-for-SVT-AV1/SVT_AV1_Workspace/data/source/a4_360p/BlueSky_360p25.y4m,720p_or_lower,640,360,25.0,8,420jpeg,44928838,b3ab86eb59559ede1c28dbcc9e7683ca,2c1e3f2e4eb9c92189d7dbcb606b562fa06eca0e9f373c1e59eaec190138c6eb,PSNR,1,10,52,0,1,0,130,5.2,223,0.337578,583.97,135532544,129.254,/home/od26udiz/Desktop/c/Tuning-Mode-Analysis-for-SVT-AV1/SVT_AV1_Workspace/data/encoded/meeting/a4_360p/BlueSky_360p25__PSNR__p10__crf52__run1.ivf,144959,223.01384615384615,95e725f134de2920fc514a3f933b91b4,49121aeeed3a521bb27e4e40826d30703e7fb3d23988d6e3395c05790fd949c1,/home/od26udiz/miniconda3/bin/SvtAv1EncApp -i /home/od26udiz/Desktop/c/Tuning-Mode-Analysis-for-SVT-AV1/SVT_AV1_Workspace/data/source/a4_360p/BlueSky_360p25.y4m -b /home/od26udiz/Desktop/c/Tuning-Mode-Analysis-for-SVT-AV1/SVT_AV1_Workspace/data/encoded/meeting/a4_360p/BlueSky_360p25__PSNR__p10__crf52__run1.ivf --preset 10 --crf 52 --tune 1 --lp 0 --progress 1,0,/home/od26udiz/Desktop/c/Tuning-Mode-Analysis-for-SVT-AV1/SVT_AV1_Workspace/logs/meeting/a4_360p/BlueSky_360p25__PSNR__p10__crf52__run1.log
3251638d39705479b01e,2026-09-21T10:17:17.841217+00:00,meeting,ok,a4_360p,BlueSky_360p25.y4m,/home/od26udiz/Desktop/c/Tuning-Mode-Analysis-for-SVT-AV1/SVT_AV1_Workspace/data/source/a4_360p/BlueSky_360p25.y4m,720p_or_lower,640,360,25.0,8,420jpeg,44928838,b3ab86eb59559ede1c28dbcc9e7683ca,2c1e3f2e4eb9c92189d7dbcb606b562fa06eca0e9f373c1e59eaec190138c6eb,PSNR,1,10,60,0,1,0,130,5.2,220,0.334214,592.007,138244096,131.84,/home/od26udiz/Desktop/c/Tuning-Mode-Analysis-for-SVT-AV1/SVT_AV1_Workspace/data/encoded/meeting/a4_360p/BlueSky_360p25__PSNR__p10__crf60__run1.ivf,79994,123.0676923076923,0e90b0f817caf1d05a4e0f19a36586a6,dc347b488ddaf9eea41d6efbf6e0e946c9f64f720071e37fd57be9258c3a0a4c,/home/od26udiz/miniconda3/bin/SvtAv1EncApp -i /home/od26udiz/Desktop/c/Tuning-Mode-Analysis-for-SVT-AV1/SVT_AV1_Workspace/data/source/a4_360p/BlueSky_360p25.y4m -b /home/od26udiz/Desktop/c/Tuning-Mode-Analysis-for-SVT-AV1/SVT_AV1_Workspace/data/encoded/meeting/a4_360p/BlueSky_360p25__PSNR__p10__crf60__run1.ivf --preset 10 --crf 60 --tune 1 --lp 0 --progress 1,0,/home/od26udiz/Desktop/c/Tuning-Mode-Analysis-for-SVT-AV1/SVT_AV1_Workspace/logs/meeting/a4_360p/BlueSky_360p25__PSNR__p10__crf60__run1.log
86e8820f033ac350725e,2026-09-21T10:17:28.454893+00:00,meeting,ok,a4_360p,BlueSky_360p25.y4m,/home/od26udiz/Desktop/c/Tuning-Mode-Analysis-for-SVT-AV1/SVT_AV1_Workspace/data/source/a4_360p/BlueSky_360p25.y4m,720p_or_lower,640,360,25.0,8,420jpeg,44928838,b3ab86eb59559ede1c28dbcc9e7683ca,2c1e3f2e4eb9c92189d7dbcb606b562fa06eca0e9f373c1e59eaec190138c6eb,SSIM,2,1,18,0,1,0,130,5.2,10393,10.600061,12.508,296972288,283.215,/home/od26udiz/Desktop/c/Tuning-Mode-Analysis-for-SVT-AV1/SVT_AV1_Workspace/data/encoded/meeting/a4_360p/BlueSky_360p25__SSIM__p1__crf18__run1.ivf,708984,1090.7446153846154,2bd3d0454434cb5d07bda9a887aeea70,669618ae68f85746d0b923ff40d24352a5be5abb8dc673a8555553720fe9281b,/home/od26udiz/miniconda3/bin/SvtAv1EncApp -i /home/od26udiz/Desktop/c/Tuning-Mode-Analysis-for-SVT-AV1/SVT_AV1_Workspace/data/source/a4_360p/BlueSky_360p25.y4m -b /home/od26udiz/Desktop/c/Tuning-Mode-Analysis-for-SVT-AV1/SVT_AV1_Workspace/data/encoded/meeting/a4_360p/BlueSky_360p25__SSIM__p1__crf18__run1.ivf --preset 1 --crf 18 --tune 2 --lp 0 --progress 1,0,/home/od26udiz/Desktop/c/Tuning-Mode-Analysis-for-SVT-AV1/SVT_AV1_Workspace/logs/meeting/a4_360p/BlueSky_360p25__SSIM__p1__crf18__run1.log
fd72e4728b1c7e85ddf4,2026-09-21T10:17:40.071298+00:00,meeting,ok,a4_360p,BlueSky_360p25.y4m,/home/od26udiz/Desktop/c/Tuning-Mode-Analysis-for-SVT-AV1/SVT_AV1_Workspace/data/source/a4_360p/BlueSky_360p25.y4m,720p_or_lower,640,360,25.0,8,420jpeg,44928838,b3ab86eb59559ede1c28dbcc9e7683ca,2c1e3f2e4eb9c92189d7dbcb606b562fa06eca0e9f373c1e59eaec190138c6eb,SSIM,2,1,26,0,1,0,130,5.2,11437,11.595499,11.366,309415936,295.082,/home/od26udiz/Desktop/c/Tuning-Mode-Analysis-for-SVT-AV1/SVT_AV1_Workspace/data/encoded/meeting/a4_360p/BlueSky_360p25__SSIM__p1__crf26__run1.ivf,438226,674.1938461538462,dfba1d0882b7ecfab9c1cbd2276f0f8f,50448e3dce2e89368fc900301e1278cdc3c5ff15ea850c15bb02b5457b8daf3a,/home/od26udiz/miniconda3/bin/SvtAv1EncApp -i /home/od26udiz/Desktop/c/Tuning-Mode-Analysis-for-SVT-AV1/SVT_AV1_Workspace/data/source/a4_360p/BlueSky_360p25.y4m -b /home/od26udiz/Desktop/c/Tuning-Mode-Analysis-for-SVT-AV1/SVT_AV1_Workspace/data/encoded/meeting/a4_360p/BlueSky_360p25__SSIM__p1__crf26__run1.ivf --preset 1 --crf 26 --tune 2 --lp 0 --progress 1,0,/home/od26udiz/Desktop/c/Tuning-Mode-Analysis-for-SVT-AV1/SVT_AV1_Workspace/logs/meeting/a4_360p/BlueSky_360p25__SSIM__p1__crf26__run1.log
6a6b48cb5449e43d8d1f,2026-09-21T10:17:51.598975+00:00,meeting,ok,a4_360p,BlueSky_360p25.y4m,/home/od26udiz/Desktop/c/Tuning-Mode-Analysis-for-SVT-AV1/SVT_AV1_Workspace/data/source/a4_360p/BlueSky_360p25.y4m,720p_or_lower,640,360,25.0,8,420jpeg,44928838,b3ab86eb59559ede1c28dbcc9e7683ca,2c1e3f2e4eb9c92189d7dbcb606b562fa06eca0e9f373c1e59eaec190138c6eb,SSIM,2,1,35,0,1,0,130,5.2,11398,11.510889,11.405,311877632,297.43,/home/od26udiz/Desktop/c/Tuning-Mode-Analysis-for-SVT-AV1/SVT_AV1_Workspace/data/encoded/meeting/a4_360p/BlueSky_360p25__SSIM__p1__crf35__run1.ivf,259030,398.5076923076923,e6b362c1c7e7848022bd959ac3a1bbaa,506989da9031cc3092a16bea8178b74f3437684432b8bdf7b3144f61a0fc3bb8,/home/od26udiz/miniconda3/bin/SvtAv1EncApp -i /home/od26udiz/Desktop/c/Tuning-Mode-Analysis-for-SVT-AV1/SVT_AV1_Workspace/data/source/a4_360p/BlueSky_360p25.y4m -b /home/od26udiz/Desktop/c/Tuning-Mode-Analysis-for-SVT-AV1/SVT_AV1_Workspace/data/encoded/meeting/a4_360p/BlueSky_360p25__SSIM__p1__crf35__run1.ivf --preset 1 --crf 35 --tune 2 --lp 0 --progress 1,0,/home/od26udiz/Desktop/c/Tuning-Mode-Analysis-for-SVT-AV1/SVT_AV1_Workspace/logs/meeting/a4_360p/BlueSky_360p25__SSIM__p1__crf35__run1.log
4e4a2c8b8fd286e2d299,2026-09-21T10:18:03.740594+00:00,meeting,ok,a4_360p,BlueSky_360p25.y4m,/home/od26udiz/Desktop/c/Tuning-Mode-Analysis-for-SVT-AV1/SVT_AV1_Workspace/data/source/a4_360p/BlueSky_360p25.y4m,720p_or_lower,640,360,25.0,8,420jpeg,44928838,b3ab86eb59559ede1c28dbcc9e7683ca,2c1e3f2e4eb9c92189d7dbcb606b562fa06eca0e9f373c1e59eaec190138c6eb,SSIM,2,1,44,0,1,0,130,5.2,11968,12.125672,10.863,308027392,293.758,/home/od26udiz/Desktop/c/Tuning-Mode-Analysis-for-SVT-AV1/SVT_AV1_Workspace/data/encoded/meeting/a4_360p/BlueSky_360p25__SSIM__p1__crf44__run1.ivf,162931,250.66307692307691,d1317673a8fcc9e7682dcd01d60d3085,539954b19e01715e972bb6edc4f1b6331d73c78dabb62051598e51be3b651b31,/home/od26udiz/miniconda3/bin/SvtAv1EncApp -i /home/od26udiz/Desktop/c/Tuning-Mode-Analysis-for-SVT-AV1/SVT_AV1_Workspace/data/source/a4_360p/BlueSky_360p25.y4m -b /home/od26udiz/Desktop/c/Tuning-Mode-Analysis-for-SVT-AV1/SVT_AV1_Workspace/data/encoded/meeting/a4_360p/BlueSky_360p25__SSIM__p1__crf44__run1.ivf --preset 1 --crf 44 --tune 2 --lp 0 --progress 1,0,/home/od26udiz/Desktop/c/Tuning-Mode-Analysis-for-SVT-AV1/SVT_AV1_Workspace/logs/meeting/a4_360p/BlueSky_360p25__SSIM__p1__crf44__run1.log
fa2a8a0c198df1d52dec,2026-09-21T10:18:17.816454+00:00,meeting,ok,a4_360p,BlueSky_360p25.y4m,/home/od26udiz/Desktop/c/Tuning-Mode-Analysis-for-SVT-AV1/SVT_AV1_Workspace/data/source/a4_360p/BlueSky_360p25.y4m,720p_or_lower,640,360,25.0,8,420jpeg,44928838,b3ab86eb59559ede1c28dbcc9e7683ca,2c1e3f2e4eb9c92189d7dbcb606b562fa06eca0e9f373c1e59eaec190138c6eb,SSIM,2,1,52,0,1,0,130,5.2,13965,14.060297,9.309,312627200,298.145,/home/od26udiz/Desktop/c/Tuning-Mode-Analysis-for-SVT-AV1/SVT_AV1_Workspace/data/encoded/meeting/a4_360p/BlueSky_360p25__SSIM__p1__crf52__run1.ivf,105378,162.12,a2d824f8e68df45188cf303eaef7d74f,a505f075134325a7f3710d2dd17db1fecc58a342c95a64181eb03d2ad97a67c7,/home/od26udiz/miniconda3/bin/SvtAv1EncApp -i /home/od26udiz/Desktop/c/Tuning-Mode-Analysis-for-SVT-AV1/SVT_AV1_Workspace/data/source/a4_360p/BlueSky_360p25.y4m -b /home/od26udiz/Desktop/c/Tuning-Mode-Analysis-for-SVT-AV1/SVT_AV1_Workspace/data/encoded/meeting/a4_360p/BlueSky_360p25__SSIM__p1__crf52__run1.ivf --preset 1 --crf 52 --tune 2 --lp 0 --progress 1,0,/home/od26udiz/Desktop/c/Tuning-Mode-Analysis-for-SVT-AV1/SVT_AV1_Workspace/logs/meeting/a4_360p/BlueSky_360p25__SSIM__p1__crf52__run1.log
49ffb007581c1cc0142b,2026-09-21T10:18:37.742895+00:00,meeting,ok,a4_360p,BlueSky_360p25.y4m,/home/od26udiz/Desktop/c/Tuning-Mode-Analysis-for-SVT-AV1/SVT_AV1_Workspace/data/source/a4_360p/BlueSky_360p25.y4m,720p_or_lower,640,360,25.0,8,420jpeg,44928838,b3ab86eb59559ede1c28dbcc9e7683ca,2c1e3f2e4eb9c92189d7dbcb606b562fa06eca0e9f373c1e59eaec190138c6eb,SSIM,2,1,60,0,1,0,130,5.2,19818,19.916065,6.56,409661440,390.684,/home/od26udiz/Desktop/c/Tuning-Mode-Analysis-for-SVT-AV1/SVT_AV1_Workspace/data/encoded/meeting/a4_360p/BlueSky_360p25__SSIM__p1__crf60__run1.ivf,56959,87.62923076923076,a2c9549803fef4c8fd7a0763ac80e244,47d30b5593eb131ccccefd7fe21443c07e9071f0bfe4048117cb1489ae4eeece,/home/od26udiz/miniconda3/bin/SvtAv1EncApp -i /home/od26udiz/Desktop/c/Tuning-Mode-Analysis-for-SVT-AV1/SVT_AV1_Workspace/data/source/a4_360p/BlueSky_360p25.y4m -b /home/od26udiz/Desktop/c/Tuning-Mode-Analysis-for-SVT-AV1/SVT_AV1_Workspace/data/encoded/meeting/a4_360p/BlueSky_360p25__SSIM__p1__crf60__run1.ivf --preset 1 --crf 60 --tune 2 --lp 0 --progress 1,0,/home/od26udiz/Desktop/c/Tuning-Mode-Analysis-for-SVT-AV1/SVT_AV1_Workspace/logs/meeting/a4_360p/BlueSky_360p25__SSIM__p1__crf60__run1.log
25d08f3f3882edafafc1,2026-09-21T10:18:38.067897+00:00,meeting,ok,a4_360p,BlueSky_360p25.y4m,/home/od26udiz/Desktop/c/Tuning-Mode-Analysis-for-SVT-AV1/SVT_AV1_Workspace/data/source/a4_360p/BlueSky_360p25.y4m,720p_or_lower,640,360,25.0,8,420jpeg,44928838,b3ab86eb59559ede1c28dbcc9e7683ca,2c1e3f2e4eb9c92189d7dbcb606b562fa06eca0e9f373c1e59eaec190138c6eb,SSIM,2,10,18,0,1,0,130,5.2,231,0.31698,563.51,141262848,134.719,/home/od26udiz/Desktop/c/Tuning-Mode-Analysis-for-SVT-AV1/SVT_AV1_Workspace/data/encoded/meeting/a4_360p/BlueSky_360p25__SSIM__p10__crf18__run1.ivf,1469058,2260.0892307692307,b0e622e6cf51cc6c85b18035a31eee8c,67c9b3edc3fb1840f9f01ffb9e97fd155190fc1788df292e3c9f2a72943c0f39,/home/od26udiz/miniconda3/bin/SvtAv1EncApp -i /home/od26udiz/Desktop/c/Tuning-Mode-Analysis-for-SVT-AV1/SVT_AV1_Workspace/data/source/a4_360p/BlueSky_360p25.y4m -b /home/od26udiz/Desktop/c/Tuning-Mode-Analysis-for-SVT-AV1/SVT_AV1_Workspace/data/encoded/meeting/a4_360p/BlueSky_360p25__SSIM__p10__crf18__run1.ivf --preset 10 --crf 18 --tune 2 --lp 0 --progress 1,0,/home/od26udiz/Desktop/c/Tuning-Mode-Analysis-for-SVT-AV1/SVT_AV1_Workspace/logs/meeting/a4_360p/BlueSky_360p25__SSIM__p10__crf18__run1.log
22876e289d4e0bb7bef7,2026-09-21T10:18:38.406939+00:00,meeting,ok,a4_360p,BlueSky_360p25.y4m,/home/od26udiz/Desktop/c/Tuning-Mode-Analysis-for-SVT-AV1/SVT_AV1_Workspace/data/source/a4_360p/BlueSky_360p25.y4m,720p_or_lower,640,360,25.0,8,420jpeg,44928838,b3ab86eb59559ede1c28dbcc9e7683ca,2c1e3f2e4eb9c92189d7dbcb606b562fa06eca0e9f373c1e59eaec190138c6eb,SSIM,2,10,26,0,1,0,130,5.2,223,0.321566,582.182,140689408,134.172,/home/od26udiz/Desktop/c/Tuning-Mode-Analysis-for-SVT-AV1/SVT_AV1_Workspace/data/encoded/meeting/a4_360p/BlueSky_360p25__SSIM__p10__crf26__run1.ivf,846410,1302.1692307692308,83b55251c20ecb60eb6ac8effe475088,28c563a8bc8aeaa7c37192389252669465c6be7a647ff91135b47e8cccb6e283,/home/od26udiz/miniconda3/bin/SvtAv1EncApp -i /home/od26udiz/Desktop/c/Tuning-Mode-Analysis-for-SVT-AV1/SVT_AV1_Workspace/data/source/a4_360p/BlueSky_360p25.y4m -b /home/od26udiz/Desktop/c/Tuning-Mode-Analysis-for-SVT-AV1/SVT_AV1_Workspace/data/encoded/meeting/a4_360p/BlueSky_360p25__SSIM__p10__crf26__run1.ivf --preset 10 --crf 26 --tune 2 --lp 0 --progress 1,0,/home/od26udiz/Desktop/c/Tuning-Mode-Analysis-for-SVT-AV1/SVT_AV1_Workspace/logs/meeting/a4_360p/BlueSky_360p25__SSIM__p10__crf26__run1.log
e5658faf9e01208ffcc3,2026-09-21T10:18:38.763690+00:00,meeting,ok,a4_360p,BlueSky_360p25.y4m,/home/od26udiz/Desktop/c/Tuning-Mode-Analysis-for-SVT-AV1/SVT_AV1_Workspace/data/source/a4_360p/BlueSky_360p25.y4m,720p_or_lower,640,360,25.0,8,420jpeg,44928838,b3ab86eb59559ede1c28dbcc9e7683ca,2c1e3f2e4eb9c92189d7dbcb606b562fa06eca0e9f373c1e59eaec190138c6eb,SSIM,2,10,35,0,1,0,130,5.2,200,0.331906,649.088,141647872,135.086,/home/od26udiz/Desktop/c/Tuning-Mode-Analysis-for-SVT-AV1/SVT_AV1_Workspace/data/encoded/meeting/a4_360p/BlueSky_360p25__SSIM__p10__crf35__run1.ivf,380127,584.8107692307692,5b3b39347bfc6c9da54958f507645015,4be66864be8f7b32bb1e0d6481a767860ec44ec12ddc99fa28793d0065667f5b,/home/od26udiz/miniconda3/bin/SvtAv1EncApp -i /home/od26udiz/Desktop/c/Tuning-Mode-Analysis-for-SVT-AV1/SVT_AV1_Workspace/data/source/a4_360p/BlueSky_360p25.y4m -b /home/od26udiz/Desktop/c/Tuning-Mode-Analysis-for-SVT-AV1/SVT_AV1_Workspace/data/encoded/meeting/a4_360p/BlueSky_360p25__SSIM__p10__crf35__run1.ivf --preset 10 --crf 35 --tune 2 --lp 0 --progress 1,0,/home/od26udiz/Desktop/c/Tuning-Mode-Analysis-for-SVT-AV1/SVT_AV1_Workspace/logs/meeting/a4_360p/BlueSky_360p25__SSIM__p10__crf35__run1.log
795f534050240cc25715,2026-09-21T10:18:39.118479+00:00,meeting,ok,a4_360p,BlueSky_360p25.y4m,/home/od26udiz/Desktop/c/Tuning-Mode-Analysis-for-SVT-AV1/SVT_AV1_Workspace/data/source/a4_360p/BlueSky_360p25.y4m,720p_or_lower,640,360,25.0,8,420jpeg,44928838,b3ab86eb59559ede1c28dbcc9e7683ca,2c1e3f2e4eb9c92189d7dbcb606b562fa06eca0e9f373c1e59eaec190138c6eb,SSIM,2,10,44,0,1,0,130,5.2,219,0.337274,592.622,139489280,133.027,/home/od26udiz/Desktop/c/Tuning-Mode-Analysis-for-SVT-AV1/SVT_AV1_Workspace/data/encoded/meeting/a4_360p/BlueSky_360p25__SSIM__p10__crf44__run1.ivf,176993,272.29692307692306,3721332a239b0eb3860a900a268a125b,75d93c391e69b96b278c3a18cf67109b855bbbffe6245e661d25cee47ccc5ed9,/home/od26udiz/miniconda3/bin/SvtAv1EncApp -i /home/od26udiz/Desktop/c/Tuning-Mode-Analysis-for-SVT-AV1/SVT_AV1_Workspace/data/source/a4_360p/BlueSky_360p25.y4m -b /home/od26udiz/Desktop/c/Tuning-Mode-Analysis-for-SVT-AV1/SVT_AV1_Workspace/data/encoded/meeting/a4_360p/BlueSky_360p25__SSIM__p10__crf44__run1.ivf --preset 10 --crf 44 --tune 2 --lp 0 --progress 1,0,/home/od26udiz/Desktop/c/Tuning-Mode-Analysis-for-SVT-AV1/SVT_AV1_Workspace/logs/meeting/a4_360p/BlueSky_360p25__SSIM__p10__crf44__run1.log
80bf4c6396a58ea68236,2026-09-21T10:18:39.468961+00:00,meeting,ok,a4_360p,BlueSky_360p25.y4m,/home/od26udiz/Desktop/c/Tuning-Mode-Analysis-for-SVT-AV1/SVT_AV1_Workspace/data/source/a4_360p/BlueSky_360p25.y4m,720p_or_lower,640,360,25.0,8,420jpeg,44928838,b3ab86eb59559ede1c28dbcc9e7683ca,2c1e3f2e4eb9c92189d7dbcb606b562fa06eca0e9f373c1e59eaec190138c6eb,SSIM,2,10,52,0,1,0,130,5.2,226,0.335872,575.412,135974912,129.676,/home/od26udiz/Desktop/c/Tuning-Mode-Analysis-for-SVT-AV1/SVT_AV1_Workspace/data/encoded/meeting/a4_360p/BlueSky_360p25__SSIM__p10__crf52__run1.ivf,115735,178.05384615384617,6f0be5082262385aed325c021e694def,dba904a66bd8c7e024800e58a6fc281f5bff82d9d3dd87a8e091f52c600d48e6,/home/od26udiz/miniconda3/bin/SvtAv1EncApp -i /home/od26udiz/Desktop/c/Tuning-Mode-Analysis-for-SVT-AV1/SVT_AV1_Workspace/data/source/a4_360p/BlueSky_360p25.y4m -b /home/od26udiz/Desktop/c/Tuning-Mode-Analysis-for-SVT-AV1/SVT_AV1_Workspace/data/encoded/meeting/a4_360p/BlueSky_360p25__SSIM__p10__crf52__run1.ivf --preset 10 --crf 52 --tune 2 --lp 0 --progress 1,0,/home/od26udiz/Desktop/c/Tuning-Mode-Analysis-for-SVT-AV1/SVT_AV1_Workspace/logs/meeting/a4_360p/BlueSky_360p25__SSIM__p10__crf52__run1.log
c90e153c0c09cd2263b3,2026-09-21T10:18:39.818812+00:00,meeting,ok,a4_360p,BlueSky_360p25.y4m,/home/od26udiz/Desktop/c/Tuning-Mode-Analysis-for-SVT-AV1/SVT_AV1_Workspace/data/source/a4_360p/BlueSky_360p25.y4m,720p_or_lower,640,360,25.0,8,420jpeg,44928838,b3ab86eb59559ede1c28dbcc9e7683ca,2c1e3f2e4eb9c92189d7dbcb606b562fa06eca0e9f373c1e59eaec190138c6eb,SSIM,2,10,60,0,1,0,130,5.2,225,0.336938,578.127,137080832,130.73,/home/od26udiz/Desktop/c/Tuning-Mode-Analysis-for-SVT-AV1/SVT_AV1_Workspace/data/encoded/meeting/a4_360p/BlueSky_360p25__SSIM__p10__crf60__run1.ivf,66566,102.40923076923076,73d37d1fff27b7bd64737093f8502309,d9bc746d8dc0cb60a08ccfbdf505495df1c020b12065025c64d17508254cc905,/home/od26udiz/miniconda3/bin/SvtAv1EncApp -i /home/od26udiz/Desktop/c/Tuning-Mode-Analysis-for-SVT-AV1/SVT_AV1_Workspace/data/source/a4_360p/BlueSky_360p25.y4m -b /home/od26udiz/Desktop/c/Tuning-Mode-Analysis-for-SVT-AV1/SVT_AV1_Workspace/data/encoded/meeting/a4_360p/BlueSky_360p25__SSIM__p10__crf60__run1.ivf --preset 10 --crf 60 --tune 2 --lp 0 --progress 1,0,/home/od26udiz/Desktop/c/Tuning-Mode-Analysis-for-SVT-AV1/SVT_AV1_Workspace/logs/meeting/a4_360p/BlueSky_360p25__SSIM__p10__crf60__run1.log
e7397fae9cb0ff3c2872,2026-09-21T10:18:50.173811+00:00,meeting,ok,a4_360p,BlueSky_360p25.y4m,/home/od26udiz/Desktop/c/Tuning-Mode-Analysis-for-SVT-AV1/SVT_AV1_Workspace/data/source/a4_360p/BlueSky_360p25.y4m,720p_or_lower,640,360,25.0,8,420jpeg,44928838,b3ab86eb59559ede1c28dbcc9e7683ca,2c1e3f2e4eb9c92189d7dbcb606b562fa06eca0e9f373c1e59eaec190138c6eb,MS_SSIM,4,1,18,0,1,0,130,5.2,10177,10.343003,12.774,302825472,288.797,/home/od26udiz/Desktop/c/Tuning-Mode-Analysis-for-SVT-AV1/SVT_AV1_Workspace/data/encoded/meeting/a4_360p/BlueSky_360p25__MS_SSIM__p1__crf18__run1.ivf,906230,1394.2,10ab5728a2a72892c83e4a6b7f6973a3,926014475264dd1330d1a329b254a69d5ff20e298bc57028ab2b80275df5eb0a,/home/od26udiz/miniconda3/bin/SvtAv1EncApp -i /home/od26udiz/Desktop/c/Tuning-Mode-Analysis-for-SVT-AV1/SVT_AV1_Workspace/data/source/a4_360p/BlueSky_360p25.y4m -b /home/od26udiz/Desktop/c/Tuning-Mode-Analysis-for-SVT-AV1/SVT_AV1_Workspace/data/encoded/meeting/a4_360p/BlueSky_360p25__MS_SSIM__p1__crf18__run1.ivf --preset 1 --crf 18 --tune 4 --lp 0 --progress 1,0,/home/od26udiz/Desktop/c/Tuning-Mode-Analysis-for-SVT-AV1/SVT_AV1_Workspace/logs/meeting/a4_360p/BlueSky_360p25__MS_SSIM__p1__crf18__run1.log
16282b340ddb1dd79ba2,2026-09-21T10:19:01.513012+00:00,meeting,ok,a4_360p,BlueSky_360p25.y4m,/home/od26udiz/Desktop/c/Tuning-Mode-Analysis-for-SVT-AV1/SVT_AV1_Workspace/data/source/a4_360p/BlueSky_360p25.y4m,720p_or_lower,640,360,25.0,8,420jpeg,44928838,b3ab86eb59559ede1c28dbcc9e7683ca,2c1e3f2e4eb9c92189d7dbcb606b562fa06eca0e9f373c1e59eaec190138c6eb,MS_SSIM,4,1,26,0,1,0,130,5.2,11184,11.317533,11.624,311754752,297.312,/home/od26udiz/Desktop/c/Tuning-Mode-Analysis-for-SVT-AV1/SVT_AV1_Workspace/data/encoded/meeting/a4_360p/BlueSky_360p25__MS_SSIM__p1__crf26__run1.ivf,580198,892.6123076923076,e7e15392e3ee10f18f5f6040759a3d39,543af95a227d94472334e71a5372cd72ee4c9900494e1d28d192d4d5d883b0fa,/home/od26udiz/miniconda3/bin/SvtAv1EncApp -i /home/od26udiz/Desktop/c/Tuning-Mode-Analysis-for-SVT-AV1/SVT_AV1_Workspace/data/source/a4_360p/BlueSky_360p25.y4m -b /home/od26udiz/Desktop/c/Tuning-Mode-Analysis-for-SVT-AV1/SVT_AV1_Workspace/data/encoded/meeting/a4_360p/BlueSky_360p25__MS_SSIM__p1__crf26__run1.ivf --preset 1 --crf 26 --tune 4 --lp 0 --progress 1,0,/home/od26udiz/Desktop/c/Tuning-Mode-Analysis-for-SVT-AV1/SVT_AV1_Workspace/logs/meeting/a4_360p/BlueSky_360p25__MS_SSIM__p1__crf26__run1.log
89f72ab69413a7b37899,2026-09-21T10:19:13.658140+00:00,meeting,ok,a4_360p,BlueSky_360p25.y4m,/home/od26udiz/Desktop/c/Tuning-Mode-Analysis-for-SVT-AV1/SVT_AV1_Workspace/data/source/a4_360p/BlueSky_360p25.y4m,720p_or_lower,640,360,25.0,8,420jpeg,44928838,b3ab86eb59559ede1c28dbcc9e7683ca,2c1e3f2e4eb9c92189d7dbcb606b562fa06eca0e9f373c1e59eaec190138c6eb,MS_SSIM,4,1,35,0,1,0,130,5.2,12011,12.125076,10.823,315092992,300.496,/home/od26udiz/Desktop/c/Tuning-Mode-Analysis-for-SVT-AV1/SVT_AV1_Workspace/data/encoded/meeting/a4_360p/BlueSky_360p25__MS_SSIM__p1__crf35__run1.ivf,354585,545.5153846153846,923bf669b03ed1cb7d945f0c077c87c4,9e942234ed6fc5e30d9455052ebe8bdc9ba3b6582ad6f68f82a6906fb2b80ab9,/home/od26udiz/miniconda3/bin/SvtAv1EncApp -i /home/od26udiz/Desktop/c/Tuning-Mode-Analysis-for-SVT-AV1/SVT_AV1_Workspace/data/source/a4_360p/BlueSky_360p25.y4m -b /home/od26udiz/Desktop/c/Tuning-Mode-Analysis-for-SVT-AV1/SVT_AV1_Workspace/data/encoded/meeting/a4_360p/BlueSky_360p25__MS_SSIM__p1__crf35__run1.ivf --preset 1 --crf 35 --tune 4 --lp 0 --progress 1,0,/home/od26udiz/Desktop/c/Tuning-Mode-Analysis-for-SVT-AV1/SVT_AV1_Workspace/logs/meeting/a4_360p/BlueSky_360p25__MS_SSIM__p1__crf35__run1.log
2fd552676a3aa3d87048,2026-09-21T10:19:26.680960+00:00,meeting,ok,a4_360p,BlueSky_360p25.y4m,/home/od26udiz/Desktop/c/Tuning-Mode-Analysis-for-SVT-AV1/SVT_AV1_Workspace/data/source/a4_360p/BlueSky_360p25.y4m,720p_or_lower,640,360,25.0,8,420jpeg,44928838,b3ab86eb59559ede1c28dbcc9e7683ca,2c1e3f2e4eb9c92189d7dbcb606b562fa06eca0e9f373c1e59eaec190138c6eb,MS_SSIM,4,1,44,0,1,0,130,5.2,12810,13.003769,10.148,333262848,317.824,/home/od26udiz/Desktop/c/Tuning-Mode-Analysis-for-SVT-AV1/SVT_AV1_Workspace/data/encoded/meeting/a4_360p/BlueSky_360p25__MS_SSIM__p1__crf44__run1.ivf,227422,349.88,ce1e2c939205f713ade639738fb77d31,9ce48d4c9780e0b7721536f1be127b62413d43d3b224cb8bad60be07ddbd2c73,/home/od26udiz/miniconda3/bin/SvtAv1EncApp -i /home/od26udiz/Desktop/c/Tuning-Mode-Analysis-for-SVT-AV1/SVT_AV1_Workspace/data/source/a4_360p/BlueSky_360p25.y4m -b /home/od26udiz/Desktop/c/Tuning-Mode-Analysis-for-SVT-AV1/SVT_AV1_Workspace/data/encoded/meeting/a4_360p/BlueSky_360p25__MS_SSIM__p1__crf44__run1.ivf --preset 1 --crf 44 --tune 4 --lp 0 --progress 1,0,/home/od26udiz/Desktop/c/Tuning-Mode-Analysis-for-SVT-AV1/SVT_AV1_Workspace/logs/meeting/a4_360p/BlueSky_360p25__MS_SSIM__p1__crf44__run1.log
53e352910fe70c2bb83d,2026-09-21T10:19:40.536119+00:00,meeting,ok,a4_360p,BlueSky_360p25.y4m,/home/od26udiz/Desktop/c/Tuning-Mode-Analysis-for-SVT-AV1/SVT_AV1_Workspace/data/source/a4_360p/BlueSky_360p25.y4m,720p_or_lower,640,360,25.0,8,420jpeg,44928838,b3ab86eb59559ede1c28dbcc9e7683ca,2c1e3f2e4eb9c92189d7dbcb606b562fa06eca0e9f373c1e59eaec190138c6eb,MS_SSIM,4,1,52,0,1,0,130,5.2,13669,13.839497,9.511,336523264,320.934,/home/od26udiz/Desktop/c/Tuning-Mode-Analysis-for-SVT-AV1/SVT_AV1_Workspace/data/encoded/meeting/a4_360p/BlueSky_360p25__MS_SSIM__p1__crf52__run1.ivf,151116,232.48615384615385,f25e0c7d4a2ac16431e259b52cec69c9,a62799d51916dfbf5ed427afc9d772a8a338aceee6afe79427ea9424e9d27fc3,/home/od26udiz/miniconda3/bin/SvtAv1EncApp -i /home/od26udiz/Desktop/c/Tuning-Mode-Analysis-for-SVT-AV1/SVT_AV1_Workspace/data/source/a4_360p/BlueSky_360p25.y4m -b /home/od26udiz/Desktop/c/Tuning-Mode-Analysis-for-SVT-AV1/SVT_AV1_Workspace/data/encoded/meeting/a4_360p/BlueSky_360p25__MS_SSIM__p1__crf52__run1.ivf --preset 1 --crf 52 --tune 4 --lp 0 --progress 1,0,/home/od26udiz/Desktop/c/Tuning-Mode-Analysis-for-SVT-AV1/SVT_AV1_Workspace/logs/meeting/a4_360p/BlueSky_360p25__MS_SSIM__p1__crf52__run1.log
413b04be6799b5899250,2026-09-21T10:19:55.415145+00:00,meeting,ok,a4_360p,BlueSky_360p25.y4m,/home/od26udiz/Desktop/c/Tuning-Mode-Analysis-for-SVT-AV1/SVT_AV1_Workspace/data/source/a4_360p/BlueSky_360p25.y4m,720p_or_lower,640,360,25.0,8,420jpeg,44928838,b3ab86eb59559ede1c28dbcc9e7683ca,2c1e3f2e4eb9c92189d7dbcb606b562fa06eca0e9f373c1e59eaec190138c6eb,MS_SSIM,4,1,60,0,1,0,130,5.2,14769,14.865652,8.802,314011648,299.465,/home/od26udiz/Desktop/c/Tuning-Mode-Analysis-for-SVT-AV1/SVT_AV1_Workspace/data/encoded/meeting/a4_360p/BlueSky_360p25__MS_SSIM__p1__crf60__run1.ivf,81670,125.64615384615385,acc14b1ca2f6539c1110eecfa16c6ead,ee89916e434624ee4658c2f723f0f2df510cf1847849881776612bd21b0f833c,/home/od26udiz/miniconda3/bin/SvtAv1EncApp -i /home/od26udiz/Desktop/c/Tuning-Mode-Analysis-for-SVT-AV1/SVT_AV1_Workspace/data/source/a4_360p/BlueSky_360p25.y4m -b /home/od26udiz/Desktop/c/Tuning-Mode-Analysis-for-SVT-AV1/SVT_AV1_Workspace/data/encoded/meeting/a4_360p/BlueSky_360p25__MS_SSIM__p1__crf60__run1.ivf --preset 1 --crf 60 --tune 4 --lp 0 --progress 1,0,/home/od26udiz/Desktop/c/Tuning-Mode-Analysis-for-SVT-AV1/SVT_AV1_Workspace/logs/meeting/a4_360p/BlueSky_360p25__MS_SSIM__p1__crf60__run1.log
14ae1665f8535a9f194b,2026-09-21T10:19:55.740923+00:00,meeting,ok,a4_360p,BlueSky_360p25.y4m,/home/od26udiz/Desktop/c/Tuning-Mode-Analysis-for-SVT-AV1/SVT_AV1_Workspace/data/source/a4_360p/BlueSky_360p25.y4m,720p_or_lower,640,360,25.0,8,420jpeg,44928838,b3ab86eb59559ede1c28dbcc9e7683ca,2c1e3f2e4eb9c92189d7dbcb606b562fa06eca0e9f373c1e59eaec190138c6eb,MS_SSIM,4,10,18,0,1,0,130,5.2,258,0.31749,503.104,139448320,132.988,/home/od26udiz/Desktop/c/Tuning-Mode-Analysis-for-SVT-AV1/SVT_AV1_Workspace/data/encoded/meeting/a4_360p/BlueSky_360p25__MS_SSIM__p10__crf18__run1.ivf,1358628,2090.196923076923,35b0daa648d3f90896ed303230c8f3ee,c06e3f421c0f9e2c400af3a4f221a7699fe4e77f71f6dbb47db554e72f94c271,/home/od26udiz/miniconda3/bin/SvtAv1EncApp -i /home/od26udiz/Desktop/c/Tuning-Mode-Analysis-for-SVT-AV1/SVT_AV1_Workspace/data/source/a4_360p/BlueSky_360p25.y4m -b /home/od26udiz/Desktop/c/Tuning-Mode-Analysis-for-SVT-AV1/SVT_AV1_Workspace/data/encoded/meeting/a4_360p/BlueSky_360p25__MS_SSIM__p10__crf18__run1.ivf --preset 10 --crf 18 --tune 4 --lp 0 --progress 1,0,/home/od26udiz/Desktop/c/Tuning-Mode-Analysis-for-SVT-AV1/SVT_AV1_Workspace/logs/meeting/a4_360p/BlueSky_360p25__MS_SSIM__p10__crf18__run1.log
68ca96b766deb711a0f4,2026-09-21T10:19:56.073270+00:00,meeting,ok,a4_360p,BlueSky_360p25.y4m,/home/od26udiz/Desktop/c/Tuning-Mode-Analysis-for-SVT-AV1/SVT_AV1_Workspace/data/source/a4_360p/BlueSky_360p25.y4m,720p_or_lower,640,360,25.0,8,420jpeg,44928838,b3ab86eb59559ede1c28dbcc9e7683ca,2c1e3f2e4eb9c92189d7dbcb606b562fa06eca0e9f373c1e59eaec190138c6eb,MS_SSIM,4,10,26,0,1,0,130,5.2,239,0.318975,544.703,141578240,135.02,/home/od26udiz/Desktop/c/Tuning-Mode-Analysis-for-SVT-AV1/SVT_AV1_Workspace/data/encoded/meeting/a4_360p/BlueSky_360p25__MS_SSIM__p10__crf26__run1.ivf,837081,1287.816923076923,d6d14ead9dd62cf292cf8554630e4add,57f78991ddff7a6ce6d8a0d81d5b246f9faaea429df2a990c118dc6d2f051c2c,/home/od26udiz/miniconda3/bin/SvtAv1EncApp -i /home/od26udiz/Desktop/c/Tuning-Mode-Analysis-for-SVT-AV1/SVT_AV1_Workspace/data/source/a4_360p/BlueSky_360p25.y4m -b /home/od26udiz/Desktop/c/Tuning-Mode-Analysis-for-SVT-AV1/SVT_AV1_Workspace/data/encoded/meeting/a4_360p/BlueSky_360p25__MS_SSIM__p10__crf26__run1.ivf --preset 10 --crf 26 --tune 4 --lp 0 --progress 1,0,/home/od26udiz/Desktop/c/Tuning-Mode-Analysis-for-SVT-AV1/SVT_AV1_Workspace/logs/meeting/a4_360p/BlueSky_360p25__MS_SSIM__p10__crf26__run1.log
e9080b346972dbbd5010,2026-09-21T10:19:56.407243+00:00,meeting,ok,a4_360p,BlueSky_360p25.y4m,/home/od26udiz/Desktop/c/Tuning-Mode-Analysis-for-SVT-AV1/SVT_AV1_Workspace/data/source/a4_360p/BlueSky_360p25.y4m,720p_or_lower,640,360,25.0,8,420jpeg,44928838,b3ab86eb59559ede1c28dbcc9e7683ca,2c1e3f2e4eb9c92189d7dbcb606b562fa06eca0e9f373c1e59eaec190138c6eb,MS_SSIM,4,10,35,0,1,0,130,5.2,231,0.321452,562.459,140566528,134.055,/home/od26udiz/Desktop/c/Tuning-Mode-Analysis-for-SVT-AV1/SVT_AV1_Workspace/data/encoded/meeting/a4_360p/BlueSky_360p25__MS_SSIM__p10__crf35__run1.ivf,432730,665.7384615384615,94d58768e9101e4a6e17f98a31679d8d,705576f574d0e6fde8ab4436ce5dca1d7068ca85323f7d2ce328ec48cece4139,/home/od26udiz/miniconda3/bin/SvtAv1EncApp -i /home/od26udiz/Desktop/c/Tuning-Mode-Analysis-for-SVT-AV1/SVT_AV1_Workspace/data/source/a4_360p/BlueSky_360p25.y4m -b /home/od26udiz/Desktop/c/Tuning-Mode-Analysis-for-SVT-AV1/SVT_AV1_Workspace/data/encoded/meeting/a4_360p/BlueSky_360p25__MS_SSIM__p10__crf35__run1.ivf --preset 10 --crf 35 --tune 4 --lp 0 --progress 1,0,/home/od26udiz/Desktop/c/Tuning-Mode-Analysis-for-SVT-AV1/SVT_AV1_Workspace/logs/meeting/a4_360p/BlueSky_360p25__MS_SSIM__p10__crf35__run1.log
956dc448a0093b914de8,2026-09-21T10:19:56.754266+00:00,meeting,ok,a4_360p,BlueSky_360p25.y4m,/home/od26udiz/Desktop/c/Tuning-Mode-Analysis-for-SVT-AV1/SVT_AV1_Workspace/data/source/a4_360p/BlueSky_360p25.y4m,720p_or_lower,640,360,25.0,8,420jpeg,44928838,b3ab86eb59559ede1c28dbcc9e7683ca,2c1e3f2e4eb9c92189d7dbcb606b562fa06eca0e9f373c1e59eaec190138c6eb,MS_SSIM,4,10,44,0,1,0,130,5.2,239,0.33569,542.861,138747904,132.32,/home/od26udiz/Desktop/c/Tuning-Mode-Analysis-for-SVT-AV1/SVT_AV1_Workspace/data/encoded/meeting/a4_360p/BlueSky_360p25__MS_SSIM__p10__crf44__run1.ivf,234293,360.4507692307692,42c2054dbb72280081aa97986526f4d9,d33d1d4eff95aff931cf811b16a14001a23c28f391e2a4480c4fa2e02dda11fc,/home/od26udiz/miniconda3/bin/SvtAv1EncApp -i /home/od26udiz/Desktop/c/Tuning-Mode-Analysis-for-SVT-AV1/SVT_AV1_Workspace/data/source/a4_360p/BlueSky_360p25.y4m -b /home/od26udiz/Desktop/c/Tuning-Mode-Analysis-for-SVT-AV1/SVT_AV1_Workspace/data/encoded/meeting/a4_360p/BlueSky_360p25__MS_SSIM__p10__crf44__run1.ivf --preset 10 --crf 44 --tune 4 --lp 0 --progress 1,0,/home/od26udiz/Desktop/c/Tuning-Mode-Analysis-for-SVT-AV1/SVT_AV1_Workspace/logs/meeting/a4_360p/BlueSky_360p25__MS_SSIM__p10__crf44__run1.log
c969744f25df8b1fbd68,2026-09-21T10:19:57.080632+00:00,meeting,ok,a4_360p,BlueSky_360p25.y4m,/home/od26udiz/Desktop/c/Tuning-Mode-Analysis-for-SVT-AV1/SVT_AV1_Workspace/data/source/a4_360p/BlueSky_360p25.y4m,720p_or_lower,640,360,25.0,8,420jpeg,44928838,b3ab86eb59559ede1c28dbcc9e7683ca,2c1e3f2e4eb9c92189d7dbcb606b562fa06eca0e9f373c1e59eaec190138c6eb,MS_SSIM,4,10,52,0,1,0,130,5.2,248,0.318069,523.154,139067392,132.625,/home/od26udiz/Desktop/c/Tuning-Mode-Analysis-for-SVT-AV1/SVT_AV1_Workspace/data/encoded/meeting/a4_360p/BlueSky_360p25__MS_SSIM__p10__crf52__run1.ivf,160782,247.35692307692307,df13fe222dc6a7e808fb2a007a1e29a9,76d6ad30848c8a4e5186d9c933b52d62d4f4787f2418c4f79e2ec4d6dc948e7a,/home/od26udiz/miniconda3/bin/SvtAv1EncApp -i /home/od26udiz/Desktop/c/Tuning-Mode-Analysis-for-SVT-AV1/SVT_AV1_Workspace/data/source/a4_360p/BlueSky_360p25.y4m -b /home/od26udiz/Desktop/c/Tuning-Mode-Analysis-for-SVT-AV1/SVT_AV1_Workspace/data/encoded/meeting/a4_360p/BlueSky_360p25__MS_SSIM__p10__crf52__run1.ivf --preset 10 --crf 52 --tune 4 --lp 0 --progress 1,0,/home/od26udiz/Desktop/c/Tuning-Mode-Analysis-for-SVT-AV1/SVT_AV1_Workspace/logs/meeting/a4_360p/BlueSky_360p25__MS_SSIM__p10__crf52__run1.log
862927f921ac7135a2f2,2026-09-21T10:19:57.428895+00:00,meeting,ok,a4_360p,BlueSky_360p25.y4m,/home/od26udiz/Desktop/c/Tuning-Mode-Analysis-for-SVT-AV1/SVT_AV1_Workspace/data/source/a4_360p/BlueSky_360p25.y4m,720p_or_lower,640,360,25.0,8,420jpeg,44928838,b3ab86eb59559ede1c28dbcc9e7683ca,2c1e3f2e4eb9c92189d7dbcb606b562fa06eca0e9f373c1e59eaec190138c6eb,MS_SSIM,4,10,60,0,1,0,130,5.2,237,0.338081,549.274,135004160,128.75,/home/od26udiz/Desktop/c/Tuning-Mode-Analysis-for-SVT-AV1/SVT_AV1_Workspace/data/encoded/meeting/a4_360p/BlueSky_360p25__MS_SSIM__p10__crf60__run1.ivf,90642,139.44923076923075,db5e01733ae30635d90bcc3c6bf0eb68,6ffc25bc947c90b85528a20bf27d2c448b2be03449ff17df0c7a860f73da3ca4,/home/od26udiz/miniconda3/bin/SvtAv1EncApp -i /home/od26udiz/Desktop/c/Tuning-Mode-Analysis-for-SVT-AV1/SVT_AV1_Workspace/data/source/a4_360p/BlueSky_360p25.y4m -b /home/od26udiz/Desktop/c/Tuning-Mode-Analysis-for-SVT-AV1/SVT_AV1_Workspace/data/encoded/meeting/a4_360p/BlueSky_360p25__MS_SSIM__p10__crf60__run1.ivf --preset 10 --crf 60 --tune 4 --lp 0 --progress 1,0,/home/od26udiz/Desktop/c/Tuning-Mode-Analysis-for-SVT-AV1/SVT_AV1_Workspace/logs/meeting/a4_360p/BlueSky_360p25__MS_SSIM__p10__crf60__run1.log
3353c4daf700ae13f901,2026-09-21T10:20:08.500006+00:00,meeting,ok,a4_360p,BlueSky_360p25.y4m,/home/od26udiz/Desktop/c/Tuning-Mode-Analysis-for-SVT-AV1/SVT_AV1_Workspace/data/source/a4_360p/BlueSky_360p25.y4m,720p_or_lower,640,360,25.0,8,420jpeg,44928838,b3ab86eb59559ede1c28dbcc9e7683ca,2c1e3f2e4eb9c92189d7dbcb606b562fa06eca0e9f373c1e59eaec190138c6eb,VMAF,5,1,18,0,1,0,130,5.2,10923,11.061961,11.902,298913792,285.066,/home/od26udiz/Desktop/c/Tuning-Mode-Analysis-for-SVT-AV1/SVT_AV1_Workspace/data/encoded/meeting/a4_360p/BlueSky_360p25__VMAF__p1__crf18__run1.ivf,956648,1471.7661538461537,2c291d594bb4da646d806588966091c3,02becb2e2ba2ac6e063e0a88fe0b6e6fa3dfa1cc89a49f9baea533aa9a27c9e2,/home/od26udiz/miniconda3/bin/SvtAv1EncApp -i /home/od26udiz/Desktop/c/Tuning-Mode-Analysis-for-SVT-AV1/SVT_AV1_Workspace/data/source/a4_360p/BlueSky_360p25.y4m -b /home/od26udiz/Desktop/c/Tuning-Mode-Analysis-for-SVT-AV1/SVT_AV1_Workspace/data/encoded/meeting/a4_360p/BlueSky_360p25__VMAF__p1__crf18__run1.ivf --preset 1 --crf 18 --tune 5 --lp 0 --progress 1,0,/home/od26udiz/Desktop/c/Tuning-Mode-Analysis-for-SVT-AV1/SVT_AV1_Workspace/logs/meeting/a4_360p/BlueSky_360p25__VMAF__p1__crf18__run1.log
f25a5be8f00a4731c107,2026-09-21T10:20:20.743683+00:00,meeting,ok,a4_360p,BlueSky_360p25.y4m,/home/od26udiz/Desktop/c/Tuning-Mode-Analysis-for-SVT-AV1/SVT_AV1_Workspace/data/source/a4_360p/BlueSky_360p25.y4m,720p_or_lower,640,360,25.0,8,420jpeg,44928838,b3ab86eb59559ede1c28dbcc9e7683ca,2c1e3f2e4eb9c92189d7dbcb606b562fa06eca0e9f373c1e59eaec190138c6eb,VMAF,5,1,26,0,1,0,130,5.2,12055,12.221223,10.784,302837760,288.809,/home/od26udiz/Desktop/c/Tuning-Mode-Analysis-for-SVT-AV1/SVT_AV1_Workspace/data/encoded/meeting/a4_360p/BlueSky_360p25__VMAF__p1__crf26__run1.ivf,590093,907.8353846153847,de3a9e817c64257a61ff9bd0a527e405,908451eca8b6b92ec66af518f15c497a832463cdabe28819876fb66cddc3f1fc,/home/od26udiz/miniconda3/bin/SvtAv1EncApp -i /home/od26udiz/Desktop/c/Tuning-Mode-Analysis-for-SVT-AV1/SVT_AV1_Workspace/data/source/a4_360p/BlueSky_360p25.y4m -b /home/od26udiz/Desktop/c/Tuning-Mode-Analysis-for-SVT-AV1/SVT_AV1_Workspace/data/encoded/meeting/a4_360p/BlueSky_360p25__VMAF__p1__crf26__run1.ivf --preset 1 --crf 26 --tune 5 --lp 0 --progress 1,0,/home/od26udiz/Desktop/c/Tuning-Mode-Analysis-for-SVT-AV1/SVT_AV1_Workspace/logs/meeting/a4_360p/BlueSky_360p25__VMAF__p1__crf26__run1.log
4a56309f2c3049a096ea,2026-09-21T10:20:32.904969+00:00,meeting,ok,a4_360p,BlueSky_360p25.y4m,/home/od26udiz/Desktop/c/Tuning-Mode-Analysis-for-SVT-AV1/SVT_AV1_Workspace/data/source/a4_360p/BlueSky_360p25.y4m,720p_or_lower,640,360,25.0,8,420jpeg,44928838,b3ab86eb59559ede1c28dbcc9e7683ca,2c1e3f2e4eb9c92189d7dbcb606b562fa06eca0e9f373c1e59eaec190138c6eb,VMAF,5,1,35,0,1,0,130,5.2,12065,12.140614,10.775,300130304,286.227,/home/od26udiz/Desktop/c/Tuning-Mode-Analysis-for-SVT-AV1/SVT_AV1_Workspace/data/encoded/meeting/a4_360p/BlueSky_360p25__VMAF__p1__crf35__run1.ivf,336250,517.3076923076923,21a6048b1dc32c3c478ba29c8db69b1c,576c6f7f0e11904762bcc8ddf46c6702f9420f58ff7e92cb0f36547d6299be9d,/home/od26udiz/miniconda3/bin/SvtAv1EncApp -i /home/od26udiz/Desktop/c/Tuning-Mode-Analysis-for-SVT-AV1/SVT_AV1_Workspace/data/source/a4_360p/BlueSky_360p25.y4m -b /home/od26udiz/Desktop/c/Tuning-Mode-Analysis-for-SVT-AV1/SVT_AV1_Workspace/data/encoded/meeting/a4_360p/BlueSky_360p25__VMAF__p1__crf35__run1.ivf --preset 1 --crf 35 --tune 5 --lp 0 --progress 1,0,/home/od26udiz/Desktop/c/Tuning-Mode-Analysis-for-SVT-AV1/SVT_AV1_Workspace/logs/meeting/a4_360p/BlueSky_360p25__VMAF__p1__crf35__run1.log
291ed17573f573e12560,2026-09-21T10:20:45.177021+00:00,meeting,ok,a4_360p,BlueSky_360p25.y4m,/home/od26udiz/Desktop/c/Tuning-Mode-Analysis-for-SVT-AV1/SVT_AV1_Workspace/data/source/a4_360p/BlueSky_360p25.y4m,720p_or_lower,640,360,25.0,8,420jpeg,44928838,b3ab86eb59559ede1c28dbcc9e7683ca,2c1e3f2e4eb9c92189d7dbcb606b562fa06eca0e9f373c1e59eaec190138c6eb,VMAF,5,1,44,0,1,0,130,5.2,12146,12.257599,10.703,309841920,295.488,/home/od26udiz/Desktop/c/Tuning-Mode-Analysis-for-SVT-AV1/SVT_AV1_Workspace/data/encoded/meeting/a4_360p/BlueSky_360p25__VMAF__p1__crf44__run1.ivf,209785,322.7461538461538,93463b53db3ae9c4a2cf3ff2c79adc87,436282b6707e72d668aa0461ac253e60425072acc9fc71e33a8fc76f9032fd03,/home/od26udiz/miniconda3/bin/SvtAv1EncApp -i /home/od26udiz/Desktop/c/Tuning-Mode-Analysis-for-SVT-AV1/SVT_AV1_Workspace/data/source/a4_360p/BlueSky_360p25.y4m -b /home/od26udiz/Desktop/c/Tuning-Mode-Analysis-for-SVT-AV1/SVT_AV1_Workspace/data/encoded/meeting/a4_360p/BlueSky_360p25__VMAF__p1__crf44__run1.ivf --preset 1 --crf 44 --tune 5 --lp 0 --progress 1,0,/home/od26udiz/Desktop/c/Tuning-Mode-Analysis-for-SVT-AV1/SVT_AV1_Workspace/logs/meeting/a4_360p/BlueSky_360p25__VMAF__p1__crf44__run1.log
3d54b4ca5f57c34c86eb,2026-09-21T10:20:59.697696+00:00,meeting,ok,a4_360p,BlueSky_360p25.y4m,/home/od26udiz/Desktop/c/Tuning-Mode-Analysis-for-SVT-AV1/SVT_AV1_Workspace/data/source/a4_360p/BlueSky_360p25.y4m,720p_or_lower,640,360,25.0,8,420jpeg,44928838,b3ab86eb59559ede1c28dbcc9e7683ca,2c1e3f2e4eb9c92189d7dbcb606b562fa06eca0e9f373c1e59eaec190138c6eb,VMAF,5,1,52,0,1,0,130,5.2,14320,14.507531,9.078,305594368,291.438,/home/od26udiz/Desktop/c/Tuning-Mode-Analysis-for-SVT-AV1/SVT_AV1_Workspace/data/encoded/meeting/a4_360p/BlueSky_360p25__VMAF__p1__crf52__run1.ivf,135875,209.03846153846152,6fff079cb8d61168c5d7c431b6ba6959,03e855b5b2fbc2c246127589b0a2dc6f2cb3d604fb2bd4e49f55d43c51989d5b,/home/od26udiz/miniconda3/bin/SvtAv1EncApp -i /home/od26udiz/Desktop/c/Tuning-Mode-Analysis-for-SVT-AV1/SVT_AV1_Workspace/data/source/a4_360p/BlueSky_360p25.y4m -b /home/od26udiz/Desktop/c/Tuning-Mode-Analysis-for-SVT-AV1/SVT_AV1_Workspace/data/encoded/meeting/a4_360p/BlueSky_360p25__VMAF__p1__crf52__run1.ivf --preset 1 --crf 52 --tune 5 --lp 0 --progress 1,0,/home/od26udiz/Desktop/c/Tuning-Mode-Analysis-for-SVT-AV1/SVT_AV1_Workspace/logs/meeting/a4_360p/BlueSky_360p25__VMAF__p1__crf52__run1.log
8d5e1c0048870e5728a8,2026-09-21T10:21:20.176999+00:00,meeting,ok,a4_360p,BlueSky_360p25.y4m,/home/od26udiz/Desktop/c/Tuning-Mode-Analysis-for-SVT-AV1/SVT_AV1_Workspace/data/source/a4_360p/BlueSky_360p25.y4m,720p_or_lower,640,360,25.0,8,420jpeg,44928838,b3ab86eb59559ede1c28dbcc9e7683ca,2c1e3f2e4eb9c92189d7dbcb606b562fa06eca0e9f373c1e59eaec190138c6eb,VMAF,5,1,60,0,1,0,130,5.2,20317,20.467276,6.399,408158208,389.25,/home/od26udiz/Desktop/c/Tuning-Mode-Analysis-for-SVT-AV1/SVT_AV1_Workspace/data/encoded/meeting/a4_360p/BlueSky_360p25__VMAF__p1__crf60__run1.ivf,72789,111.98307692307692,6596df0c5e7bd3ee65b0bb42d3243cb5,e780e9bd5d0a1e7353c603c13fe115b5fe1fe4542a870c77c306a66c7a0a062e,/home/od26udiz/miniconda3/bin/SvtAv1EncApp -i /home/od26udiz/Desktop/c/Tuning-Mode-Analysis-for-SVT-AV1/SVT_AV1_Workspace/data/source/a4_360p/BlueSky_360p25.y4m -b /home/od26udiz/Desktop/c/Tuning-Mode-Analysis-for-SVT-AV1/SVT_AV1_Workspace/data/encoded/meeting/a4_360p/BlueSky_360p25__VMAF__p1__crf60__run1.ivf --preset 1 --crf 60 --tune 5 --lp 0 --progress 1,0,/home/od26udiz/Desktop/c/Tuning-Mode-Analysis-for-SVT-AV1/SVT_AV1_Workspace/logs/meeting/a4_360p/BlueSky_360p25__VMAF__p1__crf60__run1.log
0ebc845c9cd96e61eaa0,2026-09-21T10:21:20.511386+00:00,meeting,ok,a4_360p,BlueSky_360p25.y4m,/home/od26udiz/Desktop/c/Tuning-Mode-Analysis-for-SVT-AV1/SVT_AV1_Workspace/data/source/a4_360p/BlueSky_360p25.y4m,720p_or_lower,640,360,25.0,8,420jpeg,44928838,b3ab86eb59559ede1c28dbcc9e7683ca,2c1e3f2e4eb9c92189d7dbcb606b562fa06eca0e9f373c1e59eaec190138c6eb,VMAF,5,10,18,0,1,0,130,5.2,253,0.322723,513.538,141533184,134.977,/home/od26udiz/Desktop/c/Tuning-Mode-Analysis-for-SVT-AV1/SVT_AV1_Workspace/data/encoded/meeting/a4_360p/BlueSky_360p25__VMAF__p10__crf18__run1.ivf,1765901,2716.770769230769,d6ceab0abc33b4250c4243c8ef6bc412,b013fbd9cbeea68c65d6f8c4dc6511065762fd81497c8477ee3e37ba8f9d4527,/home/od26udiz/miniconda3/bin/SvtAv1EncApp -i /home/od26udiz/Desktop/c/Tuning-Mode-Analysis-for-SVT-AV1/SVT_AV1_Workspace/data/source/a4_360p/BlueSky_360p25.y4m -b /home/od26udiz/Desktop/c/Tuning-Mode-Analysis-for-SVT-AV1/SVT_AV1_Workspace/data/encoded/meeting/a4_360p/BlueSky_360p25__VMAF__p10__crf18__run1.ivf --preset 10 --crf 18 --tune 5 --lp 0 --progress 1,0,/home/od26udiz/Desktop/c/Tuning-Mode-Analysis-for-SVT-AV1/SVT_AV1_Workspace/logs/meeting/a4_360p/BlueSky_360p25__VMAF__p10__crf18__run1.log
b233e6d7f9af9b3b0201,2026-09-21T10:21:20.878798+00:00,meeting,ok,a4_360p,BlueSky_360p25.y4m,/home/od26udiz/Desktop/c/Tuning-Mode-Analysis-for-SVT-AV1/SVT_AV1_Workspace/data/source/a4_360p/BlueSky_360p25.y4m,720p_or_lower,640,360,25.0,8,420jpeg,44928838,b3ab86eb59559ede1c28dbcc9e7683ca,2c1e3f2e4eb9c92189d7dbcb606b562fa06eca0e9f373c1e59eaec190138c6eb,VMAF,5,10,26,0,1,0,130,5.2,225,0.331814,578.302,139812864,133.336,/home/od26udiz/Desktop/c/Tuning-Mode-Analysis-for-SVT-AV1/SVT_AV1_Workspace/data/encoded/meeting/a4_360p/BlueSky_360p25__VMAF__p10__crf26__run1.ivf,1021824,1572.036923076923,4961697e0c0d897c7c5a9a93dddee598,7e7574a56f0bcf979b416ac27fbb15d6ce592a6d7237eacad74f0b6dfe375c89,/home/od26udiz/miniconda3/bin/SvtAv1EncApp -i /home/od26udiz/Desktop/c/Tuning-Mode-Analysis-for-SVT-AV1/SVT_AV1_Workspace/data/source/a4_360p/BlueSky_360p25.y4m -b /home/od26udiz/Desktop/c/Tuning-Mode-Analysis-for-SVT-AV1/SVT_AV1_Workspace/data/encoded/meeting/a4_360p/BlueSky_360p25__VMAF__p10__crf26__run1.ivf --preset 10 --crf 26 --tune 5 --lp 0 --progress 1,0,/home/od26udiz/Desktop/c/Tuning-Mode-Analysis-for-SVT-AV1/SVT_AV1_Workspace/logs/meeting/a4_360p/BlueSky_360p25__VMAF__p10__crf26__run1.log
5ad92f78f738463a04d6,2026-09-21T10:21:21.215684+00:00,meeting,ok,a4_360p,BlueSky_360p25.y4m,/home/od26udiz/Desktop/c/Tuning-Mode-Analysis-for-SVT-AV1/SVT_AV1_Workspace/data/source/a4_360p/BlueSky_360p25.y4m,720p_or_lower,640,360,25.0,8,420jpeg,44928838,b3ab86eb59559ede1c28dbcc9e7683ca,2c1e3f2e4eb9c92189d7dbcb606b562fa06eca0e9f373c1e59eaec190138c6eb,VMAF,5,10,35,0,1,0,130,5.2,224,0.32092,580.756,140959744,134.43,/home/od26udiz/Desktop/c/Tuning-Mode-Analysis-for-SVT-AV1/SVT_AV1_Workspace/data/encoded/meeting/a4_360p/BlueSky_360p25__VMAF__p10__crf35__run1.ivf,488768,751.9507692307692,382f5a9cca527a3bf6c71d6e6fe973d8,d9f4bbd8f98bbb3d84e0d8d7c5759ebdca038bf2e183d9ce19cf5ec54b6bef03,/home/od26udiz/miniconda3/bin/SvtAv1EncApp -i /home/od26udiz/Desktop/c/Tuning-Mode-Analysis-for-SVT-AV1/SVT_AV1_Workspace/data/source/a4_360p/BlueSky_360p25.y4m -b /home/od26udiz/Desktop/c/Tuning-Mode-Analysis-for-SVT-AV1/SVT_AV1_Workspace/data/encoded/meeting/a4_360p/BlueSky_360p25__VMAF__p10__crf35__run1.ivf --preset 10 --crf 35 --tune 5 --lp 0 --progress 1,0,/home/od26udiz/Desktop/c/Tuning-Mode-Analysis-for-SVT-AV1/SVT_AV1_Workspace/logs/meeting/a4_360p/BlueSky_360p25__VMAF__p10__crf35__run1.log
00e2e3263d71387467bb,2026-09-21T10:21:21.568293+00:00,meeting,ok,a4_360p,BlueSky_360p25.y4m,/home/od26udiz/Desktop/c/Tuning-Mode-Analysis-for-SVT-AV1/SVT_AV1_Workspace/data/source/a4_360p/BlueSky_360p25.y4m,720p_or_lower,640,360,25.0,8,420jpeg,44928838,b3ab86eb59559ede1c28dbcc9e7683ca,2c1e3f2e4eb9c92189d7dbcb606b562fa06eca0e9f373c1e59eaec190138c6eb,VMAF,5,10,44,0,1,0,130,5.2,224,0.334296,581.18,138997760,132.559,/home/od26udiz/Desktop/c/Tuning-Mode-Analysis-for-SVT-AV1/SVT_AV1_Workspace/data/encoded/meeting/a4_360p/BlueSky_360p25__VMAF__p10__crf44__run1.ivf,241985,372.2846153846154,aa2114feb5c3b824d3b0c7d5e81c3c2b,91f193c365d4d292a10582850f5d3a8c7bba769dab561f3caf973fc5a5cec969,/home/od26udiz/miniconda3/bin/SvtAv1EncApp -i /home/od26udiz/Desktop/c/Tuning-Mode-Analysis-for-SVT-AV1/SVT_AV1_Workspace/data/source/a4_360p/BlueSky_360p25.y4m -b /home/od26udiz/Desktop/c/Tuning-Mode-Analysis-for-SVT-AV1/SVT_AV1_Workspace/data/encoded/meeting/a4_360p/BlueSky_360p25__VMAF__p10__crf44__run1.ivf --preset 10 --crf 44 --tune 5 --lp 0 --progress 1,0,/home/od26udiz/Desktop/c/Tuning-Mode-Analysis-for-SVT-AV1/SVT_AV1_Workspace/logs/meeting/a4_360p/BlueSky_360p25__VMAF__p10__crf44__run1.log
8be25307344be43dfe17,2026-09-21T10:21:21.922321+00:00,meeting,ok,a4_360p,BlueSky_360p25.y4m,/home/od26udiz/Desktop/c/Tuning-Mode-Analysis-for-SVT-AV1/SVT_AV1_Workspace/data/source/a4_360p/BlueSky_360p25.y4m,720p_or_lower,640,360,25.0,8,420jpeg,44928838,b3ab86eb59559ede1c28dbcc9e7683ca,2c1e3f2e4eb9c92189d7dbcb606b562fa06eca0e9f373c1e59eaec190138c6eb,VMAF,5,10,52,0,1,0,130,5.2,233,0.337704,558.712,136761344,130.426,/home/od26udiz/Desktop/c/Tuning-Mode-Analysis-for-SVT-AV1/SVT_AV1_Workspace/data/encoded/meeting/a4_360p/BlueSky_360p25__VMAF__p10__crf52__run1.ivf,154063,237.02,87d10d96b1738249925c4d9deea43b4c,816e095da19d14b7b0254bc76be003f9047e94007cff0e8f59abc3f768650c02,/home/od26udiz/miniconda3/bin/SvtAv1EncApp -i /home/od26udiz/Desktop/c/Tuning-Mode-Analysis-for-SVT-AV1/SVT_AV1_Workspace/data/source/a4_360p/BlueSky_360p25.y4m -b /home/od26udiz/Desktop/c/Tuning-Mode-Analysis-for-SVT-AV1/SVT_AV1_Workspace/data/encoded/meeting/a4_360p/BlueSky_360p25__VMAF__p10__crf52__run1.ivf --preset 10 --crf 52 --tune 5 --lp 0 --progress 1,0,/home/od26udiz/Desktop/c/Tuning-Mode-Analysis-for-SVT-AV1/SVT_AV1_Workspace/logs/meeting/a4_360p/BlueSky_360p25__VMAF__p10__crf52__run1.log
f77a8b5caaa66739fa08,2026-09-21T10:21:22.273056+00:00,meeting,ok,a4_360p,BlueSky_360p25.y4m,/home/od26udiz/Desktop/c/Tuning-Mode-Analysis-for-SVT-AV1/SVT_AV1_Workspace/data/source/a4_360p/BlueSky_360p25.y4m,720p_or_lower,640,360,25.0,8,420jpeg,44928838,b3ab86eb59559ede1c28dbcc9e7683ca,2c1e3f2e4eb9c92189d7dbcb606b562fa06eca0e9f373c1e59eaec190138c6eb,VMAF,5,10,60,0,1,0,130,5.2,239,0.336108,543.017,137285632,130.926,/home/od26udiz/Desktop/c/Tuning-Mode-Analysis-for-SVT-AV1/SVT_AV1_Workspace/data/encoded/meeting/a4_360p/BlueSky_360p25__VMAF__p10__crf60__run1.ivf,83789,128.90615384615384,32f6274bb9ad6eef29bf9df9a98f0926,cdfcc1ae8f816b831e4ed0444bd22032de9cab1027eae5ebb6daf4b0ee3b58aa,/home/od26udiz/miniconda3/bin/SvtAv1EncApp -i /home/od26udiz/Desktop/c/Tuning-Mode-Analysis-for-SVT-AV1/SVT_AV1_Workspace/data/source/a4_360p/BlueSky_360p25.y4m -b /home/od26udiz/Desktop/c/Tuning-Mode-Analysis-for-SVT-AV1/SVT_AV1_Workspace/data/encoded/meeting/a4_360p/BlueSky_360p25__VMAF__p10__crf60__run1.ivf --preset 10 --crf 60 --tune 5 --lp 0 --progress 1,0,/home/od26udiz/Desktop/c/Tuning-Mode-Analysis-for-SVT-AV1/SVT_AV1_Workspace/logs/meeting/a4_360p/BlueSky_360p25__VMAF__p10__crf60__run1.log
638e16f183c15e8a6d5f,2026-09-21T10:21:32.636280+00:00,meeting,ok,a4_360p,BlueSky_360p25_v2.y4m,/home/od26udiz/Desktop/c/Tuning-Mode-Analysis-for-SVT-AV1/SVT_AV1_Workspace/data/source/a4_360p/BlueSky_360p25_v2.y4m,720p_or_lower,640,360,25.0,8,420mpeg2,44928819,722261f9e84578203ea9486673ffb274,443b20308b31fe53a479b832557b090ca7dce32a66d9105cac04dc78839d9607,VQ,0,1,18,0,1,0,130,5.2,10192,10.349376,12.755,306741248,292.531,/home/od26udiz/Desktop/c/Tuning-Mode-Analysis-for-SVT-AV1/SVT_AV1_Workspace/data/encoded/meeting/a4_360p/BlueSky_360p25_v2__VQ__p1__crf18__run1.ivf,964255,1483.4692307692308,e53e71b1b76a6de1f8b2d4fcb50c7e85,0a7eae390ac4f32f522fb507da6de8e91e4cfc335b2458ffa64adfb2efc53550,/home/od26udiz/miniconda3/bin/SvtAv1EncApp -i /home/od26udiz/Desktop/c/Tuning-Mode-Analysis-for-SVT-AV1/SVT_AV1_Workspace/data/source/a4_360p/BlueSky_360p25_v2.y4m -b /home/od26udiz/Desktop/c/Tuning-Mode-Analysis-for-SVT-AV1/SVT_AV1_Workspace/data/encoded/meeting/a4_360p/BlueSky_360p25_v2__VQ__p1__crf18__run1.ivf --preset 1 --crf 18 --tune 0 --lp 0 --progress 1,0,/home/od26udiz/Desktop/c/Tuning-Mode-Analysis-for-SVT-AV1/SVT_AV1_Workspace/logs/meeting/a4_360p/BlueSky_360p25_v2__VQ__p1__crf18__run1.log
7c8c44fb684f6d7e7272,2026-09-21T10:21:44.084186+00:00,meeting,ok,a4_360p,BlueSky_360p25_v2.y4m,/home/od26udiz/Desktop/c/Tuning-Mode-Analysis-for-SVT-AV1/SVT_AV1_Workspace/data/source/a4_360p/BlueSky_360p25_v2.y4m,720p_or_lower,640,360,25.0,8,420mpeg2,44928819,722261f9e84578203ea9486673ffb274,443b20308b31fe53a479b832557b090ca7dce32a66d9105cac04dc78839d9607,VQ,0,1,26,0,1,0,130,5.2,11214,11.423079,11.592,318341120,303.594,/home/od26udiz/Desktop/c/Tuning-Mode-Analysis-for-SVT-AV1/SVT_AV1_Workspace/data/encoded/meeting/a4_360p/BlueSky_360p25_v2__VQ__p1__crf26__run1.ivf,621914,956.7907692307692,b58ffff221275323f9743accd826717e,ffb1d3a7927217c6308e245a2ee5b672a0923368f73bdf26b8b3b59239888169,/home/od26udiz/miniconda3/bin/SvtAv1EncApp -i /home/od26udiz/Desktop/c/Tuning-Mode-Analysis-for-SVT-AV1/SVT_AV1_Workspace/data/source/a4_360p/BlueSky_360p25_v2.y4m -b /home/od26udiz/Desktop/c/Tuning-Mode-Analysis-for-SVT-AV1/SVT_AV1_Workspace/data/encoded/meeting/a4_360p/BlueSky_360p25_v2__VQ__p1__crf26__run1.ivf --preset 1 --crf 26 --tune 0 --lp 0 --progress 1,0,/home/od26udiz/Desktop/c/Tuning-Mode-Analysis-for-SVT-AV1/SVT_AV1_Workspace/logs/meeting/a4_360p/BlueSky_360p25_v2__VQ__p1__crf26__run1.log
abdc2cd0d5429b7a7268,2026-09-21T10:21:55.209973+00:00,meeting,ok,a4_360p,BlueSky_360p25_v2.y4m,/home/od26udiz/Desktop/c/Tuning-Mode-Analysis-for-SVT-AV1/SVT_AV1_Workspace/data/source/a4_360p/BlueSky_360p25_v2.y4m,720p_or_lower,640,360,25.0,8,420mpeg2,44928819,722261f9e84578203ea9486673ffb274,443b20308b31fe53a479b832557b090ca7dce32a66d9105cac04dc78839d9607,VQ,0,1,35,0,1,0,130,5.2,10972,11.107993,11.848,316928000,302.246,/home/od26udiz/Desktop/c/Tuning-Mode-Analysis-for-SVT-AV1/SVT_AV1_Workspace/data/encoded/meeting/a4_360p/BlueSky_360p25_v2__VQ__p1__crf35__run1.ivf,377329,580.5061538461539,fc528946ca34b35d2dc0972098abcecd,b45357caba412a2a0e3ef975c5b37bc29dbb042c9fe07ca429181a51ac49b5e1,/home/od26udiz/miniconda3/bin/SvtAv1EncApp -i /home/od26udiz/Desktop/c/Tuning-Mode-Analysis-for-SVT-AV1/SVT_AV1_Workspace/data/source/a4_360p/BlueSky_360p25_v2.y4m -b /home/od26udiz/Desktop/c/Tuning-Mode-Analysis-for-SVT-AV1/SVT_AV1_Workspace/data/encoded/meeting/a4_360p/BlueSky_360p25_v2__VQ__p1__crf35__run1.ivf --preset 1 --crf 35 --tune 0 --lp 0 --progress 1,0,/home/od26udiz/Desktop/c/Tuning-Mode-Analysis-for-SVT-AV1/SVT_AV1_Workspace/logs/meeting/a4_360p/BlueSky_360p25_v2__VQ__p1__crf35__run1.log
4831c6a2e777368f5bee,2026-09-21T10:22:06.502310+00:00,meeting,ok,a4_360p,BlueSky_360p25_v2.y4m,/home/od26udiz/Desktop/c/Tuning-Mode-Analysis-for-SVT-AV1/SVT_AV1_Workspace/data/source/a4_360p/BlueSky_360p25_v2.y4m,720p_or_lower,640,360,25.0,8,420mpeg2,44928819,722261f9e84578203ea9486673ffb274,443b20308b31fe53a479b832557b090ca7dce32a66d9105cac04dc78839d9607,VQ,0,1,44,0,1,0,130,5.2,11121,11.276141,11.69,326402048,311.281,/home/od26udiz/Desktop/c/Tuning-Mode-Analysis-for-SVT-AV1/SVT_AV1_Workspace/data/encoded/meeting/a4_360p/BlueSky_360p25_v2__VQ__p1__crf44__run1.ivf,239175,367.96153846153845,75222f5b2326f00f422608c3473139db,72dbdfd7091ebcae73388b95cea4a793e10dfcc01c1b2ef9eaeabcff860cc7bd,/home/od26udiz/miniconda3/bin/SvtAv1EncApp -i /home/od26udiz/Desktop/c/Tuning-Mode-Analysis-for-SVT-AV1/SVT_AV1_Workspace/data/source/a4_360p/BlueSky_360p25_v2.y4m -b /home/od26udiz/Desktop/c/Tuning-Mode-Analysis-for-SVT-AV1/SVT_AV1_Workspace/data/encoded/meeting/a4_360p/BlueSky_360p25_v2__VQ__p1__crf44__run1.ivf --preset 1 --crf 44 --tune 0 --lp 0 --progress 1,0,/home/od26udiz/Desktop/c/Tuning-Mode-Analysis-for-SVT-AV1/SVT_AV1_Workspace/logs/meeting/a4_360p/BlueSky_360p25_v2__VQ__p1__crf44__run1.log
192827a6e748ad635e00,2026-09-21T10:22:20.253747+00:00,meeting,ok,a4_360p,BlueSky_360p25_v2.y4m,/home/od26udiz/Desktop/c/Tuning-Mode-Analysis-for-SVT-AV1/SVT_AV1_Workspace/data/source/a4_360p/BlueSky_360p25_v2.y4m,720p_or_lower,640,360,25.0,8,420mpeg2,44928819,722261f9e84578203ea9486673ffb274,443b20308b31fe53a479b832557b090ca7dce32a66d9105cac04dc78839d9607,VQ,0,1,52,0,1,0,130,5.2,13602,13.735923,9.557,327655424,312.477,/home/od26udiz/Desktop/c/Tuning-Mode-Analysis-for-SVT-AV1/SVT_AV1_Workspace/data/encoded/meeting/a4_360p/BlueSky_360p25_v2__VQ__p1__crf52__run1.ivf,158680,244.1230769230769,cde910c89dba998956663af670738c67,f97ca772b1a87bd159673414685fe90b4b42d5056b710a762fdaf7d8ac819100,/home/od26udiz/miniconda3/bin/SvtAv1EncApp -i /home/od26udiz/Desktop/c/Tuning-Mode-Analysis-for-SVT-AV1/SVT_AV1_Workspace/data/source/a4_360p/BlueSky_360p25_v2.y4m -b /home/od26udiz/Desktop/c/Tuning-Mode-Analysis-for-SVT-AV1/SVT_AV1_Workspace/data/encoded/meeting/a4_360p/BlueSky_360p25_v2__VQ__p1__crf52__run1.ivf --preset 1 --crf 52 --tune 0 --lp 0 --progress 1,0,/home/od26udiz/Desktop/c/Tuning-Mode-Analysis-for-SVT-AV1/SVT_AV1_Workspace/logs/meeting/a4_360p/BlueSky_360p25_v2__VQ__p1__crf52__run1.log
94dec5fb61df0a5f5027,2026-09-21T10:22:41.607862+00:00,meeting,ok,a4_360p,BlueSky_360p25_v2.y4m,/home/od26udiz/Desktop/c/Tuning-Mode-Analysis-for-SVT-AV1/SVT_AV1_Workspace/data/source/a4_360p/BlueSky_360p25_v2.y4m,720p_or_lower,640,360,25.0,8,420mpeg2,44928819,722261f9e84578203ea9486673ffb274,443b20308b31fe53a479b832557b090ca7dce32a66d9105cac04dc78839d9607,VQ,0,1,60,0,1,0,130,5.2,21182,21.339993,6.137,451239936,430.336,/home/od26udiz/Desktop/c/Tuning-Mode-Analysis-for-SVT-AV1/SVT_AV1_Workspace/data/encoded/meeting/a4_360p/BlueSky_360p25_v2__VQ__p1__crf60__run1.ivf,84193,129.5276923076923,d4fac22d9becaa2528f94122aefadfea,13a48f992bbba8dd8c857ba896a681a051b5637690e189e6e9f547025e395cdd,/home/od26udiz/miniconda3/bin/SvtAv1EncApp -i /home/od26udiz/Desktop/c/Tuning-Mode-Analysis-for-SVT-AV1/SVT_AV1_Workspace/data/source/a4_360p/BlueSky_360p25_v2.y4m -b /home/od26udiz/Desktop/c/Tuning-Mode-Analysis-for-SVT-AV1/SVT_AV1_Workspace/data/encoded/meeting/a4_360p/BlueSky_360p25_v2__VQ__p1__crf60__run1.ivf --preset 1 --crf 60 --tune 0 --lp 0 --progress 1,0,/home/od26udiz/Desktop/c/Tuning-Mode-Analysis-for-SVT-AV1/SVT_AV1_Workspace/logs/meeting/a4_360p/BlueSky_360p25_v2__VQ__p1__crf60__run1.log
54a7109da1d3111f34bd,2026-09-21T10:22:41.940019+00:00,meeting,ok,a4_360p,BlueSky_360p25_v2.y4m,/home/od26udiz/Desktop/c/Tuning-Mode-Analysis-for-SVT-AV1/SVT_AV1_Workspace/data/source/a4_360p/BlueSky_360p25_v2.y4m,720p_or_lower,640,360,25.0,8,420mpeg2,44928819,722261f9e84578203ea9486673ffb274,443b20308b31fe53a479b832557b090ca7dce32a66d9105cac04dc78839d9607,VQ,0,10,18,0,1,0,130,5.2,243,0.31801,534.592,139808768,133.332,/home/od26udiz/Desktop/c/Tuning-Mode-Analysis-for-SVT-AV1/SVT_AV1_Workspace/data/encoded/meeting/a4_360p/BlueSky_360p25_v2__VQ__p10__crf18__run1.ivf,1866190,2871.0615384615385,9efb428ab14c0566321b9c324f55f733,3d72ff2c4d87e6c09ab0252d102b45c141a5aa1a99cc31180a0b574695f8e44f,/home/od26udiz/miniconda3/bin/SvtAv1EncApp -i /home/od26udiz/Desktop/c/Tuning-Mode-Analysis-for-SVT-AV1/SVT_AV1_Workspace/data/source/a4_360p/BlueSky_360p25_v2.y4m -b /home/od26udiz/Desktop/c/Tuning-Mode-Analysis-for-SVT-AV1/SVT_AV1_Workspace/data/encoded/meeting/a4_360p/BlueSky_360p25_v2__VQ__p10__crf18__run1.ivf --preset 10 --crf 18 --tune 0 --lp 0 --progress 1,0,/home/od26udiz/Desktop/c/Tuning-Mode-Analysis-for-SVT-AV1/SVT_AV1_Workspace/logs/meeting/a4_360p/BlueSky_360p25_v2__VQ__p10__crf18__run1.log
3c63212865d286ce6218,2026-09-21T10:22:42.308268+00:00,meeting,ok,a4_360p,BlueSky_360p25_v2.y4m,/home/od26udiz/Desktop/c/Tuning-Mode-Analysis-for-SVT-AV1/SVT_AV1_Workspace/data/source/a4_360p/BlueSky_360p25_v2.y4m,720p_or_lower,640,360,25.0,8,420mpeg2,44928819,722261f9e84578203ea9486673ffb274,443b20308b31fe53a479b832557b090ca7dce32a66d9105cac04dc78839d9607,VQ,0,10,26,0,1,0,130,5.2,225,0.333642,578.724,138055680,131.66,/home/od26udiz/Desktop/c/Tuning-Mode-Analysis-for-SVT-AV1/SVT_AV1_Workspace/data/encoded/meeting/a4_360p/BlueSky_360p25_v2__VQ__p10__crf26__run1.ivf,1111278,1709.6584615384616,d88b053171ebd4c2a973ac9f6086c4c1,509a443d944ca088eae7aa60142100b8d06d96908bc18d6cd54ef800de8528db,/home/od26udiz/miniconda3/bin/SvtAv1EncApp -i /home/od26udiz/Desktop/c/Tuning-Mode-Analysis-for-SVT-AV1/SVT_AV1_Workspace/data/source/a4_360p/BlueSky_360p25_v2.y4m -b /home/od26udiz/Desktop/c/Tuning-Mode-Analysis-for-SVT-AV1/SVT_AV1_Workspace/data/encoded/meeting/a4_360p/BlueSky_360p25_v2__VQ__p10__crf26__run1.ivf --preset 10 --crf 26 --tune 0 --lp 0 --progress 1,0,/home/od26udiz/Desktop/c/Tuning-Mode-Analysis-for-SVT-AV1/SVT_AV1_Workspace/logs/meeting/a4_360p/BlueSky_360p25_v2__VQ__p10__crf26__run1.log
4ceedd668fee4bd5a5d1,2026-09-21T10:22:42.672666+00:00,meeting,ok,a4_360p,BlueSky_360p25_v2.y4m,/home/od26udiz/Desktop/c/Tuning-Mode-Analysis-for-SVT-AV1/SVT_AV1_Workspace/data/source/a4_360p/BlueSky_360p25_v2.y4m,720p_or_lower,640,360,25.0,8,420mpeg2,44928819,722261f9e84578203ea9486673ffb274,443b20308b31fe53a479b832557b090ca7dce32a66d9105cac04dc78839d9607,VQ,0,10,35,0,1,0,130,5.2,213,0.337432,611.468,140144640,133.652,/home/od26udiz/Desktop/c/Tuning-Mode-Analysis-for-SVT-AV1/SVT_AV1_Workspace/data/encoded/meeting/a4_360p/BlueSky_360p25_v2__VQ__p10__crf35__run1.ivf,572098,880.1507692307692,7b9d490df9f6ca52c7f34cb421e04950,b8de386fdf099ca0348c2f979f2c0dc7c73be26ce733bdccfd32fd1d11fb9055,/home/od26udiz/miniconda3/bin/SvtAv1EncApp -i /home/od26udiz/Desktop/c/Tuning-Mode-Analysis-for-SVT-AV1/SVT_AV1_Workspace/data/source/a4_360p/BlueSky_360p25_v2.y4m -b /home/od26udiz/Desktop/c/Tuning-Mode-Analysis-for-SVT-AV1/SVT_AV1_Workspace/data/encoded/meeting/a4_360p/BlueSky_360p25_v2__VQ__p10__crf35__run1.ivf --preset 10 --crf 35 --tune 0 --lp 0 --progress 1,0,/home/od26udiz/Desktop/c/Tuning-Mode-Analysis-for-SVT-AV1/SVT_AV1_Workspace/logs/meeting/a4_360p/BlueSky_360p25_v2__VQ__p10__crf35__run1.log
af5cc57199daa8dba90b,2026-09-21T10:22:43.028627+00:00,meeting,ok,a4_360p,BlueSky_360p25_v2.y4m,/home/od26udiz/Desktop/c/Tuning-Mode-Analysis-for-SVT-AV1/SVT_AV1_Workspace/data/source/a4_360p/BlueSky_360p25_v2.y4m,720p_or_lower,640,360,25.0,8,420mpeg2,44928819,722261f9e84578203ea9486673ffb274,443b20308b31fe53a479b832557b090ca7dce32a66d9105cac04dc78839d9607,VQ,0,10,44,0,1,0,130,5.2,216,0.336284,602.924,138682368,132.258,/home/od26udiz/Desktop/c/Tuning-Mode-Analysis-for-SVT-AV1/SVT_AV1_Workspace/data/encoded/meeting/a4_360p/BlueSky_360p25_v2__VQ__p10__crf44__run1.ivf,278525,428.5,ec001aff75d8903ec15016d4e6cc1fc6,3296fded3dfbcd85a4862aef8e533b376f7976eb256ff3d62d851cb3c4ff9c43,/home/od26udiz/miniconda3/bin/SvtAv1EncApp -i /home/od26udiz/Desktop/c/Tuning-Mode-Analysis-for-SVT-AV1/SVT_AV1_Workspace/data/source/a4_360p/BlueSky_360p25_v2.y4m -b /home/od26udiz/Desktop/c/Tuning-Mode-Analysis-for-SVT-AV1/SVT_AV1_Workspace/data/encoded/meeting/a4_360p/BlueSky_360p25_v2__VQ__p10__crf44__run1.ivf --preset 10 --crf 44 --tune 0 --lp 0 --progress 1,0,/home/od26udiz/Desktop/c/Tuning-Mode-Analysis-for-SVT-AV1/SVT_AV1_Workspace/logs/meeting/a4_360p/BlueSky_360p25_v2__VQ__p10__crf44__run1.log
57ce04b9e8c0fc39bb11,2026-09-21T10:22:43.377204+00:00,meeting,ok,a4_360p,BlueSky_360p25_v2.y4m,/home/od26udiz/Desktop/c/Tuning-Mode-Analysis-for-SVT-AV1/SVT_AV1_Workspace/data/source/a4_360p/BlueSky_360p25_v2.y4m,720p_or_lower,640,360,25.0,8,420mpeg2,44928819,722261f9e84578203ea9486673ffb274,443b20308b31fe53a479b832557b090ca7dce32a66d9105cac04dc78839d9607,VQ,0,10,52,0,1,0,130,5.2,242,0.338601,536.68,134934528,128.684,/home/od26udiz/Desktop/c/Tuning-Mode-Analysis-for-SVT-AV1/SVT_AV1_Workspace/data/encoded/meeting/a4_360p/BlueSky_360p25_v2__VQ__p10__crf52__run1.ivf,170350,262.07692307692304,e5254017da1103bfc0a4a5e9e4b77968,7b9dab0e6bbf83616a004d5f6d43f0624c095103b915e696a1946760cd1b89c9,/home/od26udiz/miniconda3/bin/SvtAv1EncApp -i /home/od26udiz/Desktop/c/Tuning-Mode-Analysis-for-SVT-AV1/SVT_AV1_Workspace/data/source/a4_360p/BlueSky_360p25_v2.y4m -b /home/od26udiz/Desktop/c/Tuning-Mode-Analysis-for-SVT-AV1/SVT_AV1_Workspace/data/encoded/meeting/a4_360p/BlueSky_360p25_v2__VQ__p10__crf52__run1.ivf --preset 10 --crf 52 --tune 0 --lp 0 --progress 1,0,/home/od26udiz/Desktop/c/Tuning-Mode-Analysis-for-SVT-AV1/SVT_AV1_Workspace/logs/meeting/a4_360p/BlueSky_360p25_v2__VQ__p10__crf52__run1.log
d602ef907b262e6a176c,2026-09-21T10:22:43.726203+00:00,meeting,ok,a4_360p,BlueSky_360p25_v2.y4m,/home/od26udiz/Desktop/c/Tuning-Mode-Analysis-for-SVT-AV1/SVT_AV1_Workspace/data/source/a4_360p/BlueSky_360p25_v2.y4m,720p_or_lower,640,360,25.0,8,420mpeg2,44928819,722261f9e84578203ea9486673ffb274,443b20308b31fe53a479b832557b090ca7dce32a66d9105cac04dc78839d9607,VQ,0,10,60,0,1,0,130,5.2,230,0.335338,566.37,133984256,127.777,/home/od26udiz/Desktop/c/Tuning-Mode-Analysis-for-SVT-AV1/SVT_AV1_Workspace/data/encoded/meeting/a4_360p/BlueSky_360p25_v2__VQ__p10__crf60__run1.ivf,95940,147.6,0cdaed271134ee17bb6f9336d082314e,e233cdbadab6c6e61ed585611b26088cf4a416f4bd1fe99e5c854487283fdcd4,/home/od26udiz/miniconda3/bin/SvtAv1EncApp -i /home/od26udiz/Desktop/c/Tuning-Mode-Analysis-for-SVT-AV1/SVT_AV1_Workspace/data/source/a4_360p/BlueSky_360p25_v2.y4m -b /home/od26udiz/Desktop/c/Tuning-Mode-Analysis-for-SVT-AV1/SVT_AV1_Workspace/data/encoded/meeting/a4_360p/BlueSky_360p25_v2__VQ__p10__crf60__run1.ivf --preset 10 --crf 60 --tune 0 --lp 0 --progress 1,0,/home/od26udiz/Desktop/c/Tuning-Mode-Analysis-for-SVT-AV1/SVT_AV1_Workspace/logs/meeting/a4_360p/BlueSky_360p25_v2__VQ__p10__crf60__run1.log
e4b7f30673a66a1598e4,2026-09-21T10:22:54.702055+00:00,meeting,ok,a4_360p,BlueSky_360p25_v2.y4m,/home/od26udiz/Desktop/c/Tuning-Mode-Analysis-for-SVT-AV1/SVT_AV1_Workspace/data/source/a4_360p/BlueSky_360p25_v2.y4m,720p_or_lower,640,360,25.0,8,420mpeg2,44928819,722261f9e84578203ea9486673ffb274,443b20308b31fe53a479b832557b090ca7dce32a66d9105cac04dc78839d9607,PSNR,1,1,18,0,1,0,130,5.2,10791,10.962866,12.048,311828480,297.383,/home/od26udiz/Desktop/c/Tuning-Mode-Analysis-for-SVT-AV1/SVT_AV1_Workspace/data/encoded/meeting/a4_360p/BlueSky_360p25_v2__PSNR__p1__crf18__run1.ivf,952892,1465.9876923076922,d9270a114cfede1bb510ac317519dd2a,44b09ca2c31ffe4f2b0a434bca1df995b1e19748f175a151fa9731b0f22a1117,/home/od26udiz/miniconda3/bin/SvtAv1EncApp -i /home/od26udiz/Desktop/c/Tuning-Mode-Analysis-for-SVT-AV1/SVT_AV1_Workspace/data/source/a4_360p/BlueSky_360p25_v2.y4m -b /home/od26udiz/Desktop/c/Tuning-Mode-Analysis-for-SVT-AV1/SVT_AV1_Workspace/data/encoded/meeting/a4_360p/BlueSky_360p25_v2__PSNR__p1__crf18__run1.ivf --preset 1 --crf 18 --tune 1 --lp 0 --progress 1,0,/home/od26udiz/Desktop/c/Tuning-Mode-Analysis-for-SVT-AV1/SVT_AV1_Workspace/logs/meeting/a4_360p/BlueSky_360p25_v2__PSNR__p1__crf18__run1.log
45261b2ab414d98c40dc,2026-09-21T10:23:07.148130+00:00,meeting,ok,a4_360p,BlueSky_360p25_v2.y4m,/home/od26udiz/Desktop/c/Tuning-Mode-Analysis-for-SVT-AV1/SVT_AV1_Workspace/data/source/a4_360p/BlueSky_360p25_v2.y4m,720p_or_lower,640,360,25.0,8,420mpeg2,44928819,722261f9e84578203ea9486673ffb274,443b20308b31fe53a479b832557b090ca7dce32a66d9105cac04dc78839d9607,PSNR,1,1,26,0,1,0,130,5.2,12231,12.421346,10.629,320512000,305.664,/home/od26udiz/Desktop/c/Tuning-Mode-Analysis-for-SVT-AV1/SVT_AV1_Workspace/data/encoded/meeting/a4_360p/BlueSky_360p25_v2__PSNR__p1__crf26__run1.ivf,611751,941.1553846153846,95f011ca780927bdacf06a07df0dff96,f42a83f65338df04ec0f796ef1ffaeba1142b8e79f1f4d5482f835f0e1fe8b41,/home/od26udiz/miniconda3/bin/SvtAv1EncApp -i /home/od26udiz/Desktop/c/Tuning-Mode-Analysis-for-SVT-AV1/SVT_AV1_Workspace/data/source/a4_360p/BlueSky_360p25_v2.y4m -b /home/od26udiz/Desktop/c/Tuning-Mode-Analysis-for-SVT-AV1/SVT_AV1_Workspace/data/encoded/meeting/a4_360p/BlueSky_360p25_v2__PSNR__p1__crf26__run1.ivf --preset 1 --crf 26 --tune 1 --lp 0 --progress 1,0,/home/od26udiz/Desktop/c/Tuning-Mode-Analysis-for-SVT-AV1/SVT_AV1_Workspace/logs/meeting/a4_360p/BlueSky_360p25_v2__PSNR__p1__crf26__run1.log
0d768da03966fccacdb1,2026-09-21T10:23:19.408031+00:00,meeting,ok,a4_360p,BlueSky_360p25_v2.y4m,/home/od26udiz/Desktop/c/Tuning-Mode-Analysis-for-SVT-AV1/SVT_AV1_Workspace/data/source/a4_360p/BlueSky_360p25_v2.y4m,720p_or_lower,640,360,25.0,8,420mpeg2,44928819,722261f9e84578203ea9486673ffb274,443b20308b31fe53a479b832557b090ca7dce32a66d9105cac04dc78839d9607,PSNR,1,1,35,0,1,0,130,5.2,12009,12.241061,10.826,320839680,305.977,/home/od26udiz/Desktop/c/Tuning-Mode-Analysis-for-SVT-AV1/SVT_AV1_Workspace/data/encoded/meeting/a4_360p/BlueSky_360p25_v2__PSNR__p1__crf35__run1.ivf,370496,569.9938461538461,f9c51bc93754f4c326ebe487dc388979,be2e271ea8ed63433c3610522d9636e673665323eae6b4ae39f4ddd890919cd5,/home/od26udiz/miniconda3/bin/SvtAv1EncApp -i /home/od26udiz/Desktop/c/Tuning-Mode-Analysis-for-SVT-AV1/SVT_AV1_Workspace/data/source/a4_360p/BlueSky_360p25_v2.y4m -b /home/od26udiz/Desktop/c/Tuning-Mode-Analysis-for-SVT-AV1/SVT_AV1_Workspace/data/encoded/meeting/a4_360p/BlueSky_360p25_v2__PSNR__p1__crf35__run1.ivf --preset 1 --crf 35 --tune 1 --lp 0 --progress 1,0,/home/od26udiz/Desktop/c/Tuning-Mode-Analysis-for-SVT-AV1/SVT_AV1_Workspace/logs/meeting/a4_360p/BlueSky_360p25_v2__PSNR__p1__crf35__run1.log
43397f1ab19dd1837dec,2026-09-21T10:23:30.879439+00:00,meeting,ok,a4_360p,BlueSky_360p25_v2.y4m,/home/od26udiz/Desktop/c/Tuning-Mode-Analysis-for-SVT-AV1/SVT_AV1_Workspace/data/source/a4_360p/BlueSky_360p25_v2.y4m,720p_or_lower,640,360,25.0,8,420mpeg2,44928819,722261f9e84578203ea9486673ffb274,443b20308b31fe53a479b832557b090ca7dce32a66d9105cac04dc78839d9607,PSNR,1,1,44,0,1,0,130,5.2,11252,11.455532,11.553,330297344,314.996,/home/od26udiz/Desktop/c/Tuning-Mode-Analysis-for-SVT-AV1/SVT_AV1_Workspace/data/encoded/meeting/a4_360p/BlueSky_360p25_v2__PSNR__p1__crf44__run1.ivf,232347,357.4569230769231,5057b087a2bffaff51c01c5ea798ba55,7b27d1b5de68e9675ad2454d9a51d5b755b734eee4052c44515543a303aaedbc,/home/od26udiz/miniconda3/bin/SvtAv1EncApp -i /home/od26udiz/Desktop/c/Tuning-Mode-Analysis-for-SVT-AV1/SVT_AV1_Workspace/data/source/a4_360p/BlueSky_360p25_v2.y4m -b /home/od26udiz/Desktop/c/Tuning-Mode-Analysis-for-SVT-AV1/SVT_AV1_Workspace/data/encoded/meeting/a4_360p/BlueSky_360p25_v2__PSNR__p1__crf44__run1.ivf --preset 1 --crf 44 --tune 1 --lp 0 --progress 1,0,/home/od26udiz/Desktop/c/Tuning-Mode-Analysis-for-SVT-AV1/SVT_AV1_Workspace/logs/meeting/a4_360p/BlueSky_360p25_v2__PSNR__p1__crf44__run1.log
2e4726ef3bca857e3547,2026-09-21T10:23:45.685388+00:00,meeting,ok,a4_360p,BlueSky_360p25_v2.y4m,/home/od26udiz/Desktop/c/Tuning-Mode-Analysis-for-SVT-AV1/SVT_AV1_Workspace/data/source/a4_360p/BlueSky_360p25_v2.y4m,720p_or_lower,640,360,25.0,8,420mpeg2,44928819,722261f9e84578203ea9486673ffb274,443b20308b31fe53a479b832557b090ca7dce32a66d9105cac04dc78839d9607,PSNR,1,1,52,0,1,0,130,5.2,14694,14.794669,8.847,326438912,311.316,/home/od26udiz/Desktop/c/Tuning-Mode-Analysis-for-SVT-AV1/SVT_AV1_Workspace/data/encoded/meeting/a4_360p/BlueSky_360p25_v2__PSNR__p1__crf52__run1.ivf,153306,235.8553846153846,aad1243e1a4dc56ac5a7fc7c5f117549,367db7b4c2afc69e7c6997c90585682eaa6f14ff2f5d4c2d8eec700d5a6a3974,/home/od26udiz/miniconda3/bin/SvtAv1EncApp -i /home/od26udiz/Desktop/c/Tuning-Mode-Analysis-for-SVT-AV1/SVT_AV1_Workspace/data/source/a4_360p/BlueSky_360p25_v2.y4m -b /home/od26udiz/Desktop/c/Tuning-Mode-Analysis-for-SVT-AV1/SVT_AV1_Workspace/data/encoded/meeting/a4_360p/BlueSky_360p25_v2__PSNR__p1__crf52__run1.ivf --preset 1 --crf 52 --tune 1 --lp 0 --progress 1,0,/home/od26udiz/Desktop/c/Tuning-Mode-Analysis-for-SVT-AV1/SVT_AV1_Workspace/logs/meeting/a4_360p/BlueSky_360p25_v2__PSNR__p1__crf52__run1.log
de5d6f521fec843d1c7f,2026-09-21T10:24:06.997474+00:00,meeting,ok,a4_360p,BlueSky_360p25_v2.y4m,/home/od26udiz/Desktop/c/Tuning-Mode-Analysis-for-SVT-AV1/SVT_AV1_Workspace/data/source/a4_360p/BlueSky_360p25_v2.y4m,720p_or_lower,640,360,25.0,8,420mpeg2,44928819,722261f9e84578203ea9486673ffb274,443b20308b31fe53a479b832557b090ca7dce32a66d9105cac04dc78839d9607,PSNR,1,1,60,0,1,0,130,5.2,21141,21.295135,6.149,464318464,442.809,/home/od26udiz/Desktop/c/Tuning-Mode-Analysis-for-SVT-AV1/SVT_AV1_Workspace/data/encoded/meeting/a4_360p/BlueSky_360p25_v2__PSNR__p1__crf60__run1.ivf,80278,123.50461538461538,ba29c2495057b87721515e7b1f2fdc3a,9ca387c9eba521ac6d0ce2c9ce586e20b5b48f67dcc3a7715b21acabfba4d6b9,/home/od26udiz/miniconda3/bin/SvtAv1EncApp -i /home/od26udiz/Desktop/c/Tuning-Mode-Analysis-for-SVT-AV1/SVT_AV1_Workspace/data/source/a4_360p/BlueSky_360p25_v2.y4m -b /home/od26udiz/Desktop/c/Tuning-Mode-Analysis-for-SVT-AV1/SVT_AV1_Workspace/data/encoded/meeting/a4_360p/BlueSky_360p25_v2__PSNR__p1__crf60__run1.ivf --preset 1 --crf 60 --tune 1 --lp 0 --progress 1,0,/home/od26udiz/Desktop/c/Tuning-Mode-Analysis-for-SVT-AV1/SVT_AV1_Workspace/logs/meeting/a4_360p/BlueSky_360p25_v2__PSNR__p1__crf60__run1.log
1d763cbc82b6b57447e3,2026-09-21T10:24:07.449090+00:00,meeting,ok,a4_360p,BlueSky_360p25_v2.y4m,/home/od26udiz/Desktop/c/Tuning-Mode-Analysis-for-SVT-AV1/SVT_AV1_Workspace/data/source/a4_360p/BlueSky_360p25_v2.y4m,720p_or_lower,640,360,25.0,8,420mpeg2,44928819,722261f9e84578203ea9486673ffb274,443b20308b31fe53a479b832557b090ca7dce32a66d9105cac04dc78839d9607,PSNR,1,10,18,0,1,0,130,5.2,247,0.439027,526.284,140058624,133.57,/home/od26udiz/Desktop/c/Tuning-Mode-Analysis-for-SVT-AV1/SVT_AV1_Workspace/data/encoded/meeting/a4_360p/BlueSky_360p25_v2__PSNR__p10__crf18__run1.ivf,1842929,2835.2753846153846,a341860cec3aac758b976931e9137edd,1d56514f1f4ad721339a5cb71080a6bec0466a8e4b59ce7917237f5adfc359f2,/home/od26udiz/miniconda3/bin/SvtAv1EncApp -i /home/od26udiz/Desktop/c/Tuning-Mode-Analysis-for-SVT-AV1/SVT_AV1_Workspace/data/source/a4_360p/BlueSky_360p25_v2.y4m -b /home/od26udiz/Desktop/c/Tuning-Mode-Analysis-for-SVT-AV1/SVT_AV1_Workspace/data/encoded/meeting/a4_360p/BlueSky_360p25_v2__PSNR__p10__crf18__run1.ivf --preset 10 --crf 18 --tune 1 --lp 0 --progress 1,0,/home/od26udiz/Desktop/c/Tuning-Mode-Analysis-for-SVT-AV1/SVT_AV1_Workspace/logs/meeting/a4_360p/BlueSky_360p25_v2__PSNR__p10__crf18__run1.log
bdf2d763b117859276de,2026-09-21T10:24:07.818078+00:00,meeting,ok,a4_360p,BlueSky_360p25_v2.y4m,/home/od26udiz/Desktop/c/Tuning-Mode-Analysis-for-SVT-AV1/SVT_AV1_Workspace/data/source/a4_360p/BlueSky_360p25_v2.y4m,720p_or_lower,640,360,25.0,8,420mpeg2,44928819,722261f9e84578203ea9486673ffb274,443b20308b31fe53a479b832557b090ca7dce32a66d9105cac04dc78839d9607,PSNR,1,10,26,0,1,0,130,5.2,224,0.333449,581.46,139698176,133.227,/home/od26udiz/Desktop/c/Tuning-Mode-Analysis-for-SVT-AV1/SVT_AV1_Workspace/data/encoded/meeting/a4_360p/BlueSky_360p25_v2__PSNR__p10__crf26__run1.ivf,1098617,1690.18,01ba47d7bae0dcfc02eed0d7c23921d0,7a8e22deea0893465fdad3f73ddce64cbd2176d35a9945dc5f83d19b27bce5d9,/home/od26udiz/miniconda3/bin/SvtAv1EncApp -i /home/od26udiz/Desktop/c/Tuning-Mode-Analysis-for-SVT-AV1/SVT_AV1_Workspace/data/source/a4_360p/BlueSky_360p25_v2.y4m -b /home/od26udiz/Desktop/c/Tuning-Mode-Analysis-for-SVT-AV1/SVT_AV1_Workspace/data/encoded/meeting/a4_360p/BlueSky_360p25_v2__PSNR__p10__crf26__run1.ivf --preset 10 --crf 26 --tune 1 --lp 0 --progress 1,0,/home/od26udiz/Desktop/c/Tuning-Mode-Analysis-for-SVT-AV1/SVT_AV1_Workspace/logs/meeting/a4_360p/BlueSky_360p25_v2__PSNR__p10__crf26__run1.log
3f9ef9533a1ff2a1c5e0,2026-09-21T10:24:08.158218+00:00,meeting,ok,a4_360p,BlueSky_360p25_v2.y4m,/home/od26udiz/Desktop/c/Tuning-Mode-Analysis-for-SVT-AV1/SVT_AV1_Workspace/data/source/a4_360p/BlueSky_360p25_v2.y4m,720p_or_lower,640,360,25.0,8,420mpeg2,44928819,722261f9e84578203ea9486673ffb274,443b20308b31fe53a479b832557b090ca7dce32a66d9105cac04dc78839d9607,PSNR,1,10,35,0,1,0,130,5.2,218,0.323557,594.996,141783040,135.215,/home/od26udiz/Desktop/c/Tuning-Mode-Analysis-for-SVT-AV1/SVT_AV1_Workspace/data/encoded/meeting/a4_360p/BlueSky_360p25_v2__PSNR__p10__crf35__run1.ivf,558708,859.5507692307692,a141524686220549ed7eeaff7c0a98f9,55c54ab44244f4cd6c23d368f465250df417df57b12004b84182074925df3f27,/home/od26udiz/miniconda3/bin/SvtAv1EncApp -i /home/od26udiz/Desktop/c/Tuning-Mode-Analysis-for-SVT-AV1/SVT_AV1_Workspace/data/source/a4_360p/BlueSky_360p25_v2.y4m -b /home/od26udiz/Desktop/c/Tuning-Mode-Analysis-for-SVT-AV1/SVT_AV1_Workspace/data/encoded/meeting/a4_360p/BlueSky_360p25_v2__PSNR__p10__crf35__run1.ivf --preset 10 --crf 35 --tune 1 --lp 0 --progress 1,0,/home/od26udiz/Desktop/c/Tuning-Mode-Analysis-for-SVT-AV1/SVT_AV1_Workspace/logs/meeting/a4_360p/BlueSky_360p25_v2__PSNR__p10__crf35__run1.log
37c326d85d7ab6e9c55c,2026-09-21T10:24:08.505424+00:00,meeting,ok,a4_360p,BlueSky_360p25_v2.y4m,/home/od26udiz/Desktop/c/Tuning-Mode-Analysis-for-SVT-AV1/SVT_AV1_Workspace/data/source/a4_360p/BlueSky_360p25_v2.y4m,720p_or_lower,640,360,25.0,8,420mpeg2,44928819,722261f9e84578203ea9486673ffb274,443b20308b31fe53a479b832557b090ca7dce32a66d9105cac04dc78839d9607,PSNR,1,10,44,0,1,0,130,5.2,234,0.327686,554.683,139857920,133.379,/home/od26udiz/Desktop/c/Tuning-Mode-Analysis-for-SVT-AV1/SVT_AV1_Workspace/data/encoded/meeting/a4_360p/BlueSky_360p25_v2__PSNR__p10__crf44__run1.ivf,270640,416.36923076923074,9d99222a486f6ed4b2d5f226caa03fe3,d78cee3fa8a1c1649f6c8557f8f02a4a38397d04f25ac4e1223e785cdf891db8,/home/od26udiz/miniconda3/bin/SvtAv1EncApp -i /home/od26udiz/Desktop/c/Tuning-Mode-Analysis-for-SVT-AV1/SVT_AV1_Workspace/data/source/a4_360p/BlueSky_360p25_v2.y4m -b /home/od26udiz/Desktop/c/Tuning-Mode-Analysis-for-SVT-AV1/SVT_AV1_Workspace/data/encoded/meeting/a4_360p/BlueSky_360p25_v2__PSNR__p10__crf44__run1.ivf --preset 10 --crf 44 --tune 1 --lp 0 --progress 1,0,/home/od26udiz/Desktop/c/Tuning-Mode-Analysis-for-SVT-AV1/SVT_AV1_Workspace/logs/meeting/a4_360p/BlueSky_360p25_v2__PSNR__p10__crf44__run1.log
ddd46b52aefd56d9bfed,2026-09-21T10:24:08.858325+00:00,meeting,ok,a4_360p,BlueSky_360p25_v2.y4m,/home/od26udiz/Desktop/c/Tuning-Mode-Analysis-for-SVT-AV1/SVT_AV1_Workspace/data/source/a4_360p/BlueSky_360p25_v2.y4m,720p_or_lower,640,360,25.0,8,420mpeg2,44928819,722261f9e84578203ea9486673ffb274,443b20308b31fe53a479b832557b090ca7dce32a66d9105cac04dc78839d9607,PSNR,1,10,52,0,1,0,130,5.2,245,0.338046,530.259,135106560,128.848,/home/od26udiz/Desktop/c/Tuning-Mode-Analysis-for-SVT-AV1/SVT_AV1_Workspace/data/encoded/meeting/a4_360p/BlueSky_360p25_v2__PSNR__p10__crf52__run1.ivf,162980,250.73846153846154,51c7cc16e976b1c51df0576d263e1102,20ffbb8d2aad47be4e9c7e722aa7eeb6de1b5f3650cf4a9d249cbb02d4ab6e1d,/home/od26udiz/miniconda3/bin/SvtAv1EncApp -i /home/od26udiz/Desktop/c/Tuning-Mode-Analysis-for-SVT-AV1/SVT_AV1_Workspace/data/source/a4_360p/BlueSky_360p25_v2.y4m -b /home/od26udiz/Desktop/c/Tuning-Mode-Analysis-for-SVT-AV1/SVT_AV1_Workspace/data/encoded/meeting/a4_360p/BlueSky_360p25_v2__PSNR__p10__crf52__run1.ivf --preset 10 --crf 52 --tune 1 --lp 0 --progress 1,0,/home/od26udiz/Desktop/c/Tuning-Mode-Analysis-for-SVT-AV1/SVT_AV1_Workspace/logs/meeting/a4_360p/BlueSky_360p25_v2__PSNR__p10__crf52__run1.log
1661c8c60223993d05a3,2026-09-21T10:24:09.187080+00:00,meeting,ok,a4_360p,BlueSky_360p25_v2.y4m,/home/od26udiz/Desktop/c/Tuning-Mode-Analysis-for-SVT-AV1/SVT_AV1_Workspace/data/source/a4_360p/BlueSky_360p25_v2.y4m,720p_or_lower,640,360,25.0,8,420mpeg2,44928819,722261f9e84578203ea9486673ffb274,443b20308b31fe53a479b832557b090ca7dce32a66d9105cac04dc78839d9607,PSNR,1,10,60,0,1,0,130,5.2,222,0.318899,584.588,135344128,129.074,/home/od26udiz/Desktop/c/Tuning-Mode-Analysis-for-SVT-AV1/SVT_AV1_Workspace/data/encoded/meeting/a4_360p/BlueSky_360p25_v2__PSNR__p10__crf60__run1.ivf,89915,138.33076923076922,e167d5aa66abea3ea526c69b2fa8028a,02c2e9902ba2c446dfcdd026ff0f945f5264f91b87dc76f705f74645e72bde85,/home/od26udiz/miniconda3/bin/SvtAv1EncApp -i /home/od26udiz/Desktop/c/Tuning-Mode-Analysis-for-SVT-AV1/SVT_AV1_Workspace/data/source/a4_360p/BlueSky_360p25_v2.y4m -b /home/od26udiz/Desktop/c/Tuning-Mode-Analysis-for-SVT-AV1/SVT_AV1_Workspace/data/encoded/meeting/a4_360p/BlueSky_360p25_v2__PSNR__p10__crf60__run1.ivf --preset 10 --crf 60 --tune 1 --lp 0 --progress 1,0,/home/od26udiz/Desktop/c/Tuning-Mode-Analysis-for-SVT-AV1/SVT_AV1_Workspace/logs/meeting/a4_360p/BlueSky_360p25_v2__PSNR__p10__crf60__run1.log
5ebad403352446fdc27a,2026-09-21T10:24:19.699361+00:00,meeting,ok,a4_360p,BlueSky_360p25_v2.y4m,/home/od26udiz/Desktop/c/Tuning-Mode-Analysis-for-SVT-AV1/SVT_AV1_Workspace/data/source/a4_360p/BlueSky_360p25_v2.y4m,720p_or_lower,640,360,25.0,8,420mpeg2,44928819,722261f9e84578203ea9486673ffb274,443b20308b31fe53a479b832557b090ca7dce32a66d9105cac04dc78839d9607,SSIM,2,1,18,0,1,0,130,5.2,10387,10.500872,12.516,299954176,286.059,/home/od26udiz/Desktop/c/Tuning-Mode-Analysis-for-SVT-AV1/SVT_AV1_Workspace/data/encoded/meeting/a4_360p/BlueSky_360p25_v2__SSIM__p1__crf18__run1.ivf,767216,1180.3323076923077,6cc3cf6ba71efc35aa97ad4ac55392fc,1426ce7624fbccadae22baea248a70cced3b679649c4c922945a1b53f0c78969,/home/od26udiz/miniconda3/bin/SvtAv1EncApp -i /home/od26udiz/Desktop/c/Tuning-Mode-Analysis-for-SVT-AV1/SVT_AV1_Workspace/data/source/a4_360p/BlueSky_360p25_v2.y4m -b /home/od26udiz/Desktop/c/Tuning-Mode-Analysis-for-SVT-AV1/SVT_AV1_Workspace/data/encoded/meeting/a4_360p/BlueSky_360p25_v2__SSIM__p1__crf18__run1.ivf --preset 1 --crf 18 --tune 2 --lp 0 --progress 1,0,/home/od26udiz/Desktop/c/Tuning-Mode-Analysis-for-SVT-AV1/SVT_AV1_Workspace/logs/meeting/a4_360p/BlueSky_360p25_v2__SSIM__p1__crf18__run1.log
fe6a49d474134fd23a60,2026-09-21T10:24:31.636204+00:00,meeting,ok,a4_360p,BlueSky_360p25_v2.y4m,/home/od26udiz/Desktop/c/Tuning-Mode-Analysis-for-SVT-AV1/SVT_AV1_Workspace/data/source/a4_360p/BlueSky_360p25_v2.y4m,720p_or_lower,640,360,25.0,8,420mpeg2,44928819,722261f9e84578203ea9486673ffb274,443b20308b31fe53a479b832557b090ca7dce32a66d9105cac04dc78839d9607,SSIM,2,1,26,0,1,0,130,5.2,11795,11.924444,11.021,313262080,298.75,/home/od26udiz/Desktop/c/Tuning-Mode-Analysis-for-SVT-AV1/SVT_AV1_Workspace/data/encoded/meeting/a4_360p/BlueSky_360p25_v2__SSIM__p1__crf26__run1.ivf,490921,755.2630769230768,e3e3a55d13e85e68b07f63af17561203,79378e66146846ce4843b26ec3b9cc1bcb97ef985e5e673cb47cb3787c45c628,/home/od26udiz/miniconda3/bin/SvtAv1EncApp -i /home/od26udiz/Desktop/c/Tuning-Mode-Analysis-for-SVT-AV1/SVT_AV1_Workspace/data/source/a4_360p/BlueSky_360p25_v2.y4m -b /home/od26udiz/Desktop/c/Tuning-Mode-Analysis-for-SVT-AV1/SVT_AV1_Workspace/data/encoded/meeting/a4_360p/BlueSky_360p25_v2__SSIM__p1__crf26__run1.ivf --preset 1 --crf 26 --tune 2 --lp 0 --progress 1,0,/home/od26udiz/Desktop/c/Tuning-Mode-Analysis-for-SVT-AV1/SVT_AV1_Workspace/logs/meeting/a4_360p/BlueSky_360p25_v2__SSIM__p1__crf26__run1.log
0624bb9f4a64f840f37d,2026-09-21T10:24:43.267864+00:00,meeting,ok,a4_360p,BlueSky_360p25_v2.y4m,/home/od26udiz/Desktop/c/Tuning-Mode-Analysis-for-SVT-AV1/SVT_AV1_Workspace/data/source/a4_360p/BlueSky_360p25_v2.y4m,720p_or_lower,640,360,25.0,8,420mpeg2,44928819,722261f9e84578203ea9486673ffb274,443b20308b31fe53a479b832557b090ca7dce32a66d9105cac04dc78839d9607,SSIM,2,1,35,0,1,0,130,5.2,11415,11.613516,11.389,326750208,311.613,/home/od26udiz/Desktop/c/Tuning-Mode-Analysis-for-SVT-AV1/SVT_AV1_Workspace/data/encoded/meeting/a4_360p/BlueSky_360p25_v2__SSIM__p1__crf35__run1.ivf,297360,457.4769230769231,853c3fbf0e735d838ab12acb008e0a3c,ba2865369abfd264ae7c6789f3982b3e888be65b72593ea9fafad64cd3e274d0,/home/od26udiz/miniconda3/bin/SvtAv1EncApp -i /home/od26udiz/Desktop/c/Tuning-Mode-Analysis-for-SVT-AV1/SVT_AV1_Workspace/data/source/a4_360p/BlueSky_360p25_v2.y4m -b /home/od26udiz/Desktop/c/Tuning-Mode-Analysis-for-SVT-AV1/SVT_AV1_Workspace/data/encoded/meeting/a4_360p/BlueSky_360p25_v2__SSIM__p1__crf35__run1.ivf --preset 1 --crf 35 --tune 2 --lp 0 --progress 1,0,/home/od26udiz/Desktop/c/Tuning-Mode-Analysis-for-SVT-AV1/SVT_AV1_Workspace/logs/meeting/a4_360p/BlueSky_360p25_v2__SSIM__p1__crf35__run1.log
88a139ff04d0e457de2e,2026-09-21T10:24:55.294802+00:00,meeting,ok,a4_360p,BlueSky_360p25_v2.y4m,/home/od26udiz/Desktop/c/Tuning-Mode-Analysis-for-SVT-AV1/SVT_AV1_Workspace/data/source/a4_360p/BlueSky_360p25_v2.y4m,720p_or_lower,640,360,25.0,8,420mpeg2,44928819,722261f9e84578203ea9486673ffb274,443b20308b31fe53a479b832557b090ca7dce32a66d9105cac04dc78839d9607,SSIM,2,1,44,0,1,0,130,5.2,11911,12.01281,10.915,341458944,325.641,/home/od26udiz/Desktop/c/Tuning-Mode-Analysis-for-SVT-AV1/SVT_AV1_Workspace/data/encoded/meeting/a4_360p/BlueSky_360p25_v2__SSIM__p1__crf44__run1.ivf,190311,292.7861538461538,7d110fc4f7c50bdf350aaaea41183faf,fbc133042c5ece6038a009a2d01008d3be4c0ef930dfcf6b00b32a9fc089413d,/home/od26udiz/miniconda3/bin/SvtAv1EncApp -i /home/od26udiz/Desktop/c/Tuning-Mode-Analysis-for-SVT-AV1/SVT_AV1_Workspace/data/source/a4_360p/BlueSky_360p25_v2.y4m -b /home/od26udiz/Desktop/c/Tuning-Mode-Analysis-for-SVT-AV1/SVT_AV1_Workspace/data/encoded/meeting/a4_360p/BlueSky_360p25_v2__SSIM__p1__crf44__run1.ivf --preset 1 --crf 44 --tune 2 --lp 0 --progress 1,0,/home/od26udiz/Desktop/c/Tuning-Mode-Analysis-for-SVT-AV1/SVT_AV1_Workspace/logs/meeting/a4_360p/BlueSky_360p25_v2__SSIM__p1__crf44__run1.log
d7c1d0c62e3437cdd119,2026-09-21T10:25:09.569209+00:00,meeting,ok,a4_360p,BlueSky_360p25_v2.y4m,/home/od26udiz/Desktop/c/Tuning-Mode-Analysis-for-SVT-AV1/SVT_AV1_Workspace/data/source/a4_360p/BlueSky_360p25_v2.y4m,720p_or_lower,640,360,25.0,8,420mpeg2,44928819,722261f9e84578203ea9486673ffb274,443b20308b31fe53a479b832557b090ca7dce32a66d9105cac04dc78839d9607,SSIM,2,1,52,0,1,0,130,5.2,14121,14.263067,9.206,348880896,332.719,/home/od26udiz/Desktop/c/Tuning-Mode-Analysis-for-SVT-AV1/SVT_AV1_Workspace/data/encoded/meeting/a4_360p/BlueSky_360p25_v2__SSIM__p1__crf52__run1.ivf,126895,195.22307692307692,404d24c94f0e856bc42640c5c0a4f144,781ea0b493ed2a6a242fabb37c8ba90f28e5fd45357dcab85a613ee5aadc8780,/home/od26udiz/miniconda3/bin/SvtAv1EncApp -i /home/od26udiz/Desktop/c/Tuning-Mode-Analysis-for-SVT-AV1/SVT_AV1_Workspace/data/source/a4_360p/BlueSky_360p25_v2.y4m -b /home/od26udiz/Desktop/c/Tuning-Mode-Analysis-for-SVT-AV1/SVT_AV1_Workspace/data/encoded/meeting/a4_360p/BlueSky_360p25_v2__SSIM__p1__crf52__run1.ivf --preset 1 --crf 52 --tune 2 --lp 0 --progress 1,0,/home/od26udiz/Desktop/c/Tuning-Mode-Analysis-for-SVT-AV1/SVT_AV1_Workspace/logs/meeting/a4_360p/BlueSky_360p25_v2__SSIM__p1__crf52__run1.log
99f08410f81e560905e3,2026-09-21T10:25:31.063816+00:00,meeting,ok,a4_360p,BlueSky_360p25_v2.y4m,/home/od26udiz/Desktop/c/Tuning-Mode-Analysis-for-SVT-AV1/SVT_AV1_Workspace/data/source/a4_360p/BlueSky_360p25_v2.y4m,720p_or_lower,640,360,25.0,8,420mpeg2,44928819,722261f9e84578203ea9486673ffb274,443b20308b31fe53a479b832557b090ca7dce32a66d9105cac04dc78839d9607,SSIM,2,1,60,0,1,0,130,5.2,21367,21.481956,6.084,481300480,459.004,/home/od26udiz/Desktop/c/Tuning-Mode-Analysis-for-SVT-AV1/SVT_AV1_Workspace/data/encoded/meeting/a4_360p/BlueSky_360p25_v2__SSIM__p1__crf60__run1.ivf,67376,103.6553846153846,fc83395f9dc3323ec5bf719708394916,aee4391acbc7b8c8b19780657bb5287ee0db3814bf071e9c784c4254bafdf9ee,/home/od26udiz/miniconda3/bin/SvtAv1EncApp -i /home/od26udiz/Desktop/c/Tuning-Mode-Analysis-for-SVT-AV1/SVT_AV1_Workspace/data/source/a4_360p/BlueSky_360p25_v2.y4m -b /home/od26udiz/Desktop/c/Tuning-Mode-Analysis-for-SVT-AV1/SVT_AV1_Workspace/data/encoded/meeting/a4_360p/BlueSky_360p25_v2__SSIM__p1__crf60__run1.ivf --preset 1 --crf 60 --tune 2 --lp 0 --progress 1,0,/home/od26udiz/Desktop/c/Tuning-Mode-Analysis-for-SVT-AV1/SVT_AV1_Workspace/logs/meeting/a4_360p/BlueSky_360p25_v2__SSIM__p1__crf60__run1.log
ee8758481c41a1f0e7aa,2026-09-21T10:25:31.394127+00:00,meeting,ok,a4_360p,BlueSky_360p25_v2.y4m,/home/od26udiz/Desktop/c/Tuning-Mode-Analysis-for-SVT-AV1/SVT_AV1_Workspace/data/source/a4_360p/BlueSky_360p25_v2.y4m,720p_or_lower,640,360,25.0,8,420mpeg2,44928819,722261f9e84578203ea9486673ffb274,443b20308b31fe53a479b832557b090ca7dce32a66d9105cac04dc78839d9607,SSIM,2,10,18,0,1,0,130,5.2,239,0.317826,543.428,141856768,135.285,/home/od26udiz/Desktop/c/Tuning-Mode-Analysis-for-SVT-AV1/SVT_AV1_Workspace/data/encoded/meeting/a4_360p/BlueSky_360p25_v2__SSIM__p10__crf18__run1.ivf,1742268,2680.4123076923074,2a0dc27d450b2cf06abca17515a8e917,d7fdcc7701bf2df6a450e846393d0261a5369336cda031fcc2454515f08a9160,/home/od26udiz/miniconda3/bin/SvtAv1EncApp -i /home/od26udiz/Desktop/c/Tuning-Mode-Analysis-for-SVT-AV1/SVT_AV1_Workspace/data/source/a4_360p/BlueSky_360p25_v2.y4m -b /home/od26udiz/Desktop/c/Tuning-Mode-Analysis-for-SVT-AV1/SVT_AV1_Workspace/data/encoded/meeting/a4_360p/BlueSky_360p25_v2__SSIM__p10__crf18__run1.ivf --preset 10 --crf 18 --tune 2 --lp 0 --progress 1,0,/home/od26udiz/Desktop/c/Tuning-Mode-Analysis-for-SVT-AV1/SVT_AV1_Workspace/logs/meeting/a4_360p/BlueSky_360p25_v2__SSIM__p10__crf18__run1.log
a3470b682dd1864a0334,2026-09-21T10:25:31.760889+00:00,meeting,ok,a4_360p,BlueSky_360p25_v2.y4m,/home/od26udiz/Desktop/c/Tuning-Mode-Analysis-for-SVT-AV1/SVT_AV1_Workspace/data/source/a4_360p/BlueSky_360p25_v2.y4m,720p_or_lower,640,360,25.0,8,420mpeg2,44928819,722261f9e84578203ea9486673ffb274,443b20308b31fe53a479b832557b090ca7dce32a66d9105cac04dc78839d9607,SSIM,2,10,26,0,1,0,130,5.2,226,0.334085,575.828,140570624,134.059,/home/od26udiz/Desktop/c/Tuning-Mode-Analysis-for-SVT-AV1/SVT_AV1_Workspace/data/encoded/meeting/a4_360p/BlueSky_360p25_v2__SSIM__p10__crf26__run1.ivf,1020962,1570.7107692307693,da2249a69f6adf0b1bbdab18bea98ba7,e7b00e000be0c71940737762c5c925a512adbb5aacaa736b6d95c6c4fe44dc1a,/home/od26udiz/miniconda3/bin/SvtAv1EncApp -i /home/od26udiz/Desktop/c/Tuning-Mode-Analysis-for-SVT-AV1/SVT_AV1_Workspace/data/source/a4_360p/BlueSky_360p25_v2.y4m -b /home/od26udiz/Desktop/c/Tuning-Mode-Analysis-for-SVT-AV1/SVT_AV1_Workspace/data/encoded/meeting/a4_360p/BlueSky_360p25_v2__SSIM__p10__crf26__run1.ivf --preset 10 --crf 26 --tune 2 --lp 0 --progress 1,0,/home/od26udiz/Desktop/c/Tuning-Mode-Analysis-for-SVT-AV1/SVT_AV1_Workspace/logs/meeting/a4_360p/BlueSky_360p25_v2__SSIM__p10__crf26__run1.log
5171630860bb6ae53b7d,2026-09-21T10:25:32.094356+00:00,meeting,ok,a4_360p,BlueSky_360p25_v2.y4m,/home/od26udiz/Desktop/c/Tuning-Mode-Analysis-for-SVT-AV1/SVT_AV1_Workspace/data/source/a4_360p/BlueSky_360p25_v2.y4m,720p_or_lower,640,360,25.0,8,420mpeg2,44928819,722261f9e84578203ea9486673ffb274,443b20308b31fe53a479b832557b090ca7dce32a66d9105cac04dc78839d9607,SSIM,2,10,35,0,1,0,130,5.2,208,0.320409,625.647,141971456,135.395,/home/od26udiz/Desktop/c/Tuning-Mode-Analysis-for-SVT-AV1/SVT_AV1_Workspace/data/encoded/meeting/a4_360p/BlueSky_360p25_v2__SSIM__p10__crf35__run1.ivf,484314,745.0984615384615,8214231a52cba5fe121ee4f668345d12,289ff0b7bc4972380628a98cb4706e20e0eca4191946bb68029d78cea50ed36b,/home/od26udiz/miniconda3/bin/SvtAv1EncApp -i /home/od26udiz/Desktop/c/Tuning-Mode-Analysis-for-SVT-AV1/SVT_AV1_Workspace/data/source/a4_360p/BlueSky_360p25_v2.y4m -b /home/od26udiz/Desktop/c/Tuning-Mode-Analysis-for-SVT-AV1/SVT_AV1_Workspace/data/encoded/meeting/a4_360p/BlueSky_360p25_v2__SSIM__p10__crf35__run1.ivf --preset 10 --crf 35 --tune 2 --lp 0 --progress 1,0,/home/od26udiz/Desktop/c/Tuning-Mode-Analysis-for-SVT-AV1/SVT_AV1_Workspace/logs/meeting/a4_360p/BlueSky_360p25_v2__SSIM__p10__crf35__run1.log
ab26dd197f34fc872084,2026-09-21T10:25:32.434649+00:00,meeting,ok,a4_360p,BlueSky_360p25_v2.y4m,/home/od26udiz/Desktop/c/Tuning-Mode-Analysis-for-SVT-AV1/SVT_AV1_Workspace/data/source/a4_360p/BlueSky_360p25_v2.y4m,720p_or_lower,640,360,25.0,8,420mpeg2,44928819,722261f9e84578203ea9486673ffb274,443b20308b31fe53a479b832557b090ca7dce32a66d9105cac04dc78839d9607,SSIM,2,10,44,0,1,0,130,5.2,232,0.322777,560.231,138661888,132.238,/home/od26udiz/Desktop/c/Tuning-Mode-Analysis-for-SVT-AV1/SVT_AV1_Workspace/data/encoded/meeting/a4_360p/BlueSky_360p25_v2__SSIM__p10__crf44__run1.ivf,218706,336.4707692307692,de4f04b75dbd499e99fd38c6a606214e,152257994f272a555230536c097bf30b09e4ef30ee78ef3223c262db20bacc46,/home/od26udiz/miniconda3/bin/SvtAv1EncApp -i /home/od26udiz/Desktop/c/Tuning-Mode-Analysis-for-SVT-AV1/SVT_AV1_Workspace/data/source/a4_360p/BlueSky_360p25_v2.y4m -b /home/od26udiz/Desktop/c/Tuning-Mode-Analysis-for-SVT-AV1/SVT_AV1_Workspace/data/encoded/meeting/a4_360p/BlueSky_360p25_v2__SSIM__p10__crf44__run1.ivf --preset 10 --crf 44 --tune 2 --lp 0 --progress 1,0,/home/od26udiz/Desktop/c/Tuning-Mode-Analysis-for-SVT-AV1/SVT_AV1_Workspace/logs/meeting/a4_360p/BlueSky_360p25_v2__SSIM__p10__crf44__run1.log
d397cc519f832d451023,2026-09-21T10:25:32.783260+00:00,meeting,ok,a4_360p,BlueSky_360p25_v2.y4m,/home/od26udiz/Desktop/c/Tuning-Mode-Analysis-for-SVT-AV1/SVT_AV1_Workspace/data/source/a4_360p/BlueSky_360p25_v2.y4m,720p_or_lower,640,360,25.0,8,420mpeg2,44928819,722261f9e84578203ea9486673ffb274,443b20308b31fe53a479b832557b090ca7dce32a66d9105cac04dc78839d9607,SSIM,2,10,52,0,1,0,130,5.2,250,0.336699,519.153,135274496,129.008,/home/od26udiz/Desktop/c/Tuning-Mode-Analysis-for-SVT-AV1/SVT_AV1_Workspace/data/encoded/meeting/a4_360p/BlueSky_360p25_v2__SSIM__p10__crf52__run1.ivf,134144,206.3753846153846,cdf1650d30e08e79e0c017f218aabe02,ca017d3a538e4e68d54a2e45105f15e7ec761946e835f78de85c5bcb546dff99,/home/od26udiz/miniconda3/bin/SvtAv1EncApp -i /home/od26udiz/Desktop/c/Tuning-Mode-Analysis-for-SVT-AV1/SVT_AV1_Workspace/data/source/a4_360p/BlueSky_360p25_v2.y4m -b /home/od26udiz/Desktop/c/Tuning-Mode-Analysis-for-SVT-AV1/SVT_AV1_Workspace/data/encoded/meeting/a4_360p/BlueSky_360p25_v2__SSIM__p10__crf52__run1.ivf --preset 10 --crf 52 --tune 2 --lp 0 --progress 1,0,/home/od26udiz/Desktop/c/Tuning-Mode-Analysis-for-SVT-AV1/SVT_AV1_Workspace/logs/meeting/a4_360p/BlueSky_360p25_v2__SSIM__p10__crf52__run1.log
e2899321778d55b4016f,2026-09-21T10:25:33.107763+00:00,meeting,ok,a4_360p,BlueSky_360p25_v2.y4m,/home/od26udiz/Desktop/c/Tuning-Mode-Analysis-for-SVT-AV1/SVT_AV1_Workspace/data/source/a4_360p/BlueSky_360p25_v2.y4m,720p_or_lower,640,360,25.0,8,420mpeg2,44928819,722261f9e84578203ea9486673ffb274,443b20308b31fe53a479b832557b090ca7dce32a66d9105cac04dc78839d9607,SSIM,2,10,60,0,1,0,130,5.2,224,0.317248,581.567,135700480,129.414,/home/od26udiz/Desktop/c/Tuning-Mode-Analysis-for-SVT-AV1/SVT_AV1_Workspace/data/encoded/meeting/a4_360p/BlueSky_360p25_v2__SSIM__p10__crf60__run1.ivf,75377,115.96461538461537,fb525282951b8422880c4be6cd23303e,f558d417f5e7551bfb6243e1e6995c3ea5b697de3598bfd707a9aab62012baab,/home/od26udiz/miniconda3/bin/SvtAv1EncApp -i /home/od26udiz/Desktop/c/Tuning-Mode-Analysis-for-SVT-AV1/SVT_AV1_Workspace/data/source/a4_360p/BlueSky_360p25_v2.y4m -b /home/od26udiz/Desktop/c/Tuning-Mode-Analysis-for-SVT-AV1/SVT_AV1_Workspace/data/encoded/meeting/a4_360p/BlueSky_360p25_v2__SSIM__p10__crf60__run1.ivf --preset 10 --crf 60 --tune 2 --lp 0 --progress 1,0,/home/od26udiz/Desktop/c/Tuning-Mode-Analysis-for-SVT-AV1/SVT_AV1_Workspace/logs/meeting/a4_360p/BlueSky_360p25_v2__SSIM__p10__crf60__run1.log
cd7b75bbc7845664514a,2026-09-21T10:25:43.885751+00:00,meeting,ok,a4_360p,BlueSky_360p25_v2.y4m,/home/od26udiz/Desktop/c/Tuning-Mode-Analysis-for-SVT-AV1/SVT_AV1_Workspace/data/source/a4_360p/BlueSky_360p25_v2.y4m,720p_or_lower,640,360,25.0,8,420mpeg2,44928819,722261f9e84578203ea9486673ffb274,443b20308b31fe53a479b832557b090ca7dce32a66d9105cac04dc78839d9607,MS_SSIM,4,1,18,0,1,0,130,5.2,10586,10.769332,12.28,310063104,295.699,/home/od26udiz/Desktop/c/Tuning-Mode-Analysis-for-SVT-AV1/SVT_AV1_Workspace/data/encoded/meeting/a4_360p/BlueSky_360p25_v2__MS_SSIM__p1__crf18__run1.ivf,981296,1509.6861538461537,ec5cce729f64f7156898f794aac9c4e9,e57dd87a4d6fbbc3f214d0b52d4d62bd9305994c5cdde4e233e9b83842e7fe8e,/home/od26udiz/miniconda3/bin/SvtAv1EncApp -i /home/od26udiz/Desktop/c/Tuning-Mode-Analysis-for-SVT-AV1/SVT_AV1_Workspace/data/source/a4_360p/BlueSky_360p25_v2.y4m -b /home/od26udiz/Desktop/c/Tuning-Mode-Analysis-for-SVT-AV1/SVT_AV1_Workspace/data/encoded/meeting/a4_360p/BlueSky_360p25_v2__MS_SSIM__p1__crf18__run1.ivf --preset 1 --crf 18 --tune 4 --lp 0 --progress 1,0,/home/od26udiz/Desktop/c/Tuning-Mode-Analysis-for-SVT-AV1/SVT_AV1_Workspace/logs/meeting/a4_360p/BlueSky_360p25_v2__MS_SSIM__p1__crf18__run1.log
ec6480d7ec5e793f35b2,2026-09-21T10:25:55.729532+00:00,meeting,ok,a4_360p,BlueSky_360p25_v2.y4m,/home/od26udiz/Desktop/c/Tuning-Mode-Analysis-for-SVT-AV1/SVT_AV1_Workspace/data/source/a4_360p/BlueSky_360p25_v2.y4m,720p_or_lower,640,360,25.0,8,420mpeg2,44928819,722261f9e84578203ea9486673ffb274,443b20308b31fe53a479b832557b090ca7dce32a66d9105cac04dc78839d9607,MS_SSIM,4,1,26,0,1,0,130,5.2,11630,11.822995,11.178,318857216,304.086,/home/od26udiz/Desktop/c/Tuning-Mode-Analysis-for-SVT-AV1/SVT_AV1_Workspace/data/encoded/meeting/a4_360p/BlueSky_360p25_v2__MS_SSIM__p1__crf26__run1.ivf,647798,996.6123076923076,41a9c7982c144a0d6033930c22fced29,29642bc4e52b2050f25032a8c823f47e3fb029d2b3fc514f2e16868e96cbae5b,/home/od26udiz/miniconda3/bin/SvtAv1EncApp -i /home/od26udiz/Desktop/c/Tuning-Mode-Analysis-for-SVT-AV1/SVT_AV1_Workspace/data/source/a4_360p/BlueSky_360p25_v2.y4m -b /home/od26udiz/Desktop/c/Tuning-Mode-Analysis-for-SVT-AV1/SVT_AV1_Workspace/data/encoded/meeting/a4_360p/BlueSky_360p25_v2__MS_SSIM__p1__crf26__run1.ivf --preset 1 --crf 26 --tune 4 --lp 0 --progress 1,0,/home/od26udiz/Desktop/c/Tuning-Mode-Analysis-for-SVT-AV1/SVT_AV1_Workspace/logs/meeting/a4_360p/BlueSky_360p25_v2__MS_SSIM__p1__crf26__run1.log
646b2de49d3fee03ab26,2026-09-21T10:26:08.092155+00:00,meeting,ok,a4_360p,BlueSky_360p25_v2.y4m,/home/od26udiz/Desktop/c/Tuning-Mode-Analysis-for-SVT-AV1/SVT_AV1_Workspace/data/source/a4_360p/BlueSky_360p25_v2.y4m,720p_or_lower,640,360,25.0,8,420mpeg2,44928819,722261f9e84578203ea9486673ffb274,443b20308b31fe53a479b832557b090ca7dce32a66d9105cac04dc78839d9607,MS_SSIM,4,1,35,0,1,0,130,5.2,12221,12.350585,10.637,331595776,316.234,/home/od26udiz/Desktop/c/Tuning-Mode-Analysis-for-SVT-AV1/SVT_AV1_Workspace/data/encoded/meeting/a4_360p/BlueSky_360p25_v2__MS_SSIM__p1__crf35__run1.ivf,405321,623.5707692307692,f9f36411b63beb7f28bf466d3fee38d1,2ad4f39ba5978c71e4d408d6d054891bca5cf0642409dae218358e4e5ced63a5,/home/od26udiz/miniconda3/bin/SvtAv1EncApp -i /home/od26udiz/Desktop/c/Tuning-Mode-Analysis-for-SVT-AV1/SVT_AV1_Workspace/data/source/a4_360p/BlueSky_360p25_v2.y4m -b /home/od26udiz/Desktop/c/Tuning-Mode-Analysis-for-SVT-AV1/SVT_AV1_Workspace/data/encoded/meeting/a4_360p/BlueSky_360p25_v2__MS_SSIM__p1__crf35__run1.ivf --preset 1 --crf 35 --tune 4 --lp 0 --progress 1,0,/home/od26udiz/Desktop/c/Tuning-Mode-Analysis-for-SVT-AV1/SVT_AV1_Workspace/logs/meeting/a4_360p/BlueSky_360p25_v2__MS_SSIM__p1__crf35__run1.log
2aff286e47f178cf6af6,2026-09-21T10:26:20.865026+00:00,meeting,ok,a4_360p,BlueSky_360p25_v2.y4m,/home/od26udiz/Desktop/c/Tuning-Mode-Analysis-for-SVT-AV1/SVT_AV1_Workspace/data/source/a4_360p/BlueSky_360p25_v2.y4m,720p_or_lower,640,360,25.0,8,420mpeg2,44928819,722261f9e84578203ea9486673ffb274,443b20308b31fe53a479b832557b090ca7dce32a66d9105cac04dc78839d9607,MS_SSIM,4,1,44,0,1,0,130,5.2,12639,12.761167,10.286,342913024,327.027,/home/od26udiz/Desktop/c/Tuning-Mode-Analysis-for-SVT-AV1/SVT_AV1_Workspace/data/encoded/meeting/a4_360p/BlueSky_360p25_v2__MS_SSIM__p1__crf44__run1.ivf,265264,408.0984615384615,d7dd0badb2fc3b8cad9af9d49dd276d8,1f803d7cba436c935f764c93e7516da48ba4bc0ada626724fd63dc4a63bb5b32,/home/od26udiz/miniconda3/bin/SvtAv1EncApp -i /home/od26udiz/Desktop/c/Tuning-Mode-Analysis-for-SVT-AV1/SVT_AV1_Workspace/data/source/a4_360p/BlueSky_360p25_v2.y4m -b /home/od26udiz/Desktop/c/Tuning-Mode-Analysis-for-SVT-AV1/SVT_AV1_Workspace/data/encoded/meeting/a4_360p/BlueSky_360p25_v2__MS_SSIM__p1__crf44__run1.ivf --preset 1 --crf 44 --tune 4 --lp 0 --progress 1,0,/home/od26udiz/Desktop/c/Tuning-Mode-Analysis-for-SVT-AV1/SVT_AV1_Workspace/logs/meeting/a4_360p/BlueSky_360p25_v2__MS_SSIM__p1__crf44__run1.log
14c7185daac8c54c35a8,2026-09-21T10:26:34.473452+00:00,meeting,ok,a4_360p,BlueSky_360p25_v2.y4m,/home/od26udiz/Desktop/c/Tuning-Mode-Analysis-for-SVT-AV1/SVT_AV1_Workspace/data/source/a4_360p/BlueSky_360p25_v2.y4m,720p_or_lower,640,360,25.0,8,420mpeg2,44928819,722261f9e84578203ea9486673ffb274,443b20308b31fe53a479b832557b090ca7dce32a66d9105cac04dc78839d9607,MS_SSIM,4,1,52,0,1,0,130,5.2,13406,13.596429,9.697,346660864,330.602,/home/od26udiz/Desktop/c/Tuning-Mode-Analysis-for-SVT-AV1/SVT_AV1_Workspace/data/encoded/meeting/a4_360p/BlueSky_360p25_v2__MS_SSIM__p1__crf52__run1.ivf,179744,276.52923076923076,d42eab8b18a2c03f1f5732827952430a,66475a567f2363fe5c15653bc8ecb90aef2259646669a511593fa67679f3be1a,/home/od26udiz/miniconda3/bin/SvtAv1EncApp -i /home/od26udiz/Desktop/c/Tuning-Mode-Analysis-for-SVT-AV1/SVT_AV1_Workspace/data/source/a4_360p/BlueSky_360p25_v2.y4m -b /home/od26udiz/Desktop/c/Tuning-Mode-Analysis-for-SVT-AV1/SVT_AV1_Workspace/data/encoded/meeting/a4_360p/BlueSky_360p25_v2__MS_SSIM__p1__crf52__run1.ivf --preset 1 --crf 52 --tune 4 --lp 0 --progress 1,0,/home/od26udiz/Desktop/c/Tuning-Mode-Analysis-for-SVT-AV1/SVT_AV1_Workspace/logs/meeting/a4_360p/BlueSky_360p25_v2__MS_SSIM__p1__crf52__run1.log
29bc73d8baf74ff59a93,2026-09-21T10:26:49.680866+00:00,meeting,ok,a4_360p,BlueSky_360p25_v2.y4m,/home/od26udiz/Desktop/c/Tuning-Mode-Analysis-for-SVT-AV1/SVT_AV1_Workspace/data/source/a4_360p/BlueSky_360p25_v2.y4m,720p_or_lower,640,360,25.0,8,420mpeg2,44928819,722261f9e84578203ea9486673ffb274,443b20308b31fe53a479b832557b090ca7dce32a66d9105cac04dc78839d9607,MS_SSIM,4,1,60,0,1,0,130,5.2,15043,15.196535,8.642,333398016,317.953,/home/od26udiz/Desktop/c/Tuning-Mode-Analysis-for-SVT-AV1/SVT_AV1_Workspace/data/encoded/meeting/a4_360p/BlueSky_360p25_v2__MS_SSIM__p1__crf60__run1.ivf,96015,147.71538461538464,a99072c2e2b2c5fa7f8e8002d20fe196,dd22111fce3548fa4cab26639c013b8e3400e8130124b152bc9cb5c5b61deb36,/home/od26udiz/miniconda3/bin/SvtAv1EncApp -i /home/od26udiz/Desktop/c/Tuning-Mode-Analysis-for-SVT-AV1/SVT_AV1_Workspace/data/source/a4_360p/BlueSky_360p25_v2.y4m -b /home/od26udiz/Desktop/c/Tuning-Mode-Analysis-for-SVT-AV1/SVT_AV1_Workspace/data/encoded/meeting/a4_360p/BlueSky_360p25_v2__MS_SSIM__p1__crf60__run1.ivf --preset 1 --crf 60 --tune 4 --lp 0 --progress 1,0,/home/od26udiz/Desktop/c/Tuning-Mode-Analysis-for-SVT-AV1/SVT_AV1_Workspace/logs/meeting/a4_360p/BlueSky_360p25_v2__MS_SSIM__p1__crf60__run1.log
29e03f5169afbf41e3f2,2026-09-21T10:26:50.134917+00:00,meeting,ok,a4_360p,BlueSky_360p25_v2.y4m,/home/od26udiz/Desktop/c/Tuning-Mode-Analysis-for-SVT-AV1/SVT_AV1_Workspace/data/source/a4_360p/BlueSky_360p25_v2.y4m,720p_or_lower,640,360,25.0,8,420mpeg2,44928819,722261f9e84578203ea9486673ffb274,443b20308b31fe53a479b832557b090ca7dce32a66d9105cac04dc78839d9607,MS_SSIM,4,10,18,0,1,0,130,5.2,271,0.440508,480.063,140574720,134.062,/home/od26udiz/Desktop/c/Tuning-Mode-Analysis-for-SVT-AV1/SVT_AV1_Workspace/data/encoded/meeting/a4_360p/BlueSky_360p25_v2__MS_SSIM__p10__crf18__run1.ivf,1580870,2432.107692307692,f5b768ad2cd8fa0bc6e63c0dfd28a118,c22d5c82b3409bf0bae51a4f161a364bb892be63e8d08e3d7b0ef52df4b952b4,/home/od26udiz/miniconda3/bin/SvtAv1EncApp -i /home/od26udiz/Desktop/c/Tuning-Mode-Analysis-for-SVT-AV1/SVT_AV1_Workspace/data/source/a4_360p/BlueSky_360p25_v2.y4m -b /home/od26udiz/Desktop/c/Tuning-Mode-Analysis-for-SVT-AV1/SVT_AV1_Workspace/data/encoded/meeting/a4_360p/BlueSky_360p25_v2__MS_SSIM__p10__crf18__run1.ivf --preset 10 --crf 18 --tune 4 --lp 0 --progress 1,0,/home/od26udiz/Desktop/c/Tuning-Mode-Analysis-for-SVT-AV1/SVT_AV1_Workspace/logs/meeting/a4_360p/BlueSky_360p25_v2__MS_SSIM__p10__crf18__run1.log
5d17a2e3ce3008332333,2026-09-21T10:26:50.602959+00:00,meeting,ok,a4_360p,BlueSky_360p25_v2.y4m,/home/od26udiz/Desktop/c/Tuning-Mode-Analysis-for-SVT-AV1/SVT_AV1_Workspace/data/source/a4_360p/BlueSky_360p25_v2.y4m,720p_or_lower,640,360,25.0,8,420mpeg2,44928819,722261f9e84578203ea9486673ffb274,443b20308b31fe53a479b832557b090ca7dce32a66d9105cac04dc78839d9607,MS_SSIM,4,10,26,0,1,0,130,5.2,263,0.438404,494.914,141004800,134.473,/home/od26udiz/Desktop/c/Tuning-Mode-Analysis-for-SVT-AV1/SVT_AV1_Workspace/data/encoded/meeting/a4_360p/BlueSky_360p25_v2__MS_SSIM__p10__crf26__run1.ivf,990929,1524.5061538461537,8f0e0112d6082924c08463199ef9e796,8a8cef846e0dc0a195272eef2839e760df05e20513f8d7e83304211a517a1eed,/home/od26udiz/miniconda3/bin/SvtAv1EncApp -i /home/od26udiz/Desktop/c/Tuning-Mode-Analysis-for-SVT-AV1/SVT_AV1_Workspace/data/source/a4_360p/BlueSky_360p25_v2.y4m -b /home/od26udiz/Desktop/c/Tuning-Mode-Analysis-for-SVT-AV1/SVT_AV1_Workspace/data/encoded/meeting/a4_360p/BlueSky_360p25_v2__MS_SSIM__p10__crf26__run1.ivf --preset 10 --crf 26 --tune 4 --lp 0 --progress 1,0,/home/od26udiz/Desktop/c/Tuning-Mode-Analysis-for-SVT-AV1/SVT_AV1_Workspace/logs/meeting/a4_360p/BlueSky_360p25_v2__MS_SSIM__p10__crf26__run1.log
2a2ddb6fc016b124256e,2026-09-21T10:26:50.955160+00:00,meeting,ok,a4_360p,BlueSky_360p25_v2.y4m,/home/od26udiz/Desktop/c/Tuning-Mode-Analysis-for-SVT-AV1/SVT_AV1_Workspace/data/source/a4_360p/BlueSky_360p25_v2.y4m,720p_or_lower,640,360,25.0,8,420mpeg2,44928819,722261f9e84578203ea9486673ffb274,443b20308b31fe53a479b832557b090ca7dce32a66d9105cac04dc78839d9607,MS_SSIM,4,10,35,0,1,0,130,5.2,253,0.336484,513.54,139128832,132.684,/home/od26udiz/Desktop/c/Tuning-Mode-Analysis-for-SVT-AV1/SVT_AV1_Workspace/data/encoded/meeting/a4_360p/BlueSky_360p25_v2__MS_SSIM__p10__crf35__run1.ivf,523840,805.9076923076923,c21889c5e1338cf08ea13942375be026,5cdeb273e72d677ae740f3509de8fd447033ab137502a089097eddb7d0ba143c,/home/od26udiz/miniconda3/bin/SvtAv1EncApp -i /home/od26udiz/Desktop/c/Tuning-Mode-Analysis-for-SVT-AV1/SVT_AV1_Workspace/data/source/a4_360p/BlueSky_360p25_v2.y4m -b /home/od26udiz/Desktop/c/Tuning-Mode-Analysis-for-SVT-AV1/SVT_AV1_Workspace/data/encoded/meeting/a4_360p/BlueSky_360p25_v2__MS_SSIM__p10__crf35__run1.ivf --preset 10 --crf 35 --tune 4 --lp 0 --progress 1,0,/home/od26udiz/Desktop/c/Tuning-Mode-Analysis-for-SVT-AV1/SVT_AV1_Workspace/logs/meeting/a4_360p/BlueSky_360p25_v2__MS_SSIM__p10__crf35__run1.log
76650f95ac7b0aed3612,2026-09-21T10:26:51.283183+00:00,meeting,ok,a4_360p,BlueSky_360p25_v2.y4m,/home/od26udiz/Desktop/c/Tuning-Mode-Analysis-for-SVT-AV1/SVT_AV1_Workspace/data/source/a4_360p/BlueSky_360p25_v2.y4m,720p_or_lower,640,360,25.0,8,420mpeg2,44928819,722261f9e84578203ea9486673ffb274,443b20308b31fe53a479b832557b090ca7dce32a66d9105cac04dc78839d9607,MS_SSIM,4,10,44,0,1,0,130,5.2,242,0.317908,536.771,139563008,133.098,/home/od26udiz/Desktop/c/Tuning-Mode-Analysis-for-SVT-AV1/SVT_AV1_Workspace/data/encoded/meeting/a4_360p/BlueSky_360p25_v2__MS_SSIM__p10__crf44__run1.ivf,278724,428.8061538461538,9a6113256de2c9692534e6c6cd2d01ca,45469de063e622fb6b894c09e7cc49a1d941e063c5170401a4ad79150a477550,/home/od26udiz/miniconda3/bin/SvtAv1EncApp -i /home/od26udiz/Desktop/c/Tuning-Mode-Analysis-for-SVT-AV1/SVT_AV1_Workspace/data/source/a4_360p/BlueSky_360p25_v2.y4m -b /home/od26udiz/Desktop/c/Tuning-Mode-Analysis-for-SVT-AV1/SVT_AV1_Workspace/data/encoded/meeting/a4_360p/BlueSky_360p25_v2__MS_SSIM__p10__crf44__run1.ivf --preset 10 --crf 44 --tune 4 --lp 0 --progress 1,0,/home/od26udiz/Desktop/c/Tuning-Mode-Analysis-for-SVT-AV1/SVT_AV1_Workspace/logs/meeting/a4_360p/BlueSky_360p25_v2__MS_SSIM__p10__crf44__run1.log
515f8691dff7ed2e0a7c,2026-09-21T10:26:51.740130+00:00,meeting,ok,a4_360p,BlueSky_360p25_v2.y4m,/home/od26udiz/Desktop/c/Tuning-Mode-Analysis-for-SVT-AV1/SVT_AV1_Workspace/data/source/a4_360p/BlueSky_360p25_v2.y4m,720p_or_lower,640,360,25.0,8,420mpeg2,44928819,722261f9e84578203ea9486673ffb274,443b20308b31fe53a479b832557b090ca7dce32a66d9105cac04dc78839d9607,MS_SSIM,4,10,52,0,1,0,130,5.2,252,0.441411,516.396,140050432,133.562,/home/od26udiz/Desktop/c/Tuning-Mode-Analysis-for-SVT-AV1/SVT_AV1_Workspace/data/encoded/meeting/a4_360p/BlueSky_360p25_v2__MS_SSIM__p10__crf52__run1.ivf,181441,279.14,e6268cd11fcaf4e7b6ed52d3c4512cec,fdd5b40891e2da08f29de29d77f117a5c4063c347fff32e29f30ab0903e265d4,/home/od26udiz/miniconda3/bin/SvtAv1EncApp -i /home/od26udiz/Desktop/c/Tuning-Mode-Analysis-for-SVT-AV1/SVT_AV1_Workspace/data/source/a4_360p/BlueSky_360p25_v2.y4m -b /home/od26udiz/Desktop/c/Tuning-Mode-Analysis-for-SVT-AV1/SVT_AV1_Workspace/data/encoded/meeting/a4_360p/BlueSky_360p25_v2__MS_SSIM__p10__crf52__run1.ivf --preset 10 --crf 52 --tune 4 --lp 0 --progress 1,0,/home/od26udiz/Desktop/c/Tuning-Mode-Analysis-for-SVT-AV1/SVT_AV1_Workspace/logs/meeting/a4_360p/BlueSky_360p25_v2__MS_SSIM__p10__crf52__run1.log
ac693d3ac5df7ac2630e,2026-09-21T10:26:52.092312+00:00,meeting,ok,a4_360p,BlueSky_360p25_v2.y4m,/home/od26udiz/Desktop/c/Tuning-Mode-Analysis-for-SVT-AV1/SVT_AV1_Workspace/data/source/a4_360p/BlueSky_360p25_v2.y4m,720p_or_lower,640,360,25.0,8,420mpeg2,44928819,722261f9e84578203ea9486673ffb274,443b20308b31fe53a479b832557b090ca7dce32a66d9105cac04dc78839d9607,MS_SSIM,4,10,60,0,1,0,130,5.2,231,0.336667,562.486,135356416,129.086,/home/od26udiz/Desktop/c/Tuning-Mode-Analysis-for-SVT-AV1/SVT_AV1_Workspace/data/encoded/meeting/a4_360p/BlueSky_360p25_v2__MS_SSIM__p10__crf60__run1.ivf,101744,156.52923076923076,0b3e365ac717cdfbdb0acbbc52adb418,cdc6d925785b1e92e51ec446e2181525ba0abec4d7d0487afc8b4abc113f6d6f,/home/od26udiz/miniconda3/bin/SvtAv1EncApp -i /home/od26udiz/Desktop/c/Tuning-Mode-Analysis-for-SVT-AV1/SVT_AV1_Workspace/data/source/a4_360p/BlueSky_360p25_v2.y4m -b /home/od26udiz/Desktop/c/Tuning-Mode-Analysis-for-SVT-AV1/SVT_AV1_Workspace/data/encoded/meeting/a4_360p/BlueSky_360p25_v2__MS_SSIM__p10__crf60__run1.ivf --preset 10 --crf 60 --tune 4 --lp 0 --progress 1,0,/home/od26udiz/Desktop/c/Tuning-Mode-Analysis-for-SVT-AV1/SVT_AV1_Workspace/logs/meeting/a4_360p/BlueSky_360p25_v2__MS_SSIM__p10__crf60__run1.log
b3ee53f6a818e672b77c,2026-09-21T10:27:03.107690+00:00,meeting,ok,a4_360p,BlueSky_360p25_v2.y4m,/home/od26udiz/Desktop/c/Tuning-Mode-Analysis-for-SVT-AV1/SVT_AV1_Workspace/data/source/a4_360p/BlueSky_360p25_v2.y4m,720p_or_lower,640,360,25.0,8,420mpeg2,44928819,722261f9e84578203ea9486673ffb274,443b20308b31fe53a479b832557b090ca7dce32a66d9105cac04dc78839d9607,VMAF,5,1,18,0,1,0,130,5.2,10858,11.003546,11.973,312913920,298.418,/home/od26udiz/Desktop/c/Tuning-Mode-Analysis-for-SVT-AV1/SVT_AV1_Workspace/data/encoded/meeting/a4_360p/BlueSky_360p25_v2__VMAF__p1__crf18__run1.ivf,1011523,1556.1892307692308,5b3a04a6613a30661c37cb0ae2fe08fa,6c876c79d072910d831ebb85de7e237802069529f1b757ca1cf9a931a5069425,/home/od26udiz/miniconda3/bin/SvtAv1EncApp -i /home/od26udiz/Desktop/c/Tuning-Mode-Analysis-for-SVT-AV1/SVT_AV1_Workspace/data/source/a4_360p/BlueSky_360p25_v2.y4m -b /home/od26udiz/Desktop/c/Tuning-Mode-Analysis-for-SVT-AV1/SVT_AV1_Workspace/data/encoded/meeting/a4_360p/BlueSky_360p25_v2__VMAF__p1__crf18__run1.ivf --preset 1 --crf 18 --tune 5 --lp 0 --progress 1,0,/home/od26udiz/Desktop/c/Tuning-Mode-Analysis-for-SVT-AV1/SVT_AV1_Workspace/logs/meeting/a4_360p/BlueSky_360p25_v2__VMAF__p1__crf18__run1.log
0466fce7b64f4ccd3e9a,2026-09-21T10:27:15.391943+00:00,meeting,ok,a4_360p,BlueSky_360p25_v2.y4m,/home/od26udiz/Desktop/c/Tuning-Mode-Analysis-for-SVT-AV1/SVT_AV1_Workspace/data/source/a4_360p/BlueSky_360p25_v2.y4m,720p_or_lower,640,360,25.0,8,420mpeg2,44928819,722261f9e84578203ea9486673ffb274,443b20308b31fe53a479b832557b090ca7dce32a66d9105cac04dc78839d9607,VMAF,5,1,26,0,1,0,130,5.2,12157,12.268538,10.693,319381504,304.586,/home/od26udiz/Desktop/c/Tuning-Mode-Analysis-for-SVT-AV1/SVT_AV1_Workspace/data/encoded/meeting/a4_360p/BlueSky_360p25_v2__VMAF__p1__crf26__run1.ivf,638604,982.4676923076922,0aee38d20ba64491e6995b2b3046a9be,a9b0a142be5b01ea63ec1f0dcb02558b276f90d64041351137295edef21e6323,/home/od26udiz/miniconda3/bin/SvtAv1EncApp -i /home/od26udiz/Desktop/c/Tuning-Mode-Analysis-for-SVT-AV1/SVT_AV1_Workspace/data/source/a4_360p/BlueSky_360p25_v2.y4m -b /home/od26udiz/Desktop/c/Tuning-Mode-Analysis-for-SVT-AV1/SVT_AV1_Workspace/data/encoded/meeting/a4_360p/BlueSky_360p25_v2__VMAF__p1__crf26__run1.ivf --preset 1 --crf 26 --tune 5 --lp 0 --progress 1,0,/home/od26udiz/Desktop/c/Tuning-Mode-Analysis-for-SVT-AV1/SVT_AV1_Workspace/logs/meeting/a4_360p/BlueSky_360p25_v2__VMAF__p1__crf26__run1.log
bf5ad60e5ac5b7a9ed15,2026-09-21T10:27:27.160150+00:00,meeting,ok,a4_360p,BlueSky_360p25_v2.y4m,/home/od26udiz/Desktop/c/Tuning-Mode-Analysis-for-SVT-AV1/SVT_AV1_Workspace/data/source/a4_360p/BlueSky_360p25_v2.y4m,720p_or_lower,640,360,25.0,8,420mpeg2,44928819,722261f9e84578203ea9486673ffb274,443b20308b31fe53a479b832557b090ca7dce32a66d9105cac04dc78839d9607,VMAF,5,1,35,0,1,0,130,5.2,11591,11.747701,11.216,327184384,312.027,/home/od26udiz/Desktop/c/Tuning-Mode-Analysis-for-SVT-AV1/SVT_AV1_Workspace/data/encoded/meeting/a4_360p/BlueSky_360p25_v2__VMAF__p1__crf35__run1.ivf,377445,580.6846153846154,56741ed3188f66f3d9c8452c071e60a1,80eb07a3e0748277cd4fd353cf1b653150dfe5ffb3792e3caa13dbd9a1de99cd,/home/od26udiz/miniconda3/bin/SvtAv1EncApp -i /home/od26udiz/Desktop/c/Tuning-Mode-Analysis-for-SVT-AV1/SVT_AV1_Workspace/data/source/a4_360p/BlueSky_360p25_v2.y4m -b /home/od26udiz/Desktop/c/Tuning-Mode-Analysis-for-SVT-AV1/SVT_AV1_Workspace/data/encoded/meeting/a4_360p/BlueSky_360p25_v2__VMAF__p1__crf35__run1.ivf --preset 1 --crf 35 --tune 5 --lp 0 --progress 1,0,/home/od26udiz/Desktop/c/Tuning-Mode-Analysis-for-SVT-AV1/SVT_AV1_Workspace/logs/meeting/a4_360p/BlueSky_360p25_v2__VMAF__p1__crf35__run1.log
66efb76167e9b7a9a9c6,2026-09-21T10:27:39.272939+00:00,meeting,ok,a4_360p,BlueSky_360p25_v2.y4m,/home/od26udiz/Desktop/c/Tuning-Mode-Analysis-for-SVT-AV1/SVT_AV1_Workspace/data/source/a4_360p/BlueSky_360p25_v2.y4m,720p_or_lower,640,360,25.0,8,420mpeg2,44928819,722261f9e84578203ea9486673ffb274,443b20308b31fe53a479b832557b090ca7dce32a66d9105cac04dc78839d9607,VMAF,5,1,44,0,1,0,130,5.2,11930,12.099118,10.897,334270464,318.785,/home/od26udiz/Desktop/c/Tuning-Mode-Analysis-for-SVT-AV1/SVT_AV1_Workspace/data/encoded/meeting/a4_360p/BlueSky_360p25_v2__VMAF__p1__crf44__run1.ivf,243126,374.04,c58b2a1f77da201066dcbc62abbf7d0f,f6e8ac82963bb765dec480de286a97efdd1cc8907180ae6ce0b31859891b838e,/home/od26udiz/miniconda3/bin/SvtAv1EncApp -i /home/od26udiz/Desktop/c/Tuning-Mode-Analysis-for-SVT-AV1/SVT_AV1_Workspace/data/source/a4_360p/BlueSky_360p25_v2.y4m -b /home/od26udiz/Desktop/c/Tuning-Mode-Analysis-for-SVT-AV1/SVT_AV1_Workspace/data/encoded/meeting/a4_360p/BlueSky_360p25_v2__VMAF__p1__crf44__run1.ivf --preset 1 --crf 44 --tune 5 --lp 0 --progress 1,0,/home/od26udiz/Desktop/c/Tuning-Mode-Analysis-for-SVT-AV1/SVT_AV1_Workspace/logs/meeting/a4_360p/BlueSky_360p25_v2__VMAF__p1__crf44__run1.log
76fc0c273ae555dbb4e3,2026-09-21T10:27:54.056768+00:00,meeting,ok,a4_360p,BlueSky_360p25_v2.y4m,/home/od26udiz/Desktop/c/Tuning-Mode-Analysis-for-SVT-AV1/SVT_AV1_Workspace/data/source/a4_360p/BlueSky_360p25_v2.y4m,720p_or_lower,640,360,25.0,8,420mpeg2,44928819,722261f9e84578203ea9486673ffb274,443b20308b31fe53a479b832557b090ca7dce32a66d9105cac04dc78839d9607,VMAF,5,1,52,0,1,0,130,5.2,14624,14.770007,8.89,347672576,331.566,/home/od26udiz/Desktop/c/Tuning-Mode-Analysis-for-SVT-AV1/SVT_AV1_Workspace/data/encoded/meeting/a4_360p/BlueSky_360p25_v2__VMAF__p1__crf52__run1.ivf,160808,247.39692307692306,04b482f6366e6dbf38541b0dd7f8736d,0cd9aa2d0f7c151cae9269099281967f3fa682ccb4be432d695c46411d256fb9,/home/od26udiz/miniconda3/bin/SvtAv1EncApp -i /home/od26udiz/Desktop/c/Tuning-Mode-Analysis-for-SVT-AV1/SVT_AV1_Workspace/data/source/a4_360p/BlueSky_360p25_v2.y4m -b /home/od26udiz/Desktop/c/Tuning-Mode-Analysis-for-SVT-AV1/SVT_AV1_Workspace/data/encoded/meeting/a4_360p/BlueSky_360p25_v2__VMAF__p1__crf52__run1.ivf --preset 1 --crf 52 --tune 5 --lp 0 --progress 1,0,/home/od26udiz/Desktop/c/Tuning-Mode-Analysis-for-SVT-AV1/SVT_AV1_Workspace/logs/meeting/a4_360p/BlueSky_360p25_v2__VMAF__p1__crf52__run1.log
3095b9252869d5911c22,2026-09-21T10:28:15.445676+00:00,meeting,ok,a4_360p,BlueSky_360p25_v2.y4m,/home/od26udiz/Desktop/c/Tuning-Mode-Analysis-for-SVT-AV1/SVT_AV1_Workspace/data/source/a4_360p/BlueSky_360p25_v2.y4m,720p_or_lower,640,360,25.0,8,420mpeg2,44928819,722261f9e84578203ea9486673ffb274,443b20308b31fe53a479b832557b090ca7dce32a66d9105cac04dc78839d9607,VMAF,5,1,60,0,1,0,130,5.2,21255,21.374619,6.116,468537344,446.832,/home/od26udiz/Desktop/c/Tuning-Mode-Analysis-for-SVT-AV1/SVT_AV1_Workspace/data/encoded/meeting/a4_360p/BlueSky_360p25_v2__VMAF__p1__crf60__run1.ivf,83948,129.1507692307692,c08021fbb07e442578a80e6349c1ba5f,2a862ac752bdace97427d1f752f64168728f675f14c9c17b840288f1a309d530,/home/od26udiz/miniconda3/bin/SvtAv1EncApp -i /home/od26udiz/Desktop/c/Tuning-Mode-Analysis-for-SVT-AV1/SVT_AV1_Workspace/data/source/a4_360p/BlueSky_360p25_v2.y4m -b /home/od26udiz/Desktop/c/Tuning-Mode-Analysis-for-SVT-AV1/SVT_AV1_Workspace/data/encoded/meeting/a4_360p/BlueSky_360p25_v2__VMAF__p1__crf60__run1.ivf --preset 1 --crf 60 --tune 5 --lp 0 --progress 1,0,/home/od26udiz/Desktop/c/Tuning-Mode-Analysis-for-SVT-AV1/SVT_AV1_Workspace/logs/meeting/a4_360p/BlueSky_360p25_v2__VMAF__p1__crf60__run1.log
78622049a4f0d23fb92b,2026-09-21T10:28:15.883225+00:00,meeting,ok,a4_360p,BlueSky_360p25_v2.y4m,/home/od26udiz/Desktop/c/Tuning-Mode-Analysis-for-SVT-AV1/SVT_AV1_Workspace/data/source/a4_360p/BlueSky_360p25_v2.y4m,720p_or_lower,640,360,25.0,8,420mpeg2,44928819,722261f9e84578203ea9486673ffb274,443b20308b31fe53a479b832557b090ca7dce32a66d9105cac04dc78839d9607,VMAF,5,10,18,0,1,0,130,5.2,256,0.422774,508.534,142417920,135.82,/home/od26udiz/Desktop/c/Tuning-Mode-Analysis-for-SVT-AV1/SVT_AV1_Workspace/data/encoded/meeting/a4_360p/BlueSky_360p25_v2__VMAF__p10__crf18__run1.ivf,2071633,3187.127692307692,1ab39d94356b52a9aab70a69e42e490a,f1fad04d36b6d3dde795f62a8f4126da6f6b0276eee8bf8373f2a4963a2c16b7,/home/od26udiz/miniconda3/bin/SvtAv1EncApp -i /home/od26udiz/Desktop/c/Tuning-Mode-Analysis-for-SVT-AV1/SVT_AV1_Workspace/data/source/a4_360p/BlueSky_360p25_v2.y4m -b /home/od26udiz/Desktop/c/Tuning-Mode-Analysis-for-SVT-AV1/SVT_AV1_Workspace/data/encoded/meeting/a4_360p/BlueSky_360p25_v2__VMAF__p10__crf18__run1.ivf --preset 10 --crf 18 --tune 5 --lp 0 --progress 1,0,/home/od26udiz/Desktop/c/Tuning-Mode-Analysis-for-SVT-AV1/SVT_AV1_Workspace/logs/meeting/a4_360p/BlueSky_360p25_v2__VMAF__p10__crf18__run1.log
c1922815eb2b103f73ea,2026-09-21T10:28:16.240163+00:00,meeting,ok,a4_360p,BlueSky_360p25_v2.y4m,/home/od26udiz/Desktop/c/Tuning-Mode-Analysis-for-SVT-AV1/SVT_AV1_Workspace/data/source/a4_360p/BlueSky_360p25_v2.y4m,720p_or_lower,640,360,25.0,8,420mpeg2,44928819,722261f9e84578203ea9486673ffb274,443b20308b31fe53a479b832557b090ca7dce32a66d9105cac04dc78839d9607,VMAF,5,10,26,0,1,0,130,5.2,232,0.317225,559.742,141008896,134.477,/home/od26udiz/Desktop/c/Tuning-Mode-Analysis-for-SVT-AV1/SVT_AV1_Workspace/data/encoded/meeting/a4_360p/BlueSky_360p25_v2__VMAF__p10__crf26__run1.ivf,1194369,1837.4907692307693,9dd890b1c48fe00a2f342d88f061fee1,86a25603d9ab353bb59ad2d380170fbbfb7c87c4407e6e0427f36775e5afa089,/home/od26udiz/miniconda3/bin/SvtAv1EncApp -i /home/od26udiz/Desktop/c/Tuning-Mode-Analysis-for-SVT-AV1/SVT_AV1_Workspace/data/source/a4_360p/BlueSky_360p25_v2.y4m -b /home/od26udiz/Desktop/c/Tuning-Mode-Analysis-for-SVT-AV1/SVT_AV1_Workspace/data/encoded/meeting/a4_360p/BlueSky_360p25_v2__VMAF__p10__crf26__run1.ivf --preset 10 --crf 26 --tune 5 --lp 0 --progress 1,0,/home/od26udiz/Desktop/c/Tuning-Mode-Analysis-for-SVT-AV1/SVT_AV1_Workspace/logs/meeting/a4_360p/BlueSky_360p25_v2__VMAF__p10__crf26__run1.log
176cd4b6c173fa0f79c4,2026-09-21T10:28:16.575869+00:00,meeting,ok,a4_360p,BlueSky_360p25_v2.y4m,/home/od26udiz/Desktop/c/Tuning-Mode-Analysis-for-SVT-AV1/SVT_AV1_Workspace/data/source/a4_360p/BlueSky_360p25_v2.y4m,720p_or_lower,640,360,25.0,8,420mpeg2,44928819,722261f9e84578203ea9486673ffb274,443b20308b31fe53a479b832557b090ca7dce32a66d9105cac04dc78839d9607,VMAF,5,10,35,0,1,0,130,5.2,225,0.321305,578.063,141574144,135.016,/home/od26udiz/Desktop/c/Tuning-Mode-Analysis-for-SVT-AV1/SVT_AV1_Workspace/data/encoded/meeting/a4_360p/BlueSky_360p25_v2__VMAF__p10__crf35__run1.ivf,592223,911.1123076923076,94090792dae20d288149e4bed9b309f8,2288abb37dd8cc9ae4adcc181c30bbd218c7cbd0e34e861fa2b0342760450807,/home/od26udiz/miniconda3/bin/SvtAv1EncApp -i /home/od26udiz/Desktop/c/Tuning-Mode-Analysis-for-SVT-AV1/SVT_AV1_Workspace/data/source/a4_360p/BlueSky_360p25_v2.y4m -b /home/od26udiz/Desktop/c/Tuning-Mode-Analysis-for-SVT-AV1/SVT_AV1_Workspace/data/encoded/meeting/a4_360p/BlueSky_360p25_v2__VMAF__p10__crf35__run1.ivf --preset 10 --crf 35 --tune 5 --lp 0 --progress 1,0,/home/od26udiz/Desktop/c/Tuning-Mode-Analysis-for-SVT-AV1/SVT_AV1_Workspace/logs/meeting/a4_360p/BlueSky_360p25_v2__VMAF__p10__crf35__run1.log
86f495c2347dce07e105,2026-09-21T10:28:16.907531+00:00,meeting,ok,a4_360p,BlueSky_360p25_v2.y4m,/home/od26udiz/Desktop/c/Tuning-Mode-Analysis-for-SVT-AV1/SVT_AV1_Workspace/data/source/a4_360p/BlueSky_360p25_v2.y4m,720p_or_lower,640,360,25.0,8,420mpeg2,44928819,722261f9e84578203ea9486673ffb274,443b20308b31fe53a479b832557b090ca7dce32a66d9105cac04dc78839d9607,VMAF,5,10,44,0,1,0,130,5.2,225,0.319715,576.924,137216000,130.859,/home/od26udiz/Desktop/c/Tuning-Mode-Analysis-for-SVT-AV1/SVT_AV1_Workspace/data/encoded/meeting/a4_360p/BlueSky_360p25_v2__VMAF__p10__crf44__run1.ivf,293265,451.17692307692306,8784c2764231c291a88dae0f9b82d538,3616cb3494ef89ee53d6895770390904fbc5a33069871f2ce70f565b06432d0c,/home/od26udiz/miniconda3/bin/SvtAv1EncApp -i /home/od26udiz/Desktop/c/Tuning-Mode-Analysis-for-SVT-AV1/SVT_AV1_Workspace/data/source/a4_360p/BlueSky_360p25_v2.y4m -b /home/od26udiz/Desktop/c/Tuning-Mode-Analysis-for-SVT-AV1/SVT_AV1_Workspace/data/encoded/meeting/a4_360p/BlueSky_360p25_v2__VMAF__p10__crf44__run1.ivf --preset 10 --crf 44 --tune 5 --lp 0 --progress 1,0,/home/od26udiz/Desktop/c/Tuning-Mode-Analysis-for-SVT-AV1/SVT_AV1_Workspace/logs/meeting/a4_360p/BlueSky_360p25_v2__VMAF__p10__crf44__run1.log
698b30cd18a091a02186,2026-09-21T10:28:17.359942+00:00,meeting,ok,a4_360p,BlueSky_360p25_v2.y4m,/home/od26udiz/Desktop/c/Tuning-Mode-Analysis-for-SVT-AV1/SVT_AV1_Workspace/data/source/a4_360p/BlueSky_360p25_v2.y4m,720p_or_lower,640,360,25.0,8,420mpeg2,44928819,722261f9e84578203ea9486673ffb274,443b20308b31fe53a479b832557b090ca7dce32a66d9105cac04dc78839d9607,VMAF,5,10,52,0,1,0,130,5.2,256,0.440918,508.78,138231808,131.828,/home/od26udiz/Desktop/c/Tuning-Mode-Analysis-for-SVT-AV1/SVT_AV1_Workspace/data/encoded/meeting/a4_360p/BlueSky_360p25_v2__VMAF__p10__crf52__run1.ivf,171307,263.54923076923075,5d879ef9b88b976fa504b109969c6da5,3ec4961a7e8354eb8525cbe4c3b9fec2730642313ba37e8829bfe30d1500ef0f,/home/od26udiz/miniconda3/bin/SvtAv1EncApp -i /home/od26udiz/Desktop/c/Tuning-Mode-Analysis-for-SVT-AV1/SVT_AV1_Workspace/data/source/a4_360p/BlueSky_360p25_v2.y4m -b /home/od26udiz/Desktop/c/Tuning-Mode-Analysis-for-SVT-AV1/SVT_AV1_Workspace/data/encoded/meeting/a4_360p/BlueSky_360p25_v2__VMAF__p10__crf52__run1.ivf --preset 10 --crf 52 --tune 5 --lp 0 --progress 1,0,/home/od26udiz/Desktop/c/Tuning-Mode-Analysis-for-SVT-AV1/SVT_AV1_Workspace/logs/meeting/a4_360p/BlueSky_360p25_v2__VMAF__p10__crf52__run1.log
2ac249a49ca610523181,2026-09-21T10:28:17.712464+00:00,meeting,ok,a4_360p,BlueSky_360p25_v2.y4m,/home/od26udiz/Desktop/c/Tuning-Mode-Analysis-for-SVT-AV1/SVT_AV1_Workspace/data/source/a4_360p/BlueSky_360p25_v2.y4m,720p_or_lower,640,360,25.0,8,420mpeg2,44928819,722261f9e84578203ea9486673ffb274,443b20308b31fe53a479b832557b090ca7dce32a66d9105cac04dc78839d9607,VMAF,5,10,60,0,1,0,130,5.2,233,0.337825,557.208,139845632,133.367,/home/od26udiz/Desktop/c/Tuning-Mode-Analysis-for-SVT-AV1/SVT_AV1_Workspace/data/encoded/meeting/a4_360p/BlueSky_360p25_v2__VMAF__p10__crf60__run1.ivf,94418,145.25846153846152,5042b85d762e7fc07248607dc8319521,eabd6814432704fcaa0cea08f189728d5dfd51d6d162222612f0f6f0d700523c,/home/od26udiz/miniconda3/bin/SvtAv1EncApp -i /home/od26udiz/Desktop/c/Tuning-Mode-Analysis-for-SVT-AV1/SVT_AV1_Workspace/data/source/a4_360p/BlueSky_360p25_v2.y4m -b /home/od26udiz/Desktop/c/Tuning-Mode-Analysis-for-SVT-AV1/SVT_AV1_Workspace/data/encoded/meeting/a4_360p/BlueSky_360p25_v2__VMAF__p10__crf60__run1.ivf --preset 10 --crf 60 --tune 5 --lp 0 --progress 1,0,/home/od26udiz/Desktop/c/Tuning-Mode-Analysis-for-SVT-AV1/SVT_AV1_Workspace/logs/meeting/a4_360p/BlueSky_360p25_v2__VMAF__p10__crf60__run1.log
e1b22ce49bcdf0d35be7,2026-09-21T10:28:32.768256+00:00,meeting,ok,a4_360p,RedKayak_360_2997.y4m,/home/od26udiz/Desktop/c/Tuning-Mode-Analysis-for-SVT-AV1/SVT_AV1_Workspace/data/source/a4_360p/RedKayak_360_2997.y4m,720p_or_lower,640,360,29.97002997002997,8,420jpeg,44928844,4205131788b94668c4feef73ce44aec9,01f2123abceaff05e2cf4ff945db331bce36d8f787e213d67094f37a2f5b2ac9,VQ,0,1,18,0,1,0,130,4.337666666666666,14818,15.040262,8.773,322699264,307.75,/home/od26udiz/Desktop/c/Tuning-Mode-Analysis-for-SVT-AV1/SVT_AV1_Workspace/data/encoded/meeting/a4_360p/RedKayak_360_2997__VQ__p1__crf18__run1.ivf,4653426,8582.357949742565,9b0a4638d3cac97d65accb12c4c736e2,c2e7ef2e100ced9c230a834f9c8420417cfab51c61e42fea27248a10c251b273,/home/od26udiz/miniconda3/bin/SvtAv1EncApp -i /home/od26udiz/Desktop/c/Tuning-Mode-Analysis-for-SVT-AV1/SVT_AV1_Workspace/data/source/a4_360p/RedKayak_360_2997.y4m -b /home/od26udiz/Desktop/c/Tuning-Mode-Analysis-for-SVT-AV1/SVT_AV1_Workspace/data/encoded/meeting/a4_360p/RedKayak_360_2997__VQ__p1__crf18__run1.ivf --preset 1 --crf 18 --tune 0 --lp 0 --progress 1,0,/home/od26udiz/Desktop/c/Tuning-Mode-Analysis-for-SVT-AV1/SVT_AV1_Workspace/logs/meeting/a4_360p/RedKayak_360_2997__VQ__p1__crf18__run1.log
0193680b813f99c03b2c,2026-09-21T10:28:50.575862+00:00,meeting,ok,a4_360p,RedKayak_360_2997.y4m,/home/od26udiz/Desktop/c/Tuning-Mode-Analysis-for-SVT-AV1/SVT_AV1_Workspace/data/source/a4_360p/RedKayak_360_2997.y4m,720p_or_lower,640,360,29.97002997002997,8,420jpeg,44928844,4205131788b94668c4feef73ce44aec9,01f2123abceaff05e2cf4ff945db331bce36d8f787e213d67094f37a2f5b2ac9,VQ,0,1,26,0,1,0,130,4.337666666666666,17616,17.751664,7.38,332169216,316.781,/home/od26udiz/Desktop/c/Tuning-Mode-Analysis-for-SVT-AV1/SVT_AV1_Workspace/data/encoded/meeting/a4_360p/RedKayak_360_2997__VQ__p1__crf26__run1.ivf,3298854,6084.107892107892,1c3c4773b5c25579d7134125f6f79bb1,760f4986eb847baab3cb2ed1fd17c9bba18de11c833bfe354fff56e750740426,/home/od26udiz/miniconda3/bin/SvtAv1EncApp -i /home/od26udiz/Desktop/c/Tuning-Mode-Analysis-for-SVT-AV1/SVT_AV1_Workspace/data/source/a4_360p/RedKayak_360_2997.y4m -b /home/od26udiz/Desktop/c/Tuning-Mode-Analysis-for-SVT-AV1/SVT_AV1_Workspace/data/encoded/meeting/a4_360p/RedKayak_360_2997__VQ__p1__crf26__run1.ivf --preset 1 --crf 26 --tune 0 --lp 0 --progress 1,0,/home/od26udiz/Desktop/c/Tuning-Mode-Analysis-for-SVT-AV1/SVT_AV1_Workspace/logs/meeting/a4_360p/RedKayak_360_2997__VQ__p1__crf26__run1.log
ae35b8fe4762b2bcc3f1,2026-09-21T10:29:09.076949+00:00,meeting,ok,a4_360p,RedKayak_360_2997.y4m,/home/od26udiz/Desktop/c/Tuning-Mode-Analysis-for-SVT-AV1/SVT_AV1_Workspace/data/source/a4_360p/RedKayak_360_2997.y4m,720p_or_lower,640,360,29.97002997002997,8,420jpeg,44928844,4205131788b94668c4feef73ce44aec9,01f2123abceaff05e2cf4ff945db331bce36d8f787e213d67094f37a2f5b2ac9,VQ,0,1,35,0,1,0,130,4.337666666666666,18296,18.474529,7.105,345956352,329.93,/home/od26udiz/Desktop/c/Tuning-Mode-Analysis-for-SVT-AV1/SVT_AV1_Workspace/data/encoded/meeting/a4_360p/RedKayak_360_2997__VQ__p1__crf35__run1.ivf,1868786,3446.619841696765,b092d428676fb97ea219f4f510e9414d,eb2f85d0d01cf3528d5237a6fb618ade7371a6061bc10e64ec28fff65966739c,/home/od26udiz/miniconda3/bin/SvtAv1EncApp -i /home/od26udiz/Desktop/c/Tuning-Mode-Analysis-for-SVT-AV1/SVT_AV1_Workspace/data/source/a4_360p/RedKayak_360_2997.y4m -b /home/od26udiz/Desktop/c/Tuning-Mode-Analysis-for-SVT-AV1/SVT_AV1_Workspace/data/encoded/meeting/a4_360p/RedKayak_360_2997__VQ__p1__crf35__run1.ivf --preset 1 --crf 35 --tune 0 --lp 0 --progress 1,0,/home/od26udiz/Desktop/c/Tuning-Mode-Analysis-for-SVT-AV1/SVT_AV1_Workspace/logs/meeting/a4_360p/RedKayak_360_2997__VQ__p1__crf35__run1.log
2c8b466a11f2819f022b,2026-09-21T10:29:26.020015+00:00,meeting,ok,a4_360p,RedKayak_360_2997.y4m,/home/od26udiz/Desktop/c/Tuning-Mode-Analysis-for-SVT-AV1/SVT_AV1_Workspace/data/source/a4_360p/RedKayak_360_2997.y4m,720p_or_lower,640,360,29.97002997002997,8,420jpeg,44928844,4205131788b94668c4feef73ce44aec9,01f2123abceaff05e2cf4ff945db331bce36d8f787e213d67094f37a2f5b2ac9,VQ,0,1,44,0,1,0,130,4.337666666666666,16768,16.913974,7.753,349368320,333.184,/home/od26udiz/Desktop/c/Tuning-Mode-Analysis-for-SVT-AV1/SVT_AV1_Workspace/data/encoded/meeting/a4_360p/RedKayak_360_2997__VQ__p1__crf44__run1.ivf,845489,1559.3434258049645,851200b95534ab4dc772e544a7939450,cda03627579fd029e90f04a2d72f7e597e95d89849f8ffdcabb70260c1e59d78,/home/od26udiz/miniconda3/bin/SvtAv1EncApp -i /home/od26udiz/Desktop/c/Tuning-Mode-Analysis-for-SVT-AV1/SVT_AV1_Workspace/data/source/a4_360p/RedKayak_360_2997.y4m -b /home/od26udiz/Desktop/c/Tuning-Mode-Analysis-for-SVT-AV1/SVT_AV1_Workspace/data/encoded/meeting/a4_360p/RedKayak_360_2997__VQ__p1__crf44__run1.ivf --preset 1 --crf 44 --tune 0 --lp 0 --progress 1,0,/home/od26udiz/Desktop/c/Tuning-Mode-Analysis-for-SVT-AV1/SVT_AV1_Workspace/logs/meeting/a4_360p/RedKayak_360_2997__VQ__p1__crf44__run1.log
712b47a55872624cef63,2026-09-21T10:29:48.884386+00:00,meeting,ok,a4_360p,RedKayak_360_2997.y4m,/home/od26udiz/Desktop/c/Tuning-Mode-Analysis-for-SVT-AV1/SVT_AV1_Workspace/data/source/a4_360p/RedKayak_360_2997.y4m,720p_or_lower,640,360,29.97002997002997,8,420jpeg,44928844,4205131788b94668c4feef73ce44aec9,01f2123abceaff05e2cf4ff945db331bce36d8f787e213d67094f37a2f5b2ac9,VQ,0,1,52,0,1,0,130,4.337666666666666,22745,22.847529,5.715,362065920,345.293,/home/od26udiz/Desktop/c/Tuning-Mode-Analysis-for-SVT-AV1/SVT_AV1_Workspace/data/encoded/meeting/a4_360p/RedKayak_360_2997__VQ__p1__crf52__run1.ivf,331500,611.3886113886115,afc097806006a6e816734cc6e11a64af,81390e90a058e93ca4de59684b4300c56398b2ce4a5ecc13b41aaa561db11ad4,/home/od26udiz/miniconda3/bin/SvtAv1EncApp -i /home/od26udiz/Desktop/c/Tuning-Mode-Analysis-for-SVT-AV1/SVT_AV1_Workspace/data/source/a4_360p/RedKayak_360_2997.y4m -b /home/od26udiz/Desktop/c/Tuning-Mode-Analysis-for-SVT-AV1/SVT_AV1_Workspace/data/encoded/meeting/a4_360p/RedKayak_360_2997__VQ__p1__crf52__run1.ivf --preset 1 --crf 52 --tune 0 --lp 0 --progress 1,0,/home/od26udiz/Desktop/c/Tuning-Mode-Analysis-for-SVT-AV1/SVT_AV1_Workspace/logs/meeting/a4_360p/RedKayak_360_2997__VQ__p1__crf52__run1.log
4f10a771491d533afe8b,2026-09-21T10:30:09.975845+00:00,meeting,ok,a4_360p,RedKayak_360_2997.y4m,/home/od26udiz/Desktop/c/Tuning-Mode-Analysis-for-SVT-AV1/SVT_AV1_Workspace/data/source/a4_360p/RedKayak_360_2997.y4m,720p_or_lower,640,360,29.97002997002997,8,420jpeg,44928844,4205131788b94668c4feef73ce44aec9,01f2123abceaff05e2cf4ff945db331bce36d8f787e213d67094f37a2f5b2ac9,VQ,0,1,60,0,1,0,130,4.337666666666666,20893,21.076979,6.222,572239872,545.73,/home/od26udiz/Desktop/c/Tuning-Mode-Analysis-for-SVT-AV1/SVT_AV1_Workspace/data/encoded/meeting/a4_360p/RedKayak_360_2997__VQ__p1__crf60__run1.ivf,83663,154.30046876200723,b6cb5edbd0d37e12afdf2470f2152ba0,54f867bfb26f2f7c457fc674b965f0be9163be90270e2d318aee54f7b492a8a5,/home/od26udiz/miniconda3/bin/SvtAv1EncApp -i /home/od26udiz/Desktop/c/Tuning-Mode-Analysis-for-SVT-AV1/SVT_AV1_Workspace/data/source/a4_360p/RedKayak_360_2997.y4m -b /home/od26udiz/Desktop/c/Tuning-Mode-Analysis-for-SVT-AV1/SVT_AV1_Workspace/data/encoded/meeting/a4_360p/RedKayak_360_2997__VQ__p1__crf60__run1.ivf --preset 1 --crf 60 --tune 0 --lp 0 --progress 1,0,/home/od26udiz/Desktop/c/Tuning-Mode-Analysis-for-SVT-AV1/SVT_AV1_Workspace/logs/meeting/a4_360p/RedKayak_360_2997__VQ__p1__crf60__run1.log
739256d10b62ce2a845c,2026-09-21T10:30:10.514200+00:00,meeting,ok,a4_360p,RedKayak_360_2997.y4m,/home/od26udiz/Desktop/c/Tuning-Mode-Analysis-for-SVT-AV1/SVT_AV1_Workspace/data/source/a4_360p/RedKayak_360_2997.y4m,720p_or_lower,640,360,29.97002997002997,8,420jpeg,44928844,4205131788b94668c4feef73ce44aec9,01f2123abceaff05e2cf4ff945db331bce36d8f787e213d67094f37a2f5b2ac9,VQ,0,10,18,0,1,0,130,4.337666666666666,338,0.527311,384.923,149778432,142.84,/home/od26udiz/Desktop/c/Tuning-Mode-Analysis-for-SVT-AV1/SVT_AV1_Workspace/data/encoded/meeting/a4_360p/RedKayak_360_2997__VQ__p10__crf18__run1.ivf,6300672,11620.389456697148,9094fed32d55c4b95fbe856b7058069c,536070328bcf1638b3607c805cd9c5f9ce07ed9beb33aaba2c98eab4f8387cbf,/home/od26udiz/miniconda3/bin/SvtAv1EncApp -i /home/od26udiz/Desktop/c/Tuning-Mode-Analysis-for-SVT-AV1/SVT_AV1_Workspace/data/source/a4_360p/RedKayak_360_2997.y4m -b /home/od26udiz/Desktop/c/Tuning-Mode-Analysis-for-SVT-AV1/SVT_AV1_Workspace/data/encoded/meeting/a4_360p/RedKayak_360_2997__VQ__p10__crf18__run1.ivf --preset 10 --crf 18 --tune 0 --lp 0 --progress 1,0,/home/od26udiz/Desktop/c/Tuning-Mode-Analysis-for-SVT-AV1/SVT_AV1_Workspace/logs/meeting/a4_360p/RedKayak_360_2997__VQ__p10__crf18__run1.log
466ade9179030b474445,2026-09-21T10:30:11.025689+00:00,meeting,ok,a4_360p,RedKayak_360_2997.y4m,/home/od26udiz/Desktop/c/Tuning-Mode-Analysis-for-SVT-AV1/SVT_AV1_Workspace/data/source/a4_360p/RedKayak_360_2997.y4m,720p_or_lower,640,360,29.97002997002997,8,420jpeg,44928844,4205131788b94668c4feef73ce44aec9,01f2123abceaff05e2cf4ff945db331bce36d8f787e213d67094f37a2f5b2ac9,VQ,0,10,26,0,1,0,130,4.337666666666666,300,0.421214,433.466,147279872,140.457,/home/od26udiz/Desktop/c/Tuning-Mode-Analysis-for-SVT-AV1/SVT_AV1_Workspace/data/encoded/meeting/a4_360p/RedKayak_360_2997__VQ__p10__crf26__run1.ivf,4627049,8533.710597095214,63715eca05c96678f8f2d097982c9e52,223f6cedd758682861a941a1a0a8cc0473271acbdbfc9f748c2331b4129d3672,/home/od26udiz/miniconda3/bin/SvtAv1EncApp -i /home/od26udiz/Desktop/c/Tuning-Mode-Analysis-for-SVT-AV1/SVT_AV1_Workspace/data/source/a4_360p/RedKayak_360_2997.y4m -b /home/od26udiz/Desktop/c/Tuning-Mode-Analysis-for-SVT-AV1/SVT_AV1_Workspace/data/encoded/meeting/a4_360p/RedKayak_360_2997__VQ__p10__crf26__run1.ivf --preset 10 --crf 26 --tune 0 --lp 0 --progress 1,0,/home/od26udiz/Desktop/c/Tuning-Mode-Analysis-for-SVT-AV1/SVT_AV1_Workspace/logs/meeting/a4_360p/RedKayak_360_2997__VQ__p10__crf26__run1.log
89da93bbe58118de62dc,2026-09-21T10:30:11.526204+00:00,meeting,ok,a4_360p,RedKayak_360_2997.y4m,/home/od26udiz/Desktop/c/Tuning-Mode-Analysis-for-SVT-AV1/SVT_AV1_Workspace/data/source/a4_360p/RedKayak_360_2997.y4m,720p_or_lower,640,360,29.97002997002997,8,420jpeg,44928844,4205131788b94668c4feef73ce44aec9,01f2123abceaff05e2cf4ff945db331bce36d8f787e213d67094f37a2f5b2ac9,VQ,0,10,35,0,1,0,130,4.337666666666666,275,0.436827,472.751,148533248,141.652,/home/od26udiz/Desktop/c/Tuning-Mode-Analysis-for-SVT-AV1/SVT_AV1_Workspace/data/encoded/meeting/a4_360p/RedKayak_360_2997__VQ__p10__crf35__run1.ivf,2744097,5060.964266502729,259e67b00817424afb5aca3724baed47,0f8ee3cb7faeef0b37b49f98e0b255398f3d0d47d1c06d00e195b28746efb77d,/home/od26udiz/miniconda3/bin/SvtAv1EncApp -i /home/od26udiz/Desktop/c/Tuning-Mode-Analysis-for-SVT-AV1/SVT_AV1_Workspace/data/source/a4_360p/RedKayak_360_2997.y4m -b /home/od26udiz/Desktop/c/Tuning-Mode-Analysis-for-SVT-AV1/SVT_AV1_Workspace/data/encoded/meeting/a4_360p/RedKayak_360_2997__VQ__p10__crf35__run1.ivf --preset 10 --crf 35 --tune 0 --lp 0 --progress 1,0,/home/od26udiz/Desktop/c/Tuning-Mode-Analysis-for-SVT-AV1/SVT_AV1_Workspace/logs/meeting/a4_360p/RedKayak_360_2997__VQ__p10__crf35__run1.log
208610e98f5a433d87eb,2026-09-21T10:30:11.908812+00:00,meeting,ok,a4_360p,RedKayak_360_2997.y4m,/home/od26udiz/Desktop/c/Tuning-Mode-Analysis-for-SVT-AV1/SVT_AV1_Workspace/data/source/a4_360p/RedKayak_360_2997.y4m,720p_or_lower,640,360,29.97002997002997,8,420jpeg,44928844,4205131788b94668c4feef73ce44aec9,01f2123abceaff05e2cf4ff945db331bce36d8f787e213d67094f37a2f5b2ac9,VQ,0,10,44,0,1,0,130,4.337666666666666,241,0.336603,539.641,143327232,136.688,/home/od26udiz/Desktop/c/Tuning-Mode-Analysis-for-SVT-AV1/SVT_AV1_Workspace/data/encoded/meeting/a4_360p/RedKayak_360_2997__VQ__p10__crf44__run1.ivf,1288361,2376.1364789057097,57ae5d1489d426a318b5f262f6429527,927b3d4267ed90c001f407a792b7ed73710127c289aff076a1207f9c5bff464a,/home/od26udiz/miniconda3/bin/SvtAv1EncApp -i /home/od26udiz/Desktop/c/Tuning-Mode-Analysis-for-SVT-AV1/SVT_AV1_Workspace/data/source/a4_360p/RedKayak_360_2997.y4m -b /home/od26udiz/Desktop/c/Tuning-Mode-Analysis-for-SVT-AV1/SVT_AV1_Workspace/data/encoded/meeting/a4_360p/RedKayak_360_2997__VQ__p10__crf44__run1.ivf --preset 10 --crf 44 --tune 0 --lp 0 --progress 1,0,/home/od26udiz/Desktop/c/Tuning-Mode-Analysis-for-SVT-AV1/SVT_AV1_Workspace/logs/meeting/a4_360p/RedKayak_360_2997__VQ__p10__crf44__run1.log
ff16aff06ebd0e1dd5a1,2026-09-21T10:30:12.238222+00:00,meeting,ok,a4_360p,RedKayak_360_2997.y4m,/home/od26udiz/Desktop/c/Tuning-Mode-Analysis-for-SVT-AV1/SVT_AV1_Workspace/data/source/a4_360p/RedKayak_360_2997.y4m,720p_or_lower,640,360,29.97002997002997,8,420jpeg,44928844,4205131788b94668c4feef73ce44aec9,01f2123abceaff05e2cf4ff945db331bce36d8f787e213d67094f37a2f5b2ac9,VQ,0,10,52,0,1,0,130,4.337666666666666,229,0.317061,567.844,146948096,140.141,/home/od26udiz/Desktop/c/Tuning-Mode-Analysis-for-SVT-AV1/SVT_AV1_Workspace/data/encoded/meeting/a4_360p/RedKayak_360_2997__VQ__p10__crf52__run1.ivf,513867,947.7298086528856,a15419fb958a5813f0d466e0c51a215f,968788b778c06277674bde440fd4d75c5596b737c9c396e266d469adedf86457,/home/od26udiz/miniconda3/bin/SvtAv1EncApp -i /home/od26udiz/Desktop/c/Tuning-Mode-Analysis-for-SVT-AV1/SVT_AV1_Workspace/data/source/a4_360p/RedKayak_360_2997.y4m -b /home/od26udiz/Desktop/c/Tuning-Mode-Analysis-for-SVT-AV1/SVT_AV1_Workspace/data/encoded/meeting/a4_360p/RedKayak_360_2997__VQ__p10__crf52__run1.ivf --preset 10 --crf 52 --tune 0 --lp 0 --progress 1,0,/home/od26udiz/Desktop/c/Tuning-Mode-Analysis-for-SVT-AV1/SVT_AV1_Workspace/logs/meeting/a4_360p/RedKayak_360_2997__VQ__p10__crf52__run1.log
340ec48273ce478b747a,2026-09-21T10:30:12.464322+00:00,meeting,ok,a4_360p,RedKayak_360_2997.y4m,/home/od26udiz/Desktop/c/Tuning-Mode-Analysis-for-SVT-AV1/SVT_AV1_Workspace/data/source/a4_360p/RedKayak_360_2997.y4m,720p_or_lower,640,360,29.97002997002997,8,420jpeg,44928844,4205131788b94668c4feef73ce44aec9,01f2123abceaff05e2cf4ff945db331bce36d8f787e213d67094f37a2f5b2ac9,VQ,0,10,60,0,1,0,130,4.337666666666666,152,0.216974,855.258,139456512,132.996,/home/od26udiz/Desktop/c/Tuning-Mode-Analysis-for-SVT-AV1/SVT_AV1_Workspace/data/encoded/meeting/a4_360p/RedKayak_360_2997__VQ__p10__crf60__run1.ivf,119242,219.91915776531164,26dbe83fdbd8c74be5cb91fa911bfb34,021f2da5caf91eb70cd1fa83439bb188da16f02260f28ff467039bd4f6ebd5d9,/home/od26udiz/miniconda3/bin/SvtAv1EncApp -i /home/od26udiz/Desktop/c/Tuning-Mode-Analysis-for-SVT-AV1/SVT_AV1_Workspace/data/source/a4_360p/RedKayak_360_2997.y4m -b /home/od26udiz/Desktop/c/Tuning-Mode-Analysis-for-SVT-AV1/SVT_AV1_Workspace/data/encoded/meeting/a4_360p/RedKayak_360_2997__VQ__p10__crf60__run1.ivf --preset 10 --crf 60 --tune 0 --lp 0 --progress 1,0,/home/od26udiz/Desktop/c/Tuning-Mode-Analysis-for-SVT-AV1/SVT_AV1_Workspace/logs/meeting/a4_360p/RedKayak_360_2997__VQ__p10__crf60__run1.log
2f95ece3964a5f32fb64,2026-09-21T10:30:27.810012+00:00,meeting,ok,a4_360p,RedKayak_360_2997.y4m,/home/od26udiz/Desktop/c/Tuning-Mode-Analysis-for-SVT-AV1/SVT_AV1_Workspace/data/source/a4_360p/RedKayak_360_2997.y4m,720p_or_lower,640,360,29.97002997002997,8,420jpeg,44928844,4205131788b94668c4feef73ce44aec9,01f2123abceaff05e2cf4ff945db331bce36d8f787e213d67094f37a2f5b2ac9,PSNR,1,1,18,0,1,0,130,4.337666666666666,15157,15.337295,8.577,326742016,311.605,/home/od26udiz/Desktop/c/Tuning-Mode-Analysis-for-SVT-AV1/SVT_AV1_Workspace/data/encoded/meeting/a4_360p/RedKayak_360_2997__PSNR__p1__crf18__run1.ivf,4601229,8486.090524859756,a91af0b03d8a2246dd88b0f175cce0f9,ed6cfd1cbde9fb7e2b1960dadefd639af86c9cc08462bf5e10f4547c8cff7c7e,/home/od26udiz/miniconda3/bin/SvtAv1EncApp -i /home/od26udiz/Desktop/c/Tuning-Mode-Analysis-for-SVT-AV1/SVT_AV1_Workspace/data/source/a4_360p/RedKayak_360_2997.y4m -b /home/od26udiz/Desktop/c/Tuning-Mode-Analysis-for-SVT-AV1/SVT_AV1_Workspace/data/encoded/meeting/a4_360p/RedKayak_360_2997__PSNR__p1__crf18__run1.ivf --preset 1 --crf 18 --tune 1 --lp 0 --progress 1,0,/home/od26udiz/Desktop/c/Tuning-Mode-Analysis-for-SVT-AV1/SVT_AV1_Workspace/logs/meeting/a4_360p/RedKayak_360_2997__PSNR__p1__crf18__run1.log
94586fae0a34a6770c3d,2026-09-21T10:30:46.257741+00:00,meeting,ok,a4_360p,RedKayak_360_2997.y4m,/home/od26udiz/Desktop/c/Tuning-Mode-Analysis-for-SVT-AV1/SVT_AV1_Workspace/data/source/a4_360p/RedKayak_360_2997.y4m,720p_or_lower,640,360,29.97002997002997,8,420jpeg,44928844,4205131788b94668c4feef73ce44aec9,01f2123abceaff05e2cf4ff945db331bce36d8f787e213d67094f37a2f5b2ac9,PSNR,1,1,26,0,1,0,130,4.337666666666666,18168,18.387032,7.155,337985536,322.328,/home/od26udiz/Desktop/c/Tuning-Mode-Analysis-for-SVT-AV1/SVT_AV1_Workspace/data/encoded/meeting/a4_360p/RedKayak_360_2997__PSNR__p1__crf26__run1.ivf,3259176,6010.929378313994,1ebdb091bf900b66c0a2f5d53508cebe,447b937f3d1d82ff409fc8352d0aaa277740664beb7051bfc3db172bfe21b9c4,/home/od26udiz/miniconda3/bin/SvtAv1EncApp -i /home/od26udiz/Desktop/c/Tuning-Mode-Analysis-for-SVT-AV1/SVT_AV1_Workspace/data/source/a4_360p/RedKayak_360_2997.y4m -b /home/od26udiz/Desktop/c/Tuning-Mode-Analysis-for-SVT-AV1/SVT_AV1_Workspace/data/encoded/meeting/a4_360p/RedKayak_360_2997__PSNR__p1__crf26__run1.ivf --preset 1 --crf 26 --tune 1 --lp 0 --progress 1,0,/home/od26udiz/Desktop/c/Tuning-Mode-Analysis-for-SVT-AV1/SVT_AV1_Workspace/logs/meeting/a4_360p/RedKayak_360_2997__PSNR__p1__crf26__run1.log
a3ac207d234e78278985,2026-09-21T10:31:04.805327+00:00,meeting,ok,a4_360p,RedKayak_360_2997.y4m,/home/od26udiz/Desktop/c/Tuning-Mode-Analysis-for-SVT-AV1/SVT_AV1_Workspace/data/source/a4_360p/RedKayak_360_2997.y4m,720p_or_lower,640,360,29.97002997002997,8,420jpeg,44928844,4205131788b94668c4feef73ce44aec9,01f2123abceaff05e2cf4ff945db331bce36d8f787e213d67094f37a2f5b2ac9,PSNR,1,1,35,0,1,0,130,4.337666666666666,18393,18.499488,7.068,349351936,333.168,/home/od26udiz/Desktop/c/Tuning-Mode-Analysis-for-SVT-AV1/SVT_AV1_Workspace/data/encoded/meeting/a4_360p/RedKayak_360_2997__PSNR__p1__crf35__run1.ivf,1835720,3385.6359025589795,8335ac2d7da15d88faab6fd62aa92953,2920205108ea46d0eeecd91b3d916ea2be8a537495369d073820e39d27d47124,/home/od26udiz/miniconda3/bin/SvtAv1EncApp -i /home/od26udiz/Desktop/c/Tuning-Mode-Analysis-for-SVT-AV1/SVT_AV1_Workspace/data/source/a4_360p/RedKayak_360_2997.y4m -b /home/od26udiz/Desktop/c/Tuning-Mode-Analysis-for-SVT-AV1/SVT_AV1_Workspace/data/encoded/meeting/a4_360p/RedKayak_360_2997__PSNR__p1__crf35__run1.ivf --preset 1 --crf 35 --tune 1 --lp 0 --progress 1,0,/home/od26udiz/Desktop/c/Tuning-Mode-Analysis-for-SVT-AV1/SVT_AV1_Workspace/logs/meeting/a4_360p/RedKayak_360_2997__PSNR__p1__crf35__run1.log
ab7e509a8c483f03044c,2026-09-21T10:31:21.563226+00:00,meeting,ok,a4_360p,RedKayak_360_2997.y4m,/home/od26udiz/Desktop/c/Tuning-Mode-Analysis-for-SVT-AV1/SVT_AV1_Workspace/data/source/a4_360p/RedKayak_360_2997.y4m,720p_or_lower,640,360,29.97002997002997,8,420jpeg,44928844,4205131788b94668c4feef73ce44aec9,01f2123abceaff05e2cf4ff945db331bce36d8f787e213d67094f37a2f5b2ac9,PSNR,1,1,44,0,1,0,130,4.337666666666666,16654,16.741874,7.806,354004992,337.605,/home/od26udiz/Desktop/c/Tuning-Mode-Analysis-for-SVT-AV1/SVT_AV1_Workspace/data/encoded/meeting/a4_360p/RedKayak_360_2997__PSNR__p1__crf44__run1.ivf,825219,1521.9592714977332,049b8e4ebac7a2cbc74e93e209ca6244,416a42d51771355ec726759d23593b899afb790a5836dfa6f51e6e7c6b44d496,/home/od26udiz/miniconda3/bin/SvtAv1EncApp -i /home/od26udiz/Desktop/c/Tuning-Mode-Analysis-for-SVT-AV1/SVT_AV1_Workspace/data/source/a4_360p/RedKayak_360_2997.y4m -b /home/od26udiz/Desktop/c/Tuning-Mode-Analysis-for-SVT-AV1/SVT_AV1_Workspace/data/encoded/meeting/a4_360p/RedKayak_360_2997__PSNR__p1__crf44__run1.ivf --preset 1 --crf 44 --tune 1 --lp 0 --progress 1,0,/home/od26udiz/Desktop/c/Tuning-Mode-Analysis-for-SVT-AV1/SVT_AV1_Workspace/logs/meeting/a4_360p/RedKayak_360_2997__PSNR__p1__crf44__run1.log
f3b81f116b6732807e9f,2026-09-21T10:31:44.982294+00:00,meeting,ok,a4_360p,RedKayak_360_2997.y4m,/home/od26udiz/Desktop/c/Tuning-Mode-Analysis-for-SVT-AV1/SVT_AV1_Workspace/data/source/a4_360p/RedKayak_360_2997.y4m,720p_or_lower,640,360,29.97002997002997,8,420jpeg,44928844,4205131788b94668c4feef73ce44aec9,01f2123abceaff05e2cf4ff945db331bce36d8f787e213d67094f37a2f5b2ac9,PSNR,1,1,52,0,1,0,130,4.337666666666666,23257,23.398786,5.59,366272512,349.305,/home/od26udiz/Desktop/c/Tuning-Mode-Analysis-for-SVT-AV1/SVT_AV1_Workspace/data/encoded/meeting/a4_360p/RedKayak_360_2997__PSNR__p1__crf52__run1.ivf,328693,606.2116345193268,026b04934f9eaf95e7c251d7c08135a8,888fa6f82fba7e9284d8f9b86867d5a2107fee2ca03095d198901fad7d9102e3,/home/od26udiz/miniconda3/bin/SvtAv1EncApp -i /home/od26udiz/Desktop/c/Tuning-Mode-Analysis-for-SVT-AV1/SVT_AV1_Workspace/data/source/a4_360p/RedKayak_360_2997.y4m -b /home/od26udiz/Desktop/c/Tuning-Mode-Analysis-for-SVT-AV1/SVT_AV1_Workspace/data/encoded/meeting/a4_360p/RedKayak_360_2997__PSNR__p1__crf52__run1.ivf --preset 1 --crf 52 --tune 1 --lp 0 --progress 1,0,/home/od26udiz/Desktop/c/Tuning-Mode-Analysis-for-SVT-AV1/SVT_AV1_Workspace/logs/meeting/a4_360p/RedKayak_360_2997__PSNR__p1__crf52__run1.log
ab37b4a83ad797e1a8cc,2026-09-21T10:32:06.858014+00:00,meeting,ok,a4_360p,RedKayak_360_2997.y4m,/home/od26udiz/Desktop/c/Tuning-Mode-Analysis-for-SVT-AV1/SVT_AV1_Workspace/data/source/a4_360p/RedKayak_360_2997.y4m,720p_or_lower,640,360,29.97002997002997,8,420jpeg,44928844,4205131788b94668c4feef73ce44aec9,01f2123abceaff05e2cf4ff945db331bce36d8f787e213d67094f37a2f5b2ac9,PSNR,1,1,60,0,1,0,130,4.337666666666666,21752,21.860815,5.976,562515968,536.457,/home/od26udiz/Desktop/c/Tuning-Mode-Analysis-for-SVT-AV1/SVT_AV1_Workspace/data/encoded/meeting/a4_360p/RedKayak_360_2997__PSNR__p1__crf60__run1.ivf,81995,151.2241604549297,b96e5d59d2deaa5398e2437b13c7d33e,b7443ed20d08f01129a8bb8c0dd4edd82e6224415b96f3e602fe089f6cdf1b10,/home/od26udiz/miniconda3/bin/SvtAv1EncApp -i /home/od26udiz/Desktop/c/Tuning-Mode-Analysis-for-SVT-AV1/SVT_AV1_Workspace/data/source/a4_360p/RedKayak_360_2997.y4m -b /home/od26udiz/Desktop/c/Tuning-Mode-Analysis-for-SVT-AV1/SVT_AV1_Workspace/data/encoded/meeting/a4_360p/RedKayak_360_2997__PSNR__p1__crf60__run1.ivf --preset 1 --crf 60 --tune 1 --lp 0 --progress 1,0,/home/od26udiz/Desktop/c/Tuning-Mode-Analysis-for-SVT-AV1/SVT_AV1_Workspace/logs/meeting/a4_360p/RedKayak_360_2997__PSNR__p1__crf60__run1.log
5d1b5b1f9a766e077d92,2026-09-21T10:32:07.399280+00:00,meeting,ok,a4_360p,RedKayak_360_2997.y4m,/home/od26udiz/Desktop/c/Tuning-Mode-Analysis-for-SVT-AV1/SVT_AV1_Workspace/data/source/a4_360p/RedKayak_360_2997.y4m,720p_or_lower,640,360,29.97002997002997,8,420jpeg,44928844,4205131788b94668c4feef73ce44aec9,01f2123abceaff05e2cf4ff945db331bce36d8f787e213d67094f37a2f5b2ac9,PSNR,1,10,18,0,1,0,130,4.337666666666666,342,0.530721,380.292,151998464,144.957,/home/od26udiz/Desktop/c/Tuning-Mode-Analysis-for-SVT-AV1/SVT_AV1_Workspace/data/encoded/meeting/a4_360p/RedKayak_360_2997__PSNR__p10__crf18__run1.ivf,6258341,11542.317989702606,dad5650a177ded56397807feda591302,9e001a87787cbe6c8f39472044e803e7ba09c9d192007f8548776518f6fd2930,/home/od26udiz/miniconda3/bin/SvtAv1EncApp -i /home/od26udiz/Desktop/c/Tuning-Mode-Analysis-for-SVT-AV1/SVT_AV1_Workspace/data/source/a4_360p/RedKayak_360_2997.y4m -b /home/od26udiz/Desktop/c/Tuning-Mode-Analysis-for-SVT-AV1/SVT_AV1_Workspace/data/encoded/meeting/a4_360p/RedKayak_360_2997__PSNR__p10__crf18__run1.ivf --preset 10 --crf 18 --tune 1 --lp 0 --progress 1,0,/home/od26udiz/Desktop/c/Tuning-Mode-Analysis-for-SVT-AV1/SVT_AV1_Workspace/logs/meeting/a4_360p/RedKayak_360_2997__PSNR__p10__crf18__run1.log
4433fbe301116bbcacdb,2026-09-21T10:32:07.955423+00:00,meeting,ok,a4_360p,RedKayak_360_2997.y4m,/home/od26udiz/Desktop/c/Tuning-Mode-Analysis-for-SVT-AV1/SVT_AV1_Workspace/data/source/a4_360p/RedKayak_360_2997.y4m,720p_or_lower,640,360,29.97002997002997,8,420jpeg,44928844,4205131788b94668c4feef73ce44aec9,01f2123abceaff05e2cf4ff945db331bce36d8f787e213d67094f37a2f5b2ac9,PSNR,1,10,26,0,1,0,130,4.337666666666666,347,0.526247,374.352,145895424,139.137,/home/od26udiz/Desktop/c/Tuning-Mode-Analysis-for-SVT-AV1/SVT_AV1_Workspace/data/encoded/meeting/a4_360p/RedKayak_360_2997__PSNR__p10__crf26__run1.ivf,4592914,8470.755091062783,4b7a56d999e73789631d9bb9b23e10ad,f77fde421d0859ea3395a3791aadd0084df55ec6c9c3f075e334b015632816ba,/home/od26udiz/miniconda3/bin/SvtAv1EncApp -i /home/od26udiz/Desktop/c/Tuning-Mode-Analysis-for-SVT-AV1/SVT_AV1_Workspace/data/source/a4_360p/RedKayak_360_2997.y4m -b /home/od26udiz/Desktop/c/Tuning-Mode-Analysis-for-SVT-AV1/SVT_AV1_Workspace/data/encoded/meeting/a4_360p/RedKayak_360_2997__PSNR__p10__crf26__run1.ivf --preset 10 --crf 26 --tune 1 --lp 0 --progress 1,0,/home/od26udiz/Desktop/c/Tuning-Mode-Analysis-for-SVT-AV1/SVT_AV1_Workspace/logs/meeting/a4_360p/RedKayak_360_2997__PSNR__p10__crf26__run1.log
920cd714c171c03320a4,2026-09-21T10:32:08.401126+00:00,meeting,ok,a4_360p,RedKayak_360_2997.y4m,/home/od26udiz/Desktop/c/Tuning-Mode-Analysis-for-SVT-AV1/SVT_AV1_Workspace/data/source/a4_360p/RedKayak_360_2997.y4m,720p_or_lower,640,360,29.97002997002997,8,420jpeg,44928844,4205131788b94668c4feef73ce44aec9,01f2123abceaff05e2cf4ff945db331bce36d8f787e213d67094f37a2f5b2ac9,PSNR,1,10,35,0,1,0,130,4.337666666666666,312,0.422418,416.81,148594688,141.711,/home/od26udiz/Desktop/c/Tuning-Mode-Analysis-for-SVT-AV1/SVT_AV1_Workspace/data/encoded/meeting/a4_360p/RedKayak_360_2997__PSNR__p10__crf35__run1.ivf,2714338,5006.079459002537,e4349659f043022d373b94a8065c986d,148bb0ea64597cdc660a84883b670271f8caf5935703669190fefbeb8efafe8e,/home/od26udiz/miniconda3/bin/SvtAv1EncApp -i /home/od26udiz/Desktop/c/Tuning-Mode-Analysis-for-SVT-AV1/SVT_AV1_Workspace/data/source/a4_360p/RedKayak_360_2997.y4m -b /home/od26udiz/Desktop/c/Tuning-Mode-Analysis-for-SVT-AV1/SVT_AV1_Workspace/data/encoded/meeting/a4_360p/RedKayak_360_2997__PSNR__p10__crf35__run1.ivf --preset 10 --crf 35 --tune 1 --lp 0 --progress 1,0,/home/od26udiz/Desktop/c/Tuning-Mode-Analysis-for-SVT-AV1/SVT_AV1_Workspace/logs/meeting/a4_360p/RedKayak_360_2997__PSNR__p10__crf35__run1.log
6eecc972d61dfa4a4afe,2026-09-21T10:32:08.841221+00:00,meeting,ok,a4_360p,RedKayak_360_2997.y4m,/home/od26udiz/Desktop/c/Tuning-Mode-Analysis-for-SVT-AV1/SVT_AV1_Workspace/data/source/a4_360p/RedKayak_360_2997.y4m,720p_or_lower,640,360,29.97002997002997,8,420jpeg,44928844,4205131788b94668c4feef73ce44aec9,01f2123abceaff05e2cf4ff945db331bce36d8f787e213d67094f37a2f5b2ac9,PSNR,1,10,44,0,1,0,130,4.337666666666666,275,0.423531,473.223,148504576,141.625,/home/od26udiz/Desktop/c/Tuning-Mode-Analysis-for-SVT-AV1/SVT_AV1_Workspace/data/encoded/meeting/a4_360p/RedKayak_360_2997__PSNR__p10__crf44__run1.ivf,1261678,2326.924767540152,537f768d8b062461d7e7a43d9a23b18b,79a4bc5903c68c3368b0258b246d6a2ca2bdec541723bf9897d15d042236403f,/home/od26udiz/miniconda3/bin/SvtAv1EncApp -i /home/od26udiz/Desktop/c/Tuning-Mode-Analysis-for-SVT-AV1/SVT_AV1_Workspace/data/source/a4_360p/RedKayak_360_2997.y4m -b /home/od26udiz/Desktop/c/Tuning-Mode-Analysis-for-SVT-AV1/SVT_AV1_Workspace/data/encoded/meeting/a4_360p/RedKayak_360_2997__PSNR__p10__crf44__run1.ivf --preset 10 --crf 44 --tune 1 --lp 0 --progress 1,0,/home/od26udiz/Desktop/c/Tuning-Mode-Analysis-for-SVT-AV1/SVT_AV1_Workspace/logs/meeting/a4_360p/RedKayak_360_2997__PSNR__p10__crf44__run1.log
4a47c837fffd62145d23,2026-09-21T10:32:09.211974+00:00,meeting,ok,a4_360p,RedKayak_360_2997.y4m,/home/od26udiz/Desktop/c/Tuning-Mode-Analysis-for-SVT-AV1/SVT_AV1_Workspace/data/source/a4_360p/RedKayak_360_2997.y4m,720p_or_lower,640,360,29.97002997002997,8,420jpeg,44928844,4205131788b94668c4feef73ce44aec9,01f2123abceaff05e2cf4ff945db331bce36d8f787e213d67094f37a2f5b2ac9,PSNR,1,10,52,0,1,0,130,4.337666666666666,245,0.320769,529.836,149573632,142.645,/home/od26udiz/Desktop/c/Tuning-Mode-Analysis-for-SVT-AV1/SVT_AV1_Workspace/data/encoded/meeting/a4_360p/RedKayak_360_2997__PSNR__p10__crf52__run1.ivf,499692,921.5867209713365,26527bc5997f1861957eb4f5e8f9b031,e9d369463216dc5b49f9bae7171b1ba0563c6f464a2bab97c9d7213a69f66c1f,/home/od26udiz/miniconda3/bin/SvtAv1EncApp -i /home/od26udiz/Desktop/c/Tuning-Mode-Analysis-for-SVT-AV1/SVT_AV1_Workspace/data/source/a4_360p/RedKayak_360_2997.y4m -b /home/od26udiz/Desktop/c/Tuning-Mode-Analysis-for-SVT-AV1/SVT_AV1_Workspace/data/encoded/meeting/a4_360p/RedKayak_360_2997__PSNR__p10__crf52__run1.ivf --preset 10 --crf 52 --tune 1 --lp 0 --progress 1,0,/home/od26udiz/Desktop/c/Tuning-Mode-Analysis-for-SVT-AV1/SVT_AV1_Workspace/logs/meeting/a4_360p/RedKayak_360_2997__PSNR__p10__crf52__run1.log
96df75d2b61b1ed3a58d,2026-09-21T10:32:09.541551+00:00,meeting,ok,a4_360p,RedKayak_360_2997.y4m,/home/od26udiz/Desktop/c/Tuning-Mode-Analysis-for-SVT-AV1/SVT_AV1_Workspace/data/source/a4_360p/RedKayak_360_2997.y4m,720p_or_lower,640,360,29.97002997002997,8,420jpeg,44928844,4205131788b94668c4feef73ce44aec9,01f2123abceaff05e2cf4ff945db331bce36d8f787e213d67094f37a2f5b2ac9,PSNR,1,10,60,0,1,0,130,4.337666666666666,190,0.319765,682.97,137433088,131.066,/home/od26udiz/Desktop/c/Tuning-Mode-Analysis-for-SVT-AV1/SVT_AV1_Workspace/data/encoded/meeting/a4_360p/RedKayak_360_2997__PSNR__p10__crf60__run1.ivf,113350,209.05248597556292,2b634ca0cca1bb980dc7e26f06fda482,5becbaa5c366df94c7cf58aadfb423584a0ac12ff3ff95cbb6608530543db559,/home/od26udiz/miniconda3/bin/SvtAv1EncApp -i /home/od26udiz/Desktop/c/Tuning-Mode-Analysis-for-SVT-AV1/SVT_AV1_Workspace/data/source/a4_360p/RedKayak_360_2997.y4m -b /home/od26udiz/Desktop/c/Tuning-Mode-Analysis-for-SVT-AV1/SVT_AV1_Workspace/data/encoded/meeting/a4_360p/RedKayak_360_2997__PSNR__p10__crf60__run1.ivf --preset 10 --crf 60 --tune 1 --lp 0 --progress 1,0,/home/od26udiz/Desktop/c/Tuning-Mode-Analysis-for-SVT-AV1/SVT_AV1_Workspace/logs/meeting/a4_360p/RedKayak_360_2997__PSNR__p10__crf60__run1.log
399fc3bdd9814a38b2ef,2026-09-21T10:32:25.224063+00:00,meeting,ok,a4_360p,RedKayak_360_2997.y4m,/home/od26udiz/Desktop/c/Tuning-Mode-Analysis-for-SVT-AV1/SVT_AV1_Workspace/data/source/a4_360p/RedKayak_360_2997.y4m,720p_or_lower,640,360,29.97002997002997,8,420jpeg,44928844,4205131788b94668c4feef73ce44aec9,01f2123abceaff05e2cf4ff945db331bce36d8f787e213d67094f37a2f5b2ac9,SSIM,2,1,18,0,1,0,130,4.337666666666666,15544,15.673891,8.364,335896576,320.336,/home/od26udiz/Desktop/c/Tuning-Mode-Analysis-for-SVT-AV1/SVT_AV1_Workspace/data/encoded/meeting/a4_360p/RedKayak_360_2997__SSIM__p1__crf18__run1.ivf,4562731,8415.088296319065,eb14e816cc8f96116aa63cffaec8733a,37cb76c987da0011a91e45b53ca71d97b4e767282c06234dcae6c5c264bcd29f,/home/od26udiz/miniconda3/bin/SvtAv1EncApp -i /home/od26udiz/Desktop/c/Tuning-Mode-Analysis-for-SVT-AV1/SVT_AV1_Workspace/data/source/a4_360p/RedKayak_360_2997.y4m -b /home/od26udiz/Desktop/c/Tuning-Mode-Analysis-for-SVT-AV1/SVT_AV1_Workspace/data/encoded/meeting/a4_360p/RedKayak_360_2997__SSIM__p1__crf18__run1.ivf --preset 1 --crf 18 --tune 2 --lp 0 --progress 1,0,/home/od26udiz/Desktop/c/Tuning-Mode-Analysis-for-SVT-AV1/SVT_AV1_Workspace/logs/meeting/a4_360p/RedKayak_360_2997__SSIM__p1__crf18__run1.log
8d649f3b9ae0c6eddb98,2026-09-21T10:32:43.673835+00:00,meeting,ok,a4_360p,RedKayak_360_2997.y4m,/home/od26udiz/Desktop/c/Tuning-Mode-Analysis-for-SVT-AV1/SVT_AV1_Workspace/data/source/a4_360p/RedKayak_360_2997.y4m,720p_or_lower,640,360,29.97002997002997,8,420jpeg,44928844,4205131788b94668c4feef73ce44aec9,01f2123abceaff05e2cf4ff945db331bce36d8f787e213d67094f37a2f5b2ac9,SSIM,2,1,26,0,1,0,130,4.337666666666666,18257,18.392476,7.12,332492800,317.09,/home/od26udiz/Desktop/c/Tuning-Mode-Analysis-for-SVT-AV1/SVT_AV1_Workspace/data/encoded/meeting/a4_360p/RedKayak_360_2997__SSIM__p1__crf26__run1.ivf,3156670,5821.876584953508,002d416d1c2d8e58cfdbfff99f692423,03379803042932f23fe9cfefb212c2fa0f927941f252ceeb3642e9c84f340bec,/home/od26udiz/miniconda3/bin/SvtAv1EncApp -i /home/od26udiz/Desktop/c/Tuning-Mode-Analysis-for-SVT-AV1/SVT_AV1_Workspace/data/source/a4_360p/RedKayak_360_2997.y4m -b /home/od26udiz/Desktop/c/Tuning-Mode-Analysis-for-SVT-AV1/SVT_AV1_Workspace/data/encoded/meeting/a4_360p/RedKayak_360_2997__SSIM__p1__crf26__run1.ivf --preset 1 --crf 26 --tune 2 --lp 0 --progress 1,0,/home/od26udiz/Desktop/c/Tuning-Mode-Analysis-for-SVT-AV1/SVT_AV1_Workspace/logs/meeting/a4_360p/RedKayak_360_2997__SSIM__p1__crf26__run1.log
2eb92ecae0f883911752,2026-09-21T10:33:03.637503+00:00,meeting,ok,a4_360p,RedKayak_360_2997.y4m,/home/od26udiz/Desktop/c/Tuning-Mode-Analysis-for-SVT-AV1/SVT_AV1_Workspace/data/source/a4_360p/RedKayak_360_2997.y4m,720p_or_lower,640,360,29.97002997002997,8,420jpeg,44928844,4205131788b94668c4feef73ce44aec9,01f2123abceaff05e2cf4ff945db331bce36d8f787e213d67094f37a2f5b2ac9,SSIM,2,1,35,0,1,0,130,4.337666666666666,19776,19.917299,6.574,350326784,334.098,/home/od26udiz/Desktop/c/Tuning-Mode-Analysis-for-SVT-AV1/SVT_AV1_Workspace/data/encoded/meeting/a4_360p/RedKayak_360_2997__SSIM__p1__crf35__run1.ivf,1676557,3092.0900637823715,f1280d3efce4e9277aefec830c38a818,90e974bea60d739afe9297bd35b1d75716c96db9f91600f3a4c912e30a1c8e9e,/home/od26udiz/miniconda3/bin/SvtAv1EncApp -i /home/od26udiz/Desktop/c/Tuning-Mode-Analysis-for-SVT-AV1/SVT_AV1_Workspace/data/source/a4_360p/RedKayak_360_2997.y4m -b /home/od26udiz/Desktop/c/Tuning-Mode-Analysis-for-SVT-AV1/SVT_AV1_Workspace/data/encoded/meeting/a4_360p/RedKayak_360_2997__SSIM__p1__crf35__run1.ivf --preset 1 --crf 35 --tune 2 --lp 0 --progress 1,0,/home/od26udiz/Desktop/c/Tuning-Mode-Analysis-for-SVT-AV1/SVT_AV1_Workspace/logs/meeting/a4_360p/RedKayak_360_2997__SSIM__p1__crf35__run1.log
fbc137acc83bd22cbed2,2026-09-21T10:33:21.109899+00:00,meeting,ok,a4_360p,RedKayak_360_2997.y4m,/home/od26udiz/Desktop/c/Tuning-Mode-Analysis-for-SVT-AV1/SVT_AV1_Workspace/data/source/a4_360p/RedKayak_360_2997.y4m,720p_or_lower,640,360,29.97002997002997,8,420jpeg,44928844,4205131788b94668c4feef73ce44aec9,01f2123abceaff05e2cf4ff945db331bce36d8f787e213d67094f37a2f5b2ac9,SSIM,2,1,44,0,1,0,130,4.337666666666666,17307,17.440102,7.511,358825984,342.203,/home/od26udiz/Desktop/c/Tuning-Mode-Analysis-for-SVT-AV1/SVT_AV1_Workspace/data/encoded/meeting/a4_360p/RedKayak_360_2997__SSIM__p1__crf44__run1.ivf,685756,1264.7463305924844,47f202a72efb099c202b6c0ca1c7e019,b6c10747135da9edf5763a08aad63a184de5c532c6b0df3e318d67c6e114e76c,/home/od26udiz/miniconda3/bin/SvtAv1EncApp -i /home/od26udiz/Desktop/c/Tuning-Mode-Analysis-for-SVT-AV1/SVT_AV1_Workspace/data/source/a4_360p/RedKayak_360_2997.y4m -b /home/od26udiz/Desktop/c/Tuning-Mode-Analysis-for-SVT-AV1/SVT_AV1_Workspace/data/encoded/meeting/a4_360p/RedKayak_360_2997__SSIM__p1__crf44__run1.ivf --preset 1 --crf 44 --tune 2 --lp 0 --progress 1,0,/home/od26udiz/Desktop/c/Tuning-Mode-Analysis-for-SVT-AV1/SVT_AV1_Workspace/logs/meeting/a4_360p/RedKayak_360_2997__SSIM__p1__crf44__run1.log
4ba6d0e6f7867d0966a3,2026-09-21T10:33:44.723135+00:00,meeting,ok,a4_360p,RedKayak_360_2997.y4m,/home/od26udiz/Desktop/c/Tuning-Mode-Analysis-for-SVT-AV1/SVT_AV1_Workspace/data/source/a4_360p/RedKayak_360_2997.y4m,720p_or_lower,640,360,29.97002997002997,8,420jpeg,44928844,4205131788b94668c4feef73ce44aec9,01f2123abceaff05e2cf4ff945db331bce36d8f787e213d67094f37a2f5b2ac9,SSIM,2,1,52,0,1,0,130,4.337666666666666,23438,23.593157,5.546,362553344,345.758,/home/od26udiz/Desktop/c/Tuning-Mode-Analysis-for-SVT-AV1/SVT_AV1_Workspace/data/encoded/meeting/a4_360p/RedKayak_360_2997__SSIM__p1__crf52__run1.ivf,269366,496.79428264043656,e3177cf9566e9650d849937e93fb85d2,da030a0776f11b35ea0fa9757b015aa50fb2076d1f29fcf046e44e3af30d2a48,/home/od26udiz/miniconda3/bin/SvtAv1EncApp -i /home/od26udiz/Desktop/c/Tuning-Mode-Analysis-for-SVT-AV1/SVT_AV1_Workspace/data/source/a4_360p/RedKayak_360_2997.y4m -b /home/od26udiz/Desktop/c/Tuning-Mode-Analysis-for-SVT-AV1/SVT_AV1_Workspace/data/encoded/meeting/a4_360p/RedKayak_360_2997__SSIM__p1__crf52__run1.ivf --preset 1 --crf 52 --tune 2 --lp 0 --progress 1,0,/home/od26udiz/Desktop/c/Tuning-Mode-Analysis-for-SVT-AV1/SVT_AV1_Workspace/logs/meeting/a4_360p/RedKayak_360_2997__SSIM__p1__crf52__run1.log
82661a5eaf765f189709,2026-09-21T10:34:05.789904+00:00,meeting,ok,a4_360p,RedKayak_360_2997.y4m,/home/od26udiz/Desktop/c/Tuning-Mode-Analysis-for-SVT-AV1/SVT_AV1_Workspace/data/source/a4_360p/RedKayak_360_2997.y4m,720p_or_lower,640,360,29.97002997002997,8,420jpeg,44928844,4205131788b94668c4feef73ce44aec9,01f2123abceaff05e2cf4ff945db331bce36d8f787e213d67094f37a2f5b2ac9,SSIM,2,1,60,0,1,0,130,4.337666666666666,20936,21.052189,6.209,568115200,541.797,/home/od26udiz/Desktop/c/Tuning-Mode-Analysis-for-SVT-AV1/SVT_AV1_Workspace/data/encoded/meeting/a4_360p/RedKayak_360_2997__SSIM__p1__crf60__run1.ivf,74857,138.0594789825559,3d9c1512f969641e184ab6e9ac2505fa,3a6a6dbae91c57c2d2d4725717d03f5b8077742f8560f34a52ed1b1368e3990a,/home/od26udiz/miniconda3/bin/SvtAv1EncApp -i /home/od26udiz/Desktop/c/Tuning-Mode-Analysis-for-SVT-AV1/SVT_AV1_Workspace/data/source/a4_360p/RedKayak_360_2997.y4m -b /home/od26udiz/Desktop/c/Tuning-Mode-Analysis-for-SVT-AV1/SVT_AV1_Workspace/data/encoded/meeting/a4_360p/RedKayak_360_2997__SSIM__p1__crf60__run1.ivf --preset 1 --crf 60 --tune 2 --lp 0 --progress 1,0,/home/od26udiz/Desktop/c/Tuning-Mode-Analysis-for-SVT-AV1/SVT_AV1_Workspace/logs/meeting/a4_360p/RedKayak_360_2997__SSIM__p1__crf60__run1.log
0157588a188153380c1a,2026-09-21T10:34:06.329130+00:00,meeting,ok,a4_360p,RedKayak_360_2997.y4m,/home/od26udiz/Desktop/c/Tuning-Mode-Analysis-for-SVT-AV1/SVT_AV1_Workspace/data/source/a4_360p/RedKayak_360_2997.y4m,720p_or_lower,640,360,29.97002997002997,8,420jpeg,44928844,4205131788b94668c4feef73ce44aec9,01f2123abceaff05e2cf4ff945db331bce36d8f787e213d67094f37a2f5b2ac9,SSIM,2,10,18,0,1,0,130,4.337666666666666,349,0.526103,372.797,148844544,141.949,/home/od26udiz/Desktop/c/Tuning-Mode-Analysis-for-SVT-AV1/SVT_AV1_Workspace/data/encoded/meeting/a4_360p/RedKayak_360_2997__SSIM__p10__crf18__run1.ivf,6272688,11568.778298624455,69f3d0dfd9506d0cb274c7e61e38fbf2,450fb3369b0d82705378df43139f25cfaa3a9a9d621baa88c43026e23d7704ff,/home/od26udiz/miniconda3/bin/SvtAv1EncApp -i /home/od26udiz/Desktop/c/Tuning-Mode-Analysis-for-SVT-AV1/SVT_AV1_Workspace/data/source/a4_360p/RedKayak_360_2997.y4m -b /home/od26udiz/Desktop/c/Tuning-Mode-Analysis-for-SVT-AV1/SVT_AV1_Workspace/data/encoded/meeting/a4_360p/RedKayak_360_2997__SSIM__p10__crf18__run1.ivf --preset 10 --crf 18 --tune 2 --lp 0 --progress 1,0,/home/od26udiz/Desktop/c/Tuning-Mode-Analysis-for-SVT-AV1/SVT_AV1_Workspace/logs/meeting/a4_360p/RedKayak_360_2997__SSIM__p10__crf18__run1.log
a7ee34dde689937b2fad,2026-09-21T10:34:06.830640+00:00,meeting,ok,a4_360p,RedKayak_360_2997.y4m,/home/od26udiz/Desktop/c/Tuning-Mode-Analysis-for-SVT-AV1/SVT_AV1_Workspace/data/source/a4_360p/RedKayak_360_2997.y4m,720p_or_lower,640,360,29.97002997002997,8,420jpeg,44928844,4205131788b94668c4feef73ce44aec9,01f2123abceaff05e2cf4ff945db331bce36d8f787e213d67094f37a2f5b2ac9,SSIM,2,10,26,0,1,0,130,4.337666666666666,315,0.423863,412.9,151289856,144.281,/home/od26udiz/Desktop/c/Tuning-Mode-Analysis-for-SVT-AV1/SVT_AV1_Workspace/data/encoded/meeting/a4_360p/RedKayak_360_2997__SSIM__p10__crf26__run1.ivf,4608283,8499.100284331054,d7f410f7a528f7ef5e1b0ddfe7ea0700,2da89cd41b467e3f77a4c6f19723ed65db689a2254be7caf35a5298322017646,/home/od26udiz/miniconda3/bin/SvtAv1EncApp -i /home/od26udiz/Desktop/c/Tuning-Mode-Analysis-for-SVT-AV1/SVT_AV1_Workspace/data/source/a4_360p/RedKayak_360_2997.y4m -b /home/od26udiz/Desktop/c/Tuning-Mode-Analysis-for-SVT-AV1/SVT_AV1_Workspace/data/encoded/meeting/a4_360p/RedKayak_360_2997__SSIM__p10__crf26__run1.ivf --preset 10 --crf 26 --tune 2 --lp 0 --progress 1,0,/home/od26udiz/Desktop/c/Tuning-Mode-Analysis-for-SVT-AV1/SVT_AV1_Workspace/logs/meeting/a4_360p/RedKayak_360_2997__SSIM__p10__crf26__run1.log
2fbcfac9c814e7bbd462,2026-09-21T10:34:07.329111+00:00,meeting,ok,a4_360p,RedKayak_360_2997.y4m,/home/od26udiz/Desktop/c/Tuning-Mode-Analysis-for-SVT-AV1/SVT_AV1_Workspace/data/source/a4_360p/RedKayak_360_2997.y4m,720p_or_lower,640,360,29.97002997002997,8,420jpeg,44928844,4205131788b94668c4feef73ce44aec9,01f2123abceaff05e2cf4ff945db331bce36d8f787e213d67094f37a2f5b2ac9,SSIM,2,10,35,0,1,0,130,4.337666666666666,279,0.431595,465.521,145514496,138.773,/home/od26udiz/Desktop/c/Tuning-Mode-Analysis-for-SVT-AV1/SVT_AV1_Workspace/data/encoded/meeting/a4_360p/RedKayak_360_2997__SSIM__p10__crf35__run1.ivf,2717453,5011.824483209099,3c064688fc597fce4e493b92387cbae5,3ae42d4c6948a921031b1c305a44b67701a06e3ff22d99652500a0ec146b5d8e,/home/od26udiz/miniconda3/bin/SvtAv1EncApp -i /home/od26udiz/Desktop/c/Tuning-Mode-Analysis-for-SVT-AV1/SVT_AV1_Workspace/data/source/a4_360p/RedKayak_360_2997.y4m -b /home/od26udiz/Desktop/c/Tuning-Mode-Analysis-for-SVT-AV1/SVT_AV1_Workspace/data/encoded/meeting/a4_360p/RedKayak_360_2997__SSIM__p10__crf35__run1.ivf --preset 10 --crf 35 --tune 2 --lp 0 --progress 1,0,/home/od26udiz/Desktop/c/Tuning-Mode-Analysis-for-SVT-AV1/SVT_AV1_Workspace/logs/meeting/a4_360p/RedKayak_360_2997__SSIM__p10__crf35__run1.log
33fbae572168383af21c,2026-09-21T10:34:07.816527+00:00,meeting,ok,a4_360p,RedKayak_360_2997.y4m,/home/od26udiz/Desktop/c/Tuning-Mode-Analysis-for-SVT-AV1/SVT_AV1_Workspace/data/source/a4_360p/RedKayak_360_2997.y4m,720p_or_lower,640,360,29.97002997002997,8,420jpeg,44928844,4205131788b94668c4feef73ce44aec9,01f2123abceaff05e2cf4ff945db331bce36d8f787e213d67094f37a2f5b2ac9,SSIM,2,10,44,0,1,0,130,4.337666666666666,286,0.441873,454.463,150261760,143.301,/home/od26udiz/Desktop/c/Tuning-Mode-Analysis-for-SVT-AV1/SVT_AV1_Workspace/data/encoded/meeting/a4_360p/RedKayak_360_2997__SSIM__p10__crf44__run1.ivf,1195581,2205.0214400983637,5a38b76b9ec2acef1e99538bf53244a6,39da7f16d275d6299f2b5b706313a953ac32035dad5c85aa3ac5400d0c86babc,/home/od26udiz/miniconda3/bin/SvtAv1EncApp -i /home/od26udiz/Desktop/c/Tuning-Mode-Analysis-for-SVT-AV1/SVT_AV1_Workspace/data/source/a4_360p/RedKayak_360_2997.y4m -b /home/od26udiz/Desktop/c/Tuning-Mode-Analysis-for-SVT-AV1/SVT_AV1_Workspace/data/encoded/meeting/a4_360p/RedKayak_360_2997__SSIM__p10__crf44__run1.ivf --preset 10 --crf 44 --tune 2 --lp 0 --progress 1,0,/home/od26udiz/Desktop/c/Tuning-Mode-Analysis-for-SVT-AV1/SVT_AV1_Workspace/logs/meeting/a4_360p/RedKayak_360_2997__SSIM__p10__crf44__run1.log
e92fb7bd7231f3a6f586,2026-09-21T10:34:08.145170+00:00,meeting,ok,a4_360p,RedKayak_360_2997.y4m,/home/od26udiz/Desktop/c/Tuning-Mode-Analysis-for-SVT-AV1/SVT_AV1_Workspace/data/source/a4_360p/RedKayak_360_2997.y4m,720p_or_lower,640,360,29.97002997002997,8,420jpeg,44928844,4205131788b94668c4feef73ce44aec9,01f2123abceaff05e2cf4ff945db331bce36d8f787e213d67094f37a2f5b2ac9,SSIM,2,10,52,0,1,0,130,4.337666666666666,256,0.317487,508.08,144699392,137.996,/home/od26udiz/Desktop/c/Tuning-Mode-Analysis-for-SVT-AV1/SVT_AV1_Workspace/data/encoded/meeting/a4_360p/RedKayak_360_2997__SSIM__p10__crf52__run1.ivf,429577,792.2729578114194,8c7eb817b109aa5a2af3012e86563cd4,151e3ee57a0a7467e3a0093c733477f7c0c119edbf793ede33a3fef2d2d0d1ed,/home/od26udiz/miniconda3/bin/SvtAv1EncApp -i /home/od26udiz/Desktop/c/Tuning-Mode-Analysis-for-SVT-AV1/SVT_AV1_Workspace/data/source/a4_360p/RedKayak_360_2997.y4m -b /home/od26udiz/Desktop/c/Tuning-Mode-Analysis-for-SVT-AV1/SVT_AV1_Workspace/data/encoded/meeting/a4_360p/RedKayak_360_2997__SSIM__p10__crf52__run1.ivf --preset 10 --crf 52 --tune 2 --lp 0 --progress 1,0,/home/od26udiz/Desktop/c/Tuning-Mode-Analysis-for-SVT-AV1/SVT_AV1_Workspace/logs/meeting/a4_360p/RedKayak_360_2997__SSIM__p10__crf52__run1.log
1cc7186e5d582540c1fb,2026-09-21T10:34:08.471985+00:00,meeting,ok,a4_360p,RedKayak_360_2997.y4m,/home/od26udiz/Desktop/c/Tuning-Mode-Analysis-for-SVT-AV1/SVT_AV1_Workspace/data/source/a4_360p/RedKayak_360_2997.y4m,720p_or_lower,640,360,29.97002997002997,8,420jpeg,44928844,4205131788b94668c4feef73ce44aec9,01f2123abceaff05e2cf4ff945db331bce36d8f787e213d67094f37a2f5b2ac9,SSIM,2,10,60,0,1,0,130,4.337666666666666,189,0.318796,687.322,141307904,134.762,/home/od26udiz/Desktop/c/Tuning-Mode-Analysis-for-SVT-AV1/SVT_AV1_Workspace/data/encoded/meeting/a4_360p/RedKayak_360_2997__SSIM__p10__crf60__run1.ivf,101062,186.3896103896104,42b22ac1700eddced88bafbde7c97fc3,b71f234339010e86f77cb8745f33cc1e6d055309d858871cfd6e6db4dd46715b,/home/od26udiz/miniconda3/bin/SvtAv1EncApp -i /home/od26udiz/Desktop/c/Tuning-Mode-Analysis-for-SVT-AV1/SVT_AV1_Workspace/data/source/a4_360p/RedKayak_360_2997.y4m -b /home/od26udiz/Desktop/c/Tuning-Mode-Analysis-for-SVT-AV1/SVT_AV1_Workspace/data/encoded/meeting/a4_360p/RedKayak_360_2997__SSIM__p10__crf60__run1.ivf --preset 10 --crf 60 --tune 2 --lp 0 --progress 1,0,/home/od26udiz/Desktop/c/Tuning-Mode-Analysis-for-SVT-AV1/SVT_AV1_Workspace/logs/meeting/a4_360p/RedKayak_360_2997__SSIM__p10__crf60__run1.log
002e56a856c6ca8b6859,2026-09-21T10:34:24.606575+00:00,meeting,ok,a4_360p,RedKayak_360_2997.y4m,/home/od26udiz/Desktop/c/Tuning-Mode-Analysis-for-SVT-AV1/SVT_AV1_Workspace/data/source/a4_360p/RedKayak_360_2997.y4m,720p_or_lower,640,360,29.97002997002997,8,420jpeg,44928844,4205131788b94668c4feef73ce44aec9,01f2123abceaff05e2cf4ff945db331bce36d8f787e213d67094f37a2f5b2ac9,MS_SSIM,4,1,18,0,1,0,130,4.337666666666666,15978,16.123068,8.136,339640320,323.906,/home/od26udiz/Desktop/c/Tuning-Mode-Analysis-for-SVT-AV1/SVT_AV1_Workspace/data/encoded/meeting/a4_360p/RedKayak_360_2997__MS_SSIM__p1__crf18__run1.ivf,5617669,10360.720510258972,d2c261124ac01a6e17c3efbcdf935e2e,ae55520ce2b52698973a59aad53c813a344d41359b1b46caca78cd994bf968c9,/home/od26udiz/miniconda3/bin/SvtAv1EncApp -i /home/od26udiz/Desktop/c/Tuning-Mode-Analysis-for-SVT-AV1/SVT_AV1_Workspace/data/source/a4_360p/RedKayak_360_2997.y4m -b /home/od26udiz/Desktop/c/Tuning-Mode-Analysis-for-SVT-AV1/SVT_AV1_Workspace/data/encoded/meeting/a4_360p/RedKayak_360_2997__MS_SSIM__p1__crf18__run1.ivf --preset 1 --crf 18 --tune 4 --lp 0 --progress 1,0,/home/od26udiz/Desktop/c/Tuning-Mode-Analysis-for-SVT-AV1/SVT_AV1_Workspace/logs/meeting/a4_360p/RedKayak_360_2997__MS_SSIM__p1__crf18__run1.log
eda2e24cf6b05f19e3a0,2026-09-21T10:34:42.525527+00:00,meeting,ok,a4_360p,RedKayak_360_2997.y4m,/home/od26udiz/Desktop/c/Tuning-Mode-Analysis-for-SVT-AV1/SVT_AV1_Workspace/data/source/a4_360p/RedKayak_360_2997.y4m,720p_or_lower,640,360,29.97002997002997,8,420jpeg,44928844,4205131788b94668c4feef73ce44aec9,01f2123abceaff05e2cf4ff945db331bce36d8f787e213d67094f37a2f5b2ac9,MS_SSIM,4,1,26,0,1,0,130,4.337666666666666,17693,17.854679,7.348,342863872,326.98,/home/od26udiz/Desktop/c/Tuning-Mode-Analysis-for-SVT-AV1/SVT_AV1_Workspace/data/encoded/meeting/a4_360p/RedKayak_360_2997__MS_SSIM__p1__crf26__run1.ivf,4120885,7600.1875048028905,ec92bf847a3edbf0c673509ad159996a,28020097b090ca9534191ae5b385e58b98cf9f4668ffc93c87e2dae9be65cae1,/home/od26udiz/miniconda3/bin/SvtAv1EncApp -i /home/od26udiz/Desktop/c/Tuning-Mode-Analysis-for-SVT-AV1/SVT_AV1_Workspace/data/source/a4_360p/RedKayak_360_2997.y4m -b /home/od26udiz/Desktop/c/Tuning-Mode-Analysis-for-SVT-AV1/SVT_AV1_Workspace/data/encoded/meeting/a4_360p/RedKayak_360_2997__MS_SSIM__p1__crf26__run1.ivf --preset 1 --crf 26 --tune 4 --lp 0 --progress 1,0,/home/od26udiz/Desktop/c/Tuning-Mode-Analysis-for-SVT-AV1/SVT_AV1_Workspace/logs/meeting/a4_360p/RedKayak_360_2997__MS_SSIM__p1__crf26__run1.log
f9cb151ab3081ec2fe9c,2026-09-21T10:35:00.881897+00:00,meeting,ok,a4_360p,RedKayak_360_2997.y4m,/home/od26udiz/Desktop/c/Tuning-Mode-Analysis-for-SVT-AV1/SVT_AV1_Workspace/data/source/a4_360p/RedKayak_360_2997.y4m,720p_or_lower,640,360,29.97002997002997,8,420jpeg,44928844,4205131788b94668c4feef73ce44aec9,01f2123abceaff05e2cf4ff945db331bce36d8f787e213d67094f37a2f5b2ac9,MS_SSIM,4,1,35,0,1,0,130,4.337666666666666,18160,18.302498,7.159,352624640,336.289,/home/od26udiz/Desktop/c/Tuning-Mode-Analysis-for-SVT-AV1/SVT_AV1_Workspace/data/encoded/meeting/a4_360p/RedKayak_360_2997__MS_SSIM__p1__crf35__run1.ivf,2567963,4736.118650580189,881961007a5d8638b103f00c64cb3c35,9341248e6deb912c81f209b0ea3c540a8e180455637339f94362c5005212f6f9,/home/od26udiz/miniconda3/bin/SvtAv1EncApp -i /home/od26udiz/Desktop/c/Tuning-Mode-Analysis-for-SVT-AV1/SVT_AV1_Workspace/data/source/a4_360p/RedKayak_360_2997.y4m -b /home/od26udiz/Desktop/c/Tuning-Mode-Analysis-for-SVT-AV1/SVT_AV1_Workspace/data/encoded/meeting/a4_360p/RedKayak_360_2997__MS_SSIM__p1__crf35__run1.ivf --preset 1 --crf 35 --tune 4 --lp 0 --progress 1,0,/home/od26udiz/Desktop/c/Tuning-Mode-Analysis-for-SVT-AV1/SVT_AV1_Workspace/logs/meeting/a4_360p/RedKayak_360_2997__MS_SSIM__p1__crf35__run1.log
bcc7b2f94d756a0e7569,2026-09-21T10:35:20.077441+00:00,meeting,ok,a4_360p,RedKayak_360_2997.y4m,/home/od26udiz/Desktop/c/Tuning-Mode-Analysis-for-SVT-AV1/SVT_AV1_Workspace/data/source/a4_360p/RedKayak_360_2997.y4m,720p_or_lower,640,360,29.97002997002997,8,420jpeg,44928844,4205131788b94668c4feef73ce44aec9,01f2123abceaff05e2cf4ff945db331bce36d8f787e213d67094f37a2f5b2ac9,MS_SSIM,4,1,44,0,1,0,130,4.337666666666666,19026,19.154544,6.833,356536320,340.02,/home/od26udiz/Desktop/c/Tuning-Mode-Analysis-for-SVT-AV1/SVT_AV1_Workspace/data/encoded/meeting/a4_360p/RedKayak_360_2997__MS_SSIM__p1__crf44__run1.ivf,1214313,2239.5690463382775,3441df980589efebad62f7c48ac4d14d,9a05f9c87ecc6ebf9336729c22dde87c70d0ad3c156e87a471879d56379ad6c5,/home/od26udiz/miniconda3/bin/SvtAv1EncApp -i /home/od26udiz/Desktop/c/Tuning-Mode-Analysis-for-SVT-AV1/SVT_AV1_Workspace/data/source/a4_360p/RedKayak_360_2997.y4m -b /home/od26udiz/Desktop/c/Tuning-Mode-Analysis-for-SVT-AV1/SVT_AV1_Workspace/data/encoded/meeting/a4_360p/RedKayak_360_2997__MS_SSIM__p1__crf44__run1.ivf --preset 1 --crf 44 --tune 4 --lp 0 --progress 1,0,/home/od26udiz/Desktop/c/Tuning-Mode-Analysis-for-SVT-AV1/SVT_AV1_Workspace/logs/meeting/a4_360p/RedKayak_360_2997__MS_SSIM__p1__crf44__run1.log
da209b09dd96aa5a6063,2026-09-21T10:35:45.665978+00:00,meeting,ok,a4_360p,RedKayak_360_2997.y4m,/home/od26udiz/Desktop/c/Tuning-Mode-Analysis-for-SVT-AV1/SVT_AV1_Workspace/data/source/a4_360p/RedKayak_360_2997.y4m,720p_or_lower,640,360,29.97002997002997,8,420jpeg,44928844,4205131788b94668c4feef73ce44aec9,01f2123abceaff05e2cf4ff945db331bce36d8f787e213d67094f37a2f5b2ac9,MS_SSIM,4,1,52,0,1,0,130,4.337666666666666,25368,25.558902,5.125,369537024,352.418,/home/od26udiz/Desktop/c/Tuning-Mode-Analysis-for-SVT-AV1/SVT_AV1_Workspace/data/encoded/meeting/a4_360p/RedKayak_360_2997__MS_SSIM__p1__crf52__run1.ivf,543128,1001.6961500038424,7166e29571fa9f72bb2a5cad6a331c39,f2de6f5618647e4bf0e9b7970fb9df135c5ea00ab3597dad5121d814d4a20207,/home/od26udiz/miniconda3/bin/SvtAv1EncApp -i /home/od26udiz/Desktop/c/Tuning-Mode-Analysis-for-SVT-AV1/SVT_AV1_Workspace/data/source/a4_360p/RedKayak_360_2997.y4m -b /home/od26udiz/Desktop/c/Tuning-Mode-Analysis-for-SVT-AV1/SVT_AV1_Workspace/data/encoded/meeting/a4_360p/RedKayak_360_2997__MS_SSIM__p1__crf52__run1.ivf --preset 1 --crf 52 --tune 4 --lp 0 --progress 1,0,/home/od26udiz/Desktop/c/Tuning-Mode-Analysis-for-SVT-AV1/SVT_AV1_Workspace/logs/meeting/a4_360p/RedKayak_360_2997__MS_SSIM__p1__crf52__run1.log
c3895ecb39a3b1c10055,2026-09-21T10:36:07.028280+00:00,meeting,ok,a4_360p,RedKayak_360_2997.y4m,/home/od26udiz/Desktop/c/Tuning-Mode-Analysis-for-SVT-AV1/SVT_AV1_Workspace/data/source/a4_360p/RedKayak_360_2997.y4m,720p_or_lower,640,360,29.97002997002997,8,420jpeg,44928844,4205131788b94668c4feef73ce44aec9,01f2123abceaff05e2cf4ff945db331bce36d8f787e213d67094f37a2f5b2ac9,MS_SSIM,4,1,60,0,1,0,130,4.337666666666666,21222,21.344191,6.126,373166080,355.879,/home/od26udiz/Desktop/c/Tuning-Mode-Analysis-for-SVT-AV1/SVT_AV1_Workspace/data/encoded/meeting/a4_360p/RedKayak_360_2997__MS_SSIM__p1__crf60__run1.ivf,177798,327.9145469914701,273a050b17db04d574db249c2cfa89a5,09fe09b658da9394bbca4a506701f4d97e9834b291543f5a3252c00d46cce22f,/home/od26udiz/miniconda3/bin/SvtAv1EncApp -i /home/od26udiz/Desktop/c/Tuning-Mode-Analysis-for-SVT-AV1/SVT_AV1_Workspace/data/source/a4_360p/RedKayak_360_2997.y4m -b /home/od26udiz/Desktop/c/Tuning-Mode-Analysis-for-SVT-AV1/SVT_AV1_Workspace/data/encoded/meeting/a4_360p/RedKayak_360_2997__MS_SSIM__p1__crf60__run1.ivf --preset 1 --crf 60 --tune 4 --lp 0 --progress 1,0,/home/od26udiz/Desktop/c/Tuning-Mode-Analysis-for-SVT-AV1/SVT_AV1_Workspace/logs/meeting/a4_360p/RedKayak_360_2997__MS_SSIM__p1__crf60__run1.log
8d203b6c293f2378d011,2026-09-21T10:36:07.667020+00:00,meeting,ok,a4_360p,RedKayak_360_2997.y4m,/home/od26udiz/Desktop/c/Tuning-Mode-Analysis-for-SVT-AV1/SVT_AV1_Workspace/data/source/a4_360p/RedKayak_360_2997.y4m,720p_or_lower,640,360,29.97002997002997,8,420jpeg,44928844,4205131788b94668c4feef73ce44aec9,01f2123abceaff05e2cf4ff945db331bce36d8f787e213d67094f37a2f5b2ac9,MS_SSIM,4,10,18,0,1,0,130,4.337666666666666,476,0.629626,273.319,154095616,146.957,/home/od26udiz/Desktop/c/Tuning-Mode-Analysis-for-SVT-AV1/SVT_AV1_Workspace/data/encoded/meeting/a4_360p/RedKayak_360_2997__MS_SSIM__p10__crf18__run1.ivf,6575223,12126.746484284946,c34303256723fa48c0fd499230119287,77958f42a1ba4fa6a44c6c25814ed39d30236a85716f1bc0074421bc40b97c13,/home/od26udiz/miniconda3/bin/SvtAv1EncApp -i /home/od26udiz/Desktop/c/Tuning-Mode-Analysis-for-SVT-AV1/SVT_AV1_Workspace/data/source/a4_360p/RedKayak_360_2997.y4m -b /home/od26udiz/Desktop/c/Tuning-Mode-Analysis-for-SVT-AV1/SVT_AV1_Workspace/data/encoded/meeting/a4_360p/RedKayak_360_2997__MS_SSIM__p10__crf18__run1.ivf --preset 10 --crf 18 --tune 4 --lp 0 --progress 1,0,/home/od26udiz/Desktop/c/Tuning-Mode-Analysis-for-SVT-AV1/SVT_AV1_Workspace/logs/meeting/a4_360p/RedKayak_360_2997__MS_SSIM__p10__crf18__run1.log
6514c47b21f029f10965,2026-09-21T10:36:08.396383+00:00,meeting,ok,a4_360p,RedKayak_360_2997.y4m,/home/od26udiz/Desktop/c/Tuning-Mode-Analysis-for-SVT-AV1/SVT_AV1_Workspace/data/source/a4_360p/RedKayak_360_2997.y4m,720p_or_lower,640,360,29.97002997002997,8,420jpeg,44928844,4205131788b94668c4feef73ce44aec9,01f2123abceaff05e2cf4ff945db331bce36d8f787e213d67094f37a2f5b2ac9,MS_SSIM,4,10,26,0,1,0,130,4.337666666666666,455,0.637023,285.601,154193920,147.051,/home/od26udiz/Desktop/c/Tuning-Mode-Analysis-for-SVT-AV1/SVT_AV1_Workspace/data/encoded/meeting/a4_360p/RedKayak_360_2997__MS_SSIM__p10__crf26__run1.ivf,4766213,8790.372089449012,cec3e30b0ee5fb26a3650fbf41262594,bea6219734ae502d410a62c41ebc1846e4b239c57dd1c99eddfc6c3650d3e9b1,/home/od26udiz/miniconda3/bin/SvtAv1EncApp -i /home/od26udiz/Desktop/c/Tuning-Mode-Analysis-for-SVT-AV1/SVT_AV1_Workspace/data/source/a4_360p/RedKayak_360_2997.y4m -b /home/od26udiz/Desktop/c/Tuning-Mode-Analysis-for-SVT-AV1/SVT_AV1_Workspace/data/encoded/meeting/a4_360p/RedKayak_360_2997__MS_SSIM__p10__crf26__run1.ivf --preset 10 --crf 26 --tune 4 --lp 0 --progress 1,0,/home/od26udiz/Desktop/c/Tuning-Mode-Analysis-for-SVT-AV1/SVT_AV1_Workspace/logs/meeting/a4_360p/RedKayak_360_2997__MS_SSIM__p10__crf26__run1.log
988d93c060d77118ccc1,2026-09-21T10:36:09.113174+00:00,meeting,ok,a4_360p,RedKayak_360_2997.y4m,/home/od26udiz/Desktop/c/Tuning-Mode-Analysis-for-SVT-AV1/SVT_AV1_Workspace/data/source/a4_360p/RedKayak_360_2997.y4m,720p_or_lower,640,360,29.97002997002997,8,420jpeg,44928844,4205131788b94668c4feef73ce44aec9,01f2123abceaff05e2cf4ff945db331bce36d8f787e213d67094f37a2f5b2ac9,MS_SSIM,4,10,35,0,1,0,130,4.337666666666666,440,0.64514,295.638,150487040,143.516,/home/od26udiz/Desktop/c/Tuning-Mode-Analysis-for-SVT-AV1/SVT_AV1_Workspace/data/encoded/meeting/a4_360p/RedKayak_360_2997__MS_SSIM__p10__crf35__run1.ivf,3024273,5577.695535233996,21a1c9463d49d0e83ae34923810754f8,04f87ef80a2c92f4d3e5435f8ce34a27e8394493c192d1a0801e54b46af26077,/home/od26udiz/miniconda3/bin/SvtAv1EncApp -i /home/od26udiz/Desktop/c/Tuning-Mode-Analysis-for-SVT-AV1/SVT_AV1_Workspace/data/source/a4_360p/RedKayak_360_2997.y4m -b /home/od26udiz/Desktop/c/Tuning-Mode-Analysis-for-SVT-AV1/SVT_AV1_Workspace/data/encoded/meeting/a4_360p/RedKayak_360_2997__MS_SSIM__p10__crf35__run1.ivf --preset 10 --crf 35 --tune 4 --lp 0 --progress 1,0,/home/od26udiz/Desktop/c/Tuning-Mode-Analysis-for-SVT-AV1/SVT_AV1_Workspace/logs/meeting/a4_360p/RedKayak_360_2997__MS_SSIM__p10__crf35__run1.log
3fe0b721736c339f4e9a,2026-09-21T10:36:09.709549+00:00,meeting,ok,a4_360p,RedKayak_360_2997.y4m,/home/od26udiz/Desktop/c/Tuning-Mode-Analysis-for-SVT-AV1/SVT_AV1_Workspace/data/source/a4_360p/RedKayak_360_2997.y4m,720p_or_lower,640,360,29.97002997002997,8,420jpeg,44928844,4205131788b94668c4feef73ce44aec9,01f2123abceaff05e2cf4ff945db331bce36d8f787e213d67094f37a2f5b2ac9,MS_SSIM,4,10,44,0,1,0,130,4.337666666666666,373,0.542539,348.364,150970368,143.977,/home/od26udiz/Desktop/c/Tuning-Mode-Analysis-for-SVT-AV1/SVT_AV1_Workspace/data/encoded/meeting/a4_360p/RedKayak_360_2997__MS_SSIM__p10__crf44__run1.ivf,1547033,2853.2077153615614,1a36f6cb62f5edba8fcabeae4532d228,21dac8714a70a61eff28a21af5f114b17bcdcbadf244e366da164fbe2e48494b,/home/od26udiz/miniconda3/bin/SvtAv1EncApp -i /home/od26udiz/Desktop/c/Tuning-Mode-Analysis-for-SVT-AV1/SVT_AV1_Workspace/data/source/a4_360p/RedKayak_360_2997.y4m -b /home/od26udiz/Desktop/c/Tuning-Mode-Analysis-for-SVT-AV1/SVT_AV1_Workspace/data/encoded/meeting/a4_360p/RedKayak_360_2997__MS_SSIM__p10__crf44__run1.ivf --preset 10 --crf 44 --tune 4 --lp 0 --progress 1,0,/home/od26udiz/Desktop/c/Tuning-Mode-Analysis-for-SVT-AV1/SVT_AV1_Workspace/logs/meeting/a4_360p/RedKayak_360_2997__MS_SSIM__p10__crf44__run1.log
4237139544f94c031024,2026-09-21T10:36:10.186490+00:00,meeting,ok,a4_360p,RedKayak_360_2997.y4m,/home/od26udiz/Desktop/c/Tuning-Mode-Analysis-for-SVT-AV1/SVT_AV1_Workspace/data/source/a4_360p/RedKayak_360_2997.y4m,720p_or_lower,640,360,29.97002997002997,8,420jpeg,44928844,4205131788b94668c4feef73ce44aec9,01f2123abceaff05e2cf4ff945db331bce36d8f787e213d67094f37a2f5b2ac9,MS_SSIM,4,10,52,0,1,0,130,4.337666666666666,307,0.442705,423.613,149921792,142.977,/home/od26udiz/Desktop/c/Tuning-Mode-Analysis-for-SVT-AV1/SVT_AV1_Workspace/data/encoded/meeting/a4_360p/RedKayak_360_2997__MS_SSIM__p10__crf52__run1.ivf,717182,1322.7056020902176,1a08859a9f4a473d33c7e673e4340757,b914938ee7a104b287f9672ff52d110b071f50f106b3867d07258216ef1457dd,/home/od26udiz/miniconda3/bin/SvtAv1EncApp -i /home/od26udiz/Desktop/c/Tuning-Mode-Analysis-for-SVT-AV1/SVT_AV1_Workspace/data/source/a4_360p/RedKayak_360_2997.y4m -b /home/od26udiz/Desktop/c/Tuning-Mode-Analysis-for-SVT-AV1/SVT_AV1_Workspace/data/encoded/meeting/a4_360p/RedKayak_360_2997__MS_SSIM__p10__crf52__run1.ivf --preset 10 --crf 52 --tune 4 --lp 0 --progress 1,0,/home/od26udiz/Desktop/c/Tuning-Mode-Analysis-for-SVT-AV1/SVT_AV1_Workspace/logs/meeting/a4_360p/RedKayak_360_2997__MS_SSIM__p10__crf52__run1.log
af7e3f76645a4d8bcc4b,2026-09-21T10:36:10.547142+00:00,meeting,ok,a4_360p,RedKayak_360_2997.y4m,/home/od26udiz/Desktop/c/Tuning-Mode-Analysis-for-SVT-AV1/SVT_AV1_Workspace/data/source/a4_360p/RedKayak_360_2997.y4m,720p_or_lower,640,360,29.97002997002997,8,420jpeg,44928844,4205131788b94668c4feef73ce44aec9,01f2123abceaff05e2cf4ff945db331bce36d8f787e213d67094f37a2f5b2ac9,MS_SSIM,4,10,60,0,1,0,130,4.337666666666666,217,0.339253,597.993,147496960,140.664,/home/od26udiz/Desktop/c/Tuning-Mode-Analysis-for-SVT-AV1/SVT_AV1_Workspace/data/encoded/meeting/a4_360p/RedKayak_360_2997__MS_SSIM__p10__crf60__run1.ivf,211248,389.6067009913164,26615c0fa1ffeb46919f38e853d8c63b,d6eeed2c6fe2384ceabcfdc3e7470ef85e58d2ac9ac9d94e06ebad16463b219a,/home/od26udiz/miniconda3/bin/SvtAv1EncApp -i /home/od26udiz/Desktop/c/Tuning-Mode-Analysis-for-SVT-AV1/SVT_AV1_Workspace/data/source/a4_360p/RedKayak_360_2997.y4m -b /home/od26udiz/Desktop/c/Tuning-Mode-Analysis-for-SVT-AV1/SVT_AV1_Workspace/data/encoded/meeting/a4_360p/RedKayak_360_2997__MS_SSIM__p10__crf60__run1.ivf --preset 10 --crf 60 --tune 4 --lp 0 --progress 1,0,/home/od26udiz/Desktop/c/Tuning-Mode-Analysis-for-SVT-AV1/SVT_AV1_Workspace/logs/meeting/a4_360p/RedKayak_360_2997__MS_SSIM__p10__crf60__run1.log
9f21d3ed56fc5a0262aa,2026-09-21T10:36:26.455750+00:00,meeting,ok,a4_360p,RedKayak_360_2997.y4m,/home/od26udiz/Desktop/c/Tuning-Mode-Analysis-for-SVT-AV1/SVT_AV1_Workspace/data/source/a4_360p/RedKayak_360_2997.y4m,720p_or_lower,640,360,29.97002997002997,8,420jpeg,44928844,4205131788b94668c4feef73ce44aec9,01f2123abceaff05e2cf4ff945db331bce36d8f787e213d67094f37a2f5b2ac9,VMAF,5,1,18,0,1,0,130,4.337666666666666,15712,15.897431,8.274,329412608,314.152,/home/od26udiz/Desktop/c/Tuning-Mode-Analysis-for-SVT-AV1/SVT_AV1_Workspace/data/encoded/meeting/a4_360p/RedKayak_360_2997__VMAF__p1__crf18__run1.ivf,4866552,8975.42826404365,7bc18da8c2f7e5128a9bdabb573ec315,6c9f4c5e97de689851a68c1d60100840f323b2446c9b52a7e81ae6948b68c5cd,/home/od26udiz/miniconda3/bin/SvtAv1EncApp -i /home/od26udiz/Desktop/c/Tuning-Mode-Analysis-for-SVT-AV1/SVT_AV1_Workspace/data/source/a4_360p/RedKayak_360_2997.y4m -b /home/od26udiz/Desktop/c/Tuning-Mode-Analysis-for-SVT-AV1/SVT_AV1_Workspace/data/encoded/meeting/a4_360p/RedKayak_360_2997__VMAF__p1__crf18__run1.ivf --preset 1 --crf 18 --tune 5 --lp 0 --progress 1,0,/home/od26udiz/Desktop/c/Tuning-Mode-Analysis-for-SVT-AV1/SVT_AV1_Workspace/logs/meeting/a4_360p/RedKayak_360_2997__VMAF__p1__crf18__run1.log
1405756ac00f66976a81,2026-09-21T10:36:45.457951+00:00,meeting,ok,a4_360p,RedKayak_360_2997.y4m,/home/od26udiz/Desktop/c/Tuning-Mode-Analysis-for-SVT-AV1/SVT_AV1_Workspace/data/source/a4_360p/RedKayak_360_2997.y4m,720p_or_lower,640,360,29.97002997002997,8,420jpeg,44928844,4205131788b94668c4feef73ce44aec9,01f2123abceaff05e2cf4ff945db331bce36d8f787e213d67094f37a2f5b2ac9,VMAF,5,1,26,0,1,0,130,4.337666666666666,18782,18.940286,6.921,335282176,319.75,/home/od26udiz/Desktop/c/Tuning-Mode-Analysis-for-SVT-AV1/SVT_AV1_Workspace/data/encoded/meeting/a4_360p/RedKayak_360_2997__VMAF__p1__crf26__run1.ivf,3430817,6327.488511488512,29d4bf771c29260d4c8db7aff435315d,ec75150985f762cbdc6c040664223d00b45a170db79557c0b419eeb48a9e113d,/home/od26udiz/miniconda3/bin/SvtAv1EncApp -i /home/od26udiz/Desktop/c/Tuning-Mode-Analysis-for-SVT-AV1/SVT_AV1_Workspace/data/source/a4_360p/RedKayak_360_2997.y4m -b /home/od26udiz/Desktop/c/Tuning-Mode-Analysis-for-SVT-AV1/SVT_AV1_Workspace/data/encoded/meeting/a4_360p/RedKayak_360_2997__VMAF__p1__crf26__run1.ivf --preset 1 --crf 26 --tune 5 --lp 0 --progress 1,0,/home/od26udiz/Desktop/c/Tuning-Mode-Analysis-for-SVT-AV1/SVT_AV1_Workspace/logs/meeting/a4_360p/RedKayak_360_2997__VMAF__p1__crf26__run1.log
a3c8d610f418aef996c0,2026-09-21T10:37:04.763003+00:00,meeting,ok,a4_360p,RedKayak_360_2997.y4m,/home/od26udiz/Desktop/c/Tuning-Mode-Analysis-for-SVT-AV1/SVT_AV1_Workspace/data/source/a4_360p/RedKayak_360_2997.y4m,720p_or_lower,640,360,29.97002997002997,8,420jpeg,44928844,4205131788b94668c4feef73ce44aec9,01f2123abceaff05e2cf4ff945db331bce36d8f787e213d67094f37a2f5b2ac9,VMAF,5,1,35,0,1,0,130,4.337666666666666,19069,19.263844,6.817,350404608,334.172,/home/od26udiz/Desktop/c/Tuning-Mode-Analysis-for-SVT-AV1/SVT_AV1_Workspace/data/encoded/meeting/a4_360p/RedKayak_360_2997__VMAF__p1__crf35__run1.ivf,1926813,3553.6395911780533,575c2647ec4a3494a05b22a6f04636f6,088218580c723ad3e8728eab9ce2ba94b52f5919ad9f0c6e85c169466ec855d4,/home/od26udiz/miniconda3/bin/SvtAv1EncApp -i /home/od26udiz/Desktop/c/Tuning-Mode-Analysis-for-SVT-AV1/SVT_AV1_Workspace/data/source/a4_360p/RedKayak_360_2997.y4m -b /home/od26udiz/Desktop/c/Tuning-Mode-Analysis-for-SVT-AV1/SVT_AV1_Workspace/data/encoded/meeting/a4_360p/RedKayak_360_2997__VMAF__p1__crf35__run1.ivf --preset 1 --crf 35 --tune 5 --lp 0 --progress 1,0,/home/od26udiz/Desktop/c/Tuning-Mode-Analysis-for-SVT-AV1/SVT_AV1_Workspace/logs/meeting/a4_360p/RedKayak_360_2997__VMAF__p1__crf35__run1.log
cb69e72edd89092874f2,2026-09-21T10:37:22.245441+00:00,meeting,ok,a4_360p,RedKayak_360_2997.y4m,/home/od26udiz/Desktop/c/Tuning-Mode-Analysis-for-SVT-AV1/SVT_AV1_Workspace/data/source/a4_360p/RedKayak_360_2997.y4m,720p_or_lower,640,360,29.97002997002997,8,420jpeg,44928844,4205131788b94668c4feef73ce44aec9,01f2123abceaff05e2cf4ff945db331bce36d8f787e213d67094f37a2f5b2ac9,VMAF,5,1,44,0,1,0,130,4.337666666666666,17287,17.455353,7.52,356675584,340.152,/home/od26udiz/Desktop/c/Tuning-Mode-Analysis-for-SVT-AV1/SVT_AV1_Workspace/data/encoded/meeting/a4_360p/RedKayak_360_2997__VMAF__p1__crf44__run1.ivf,876190,1615.96557288865,35ffbf7fc01d6ee4cfc96a5c867ea346,607eeb4be81b1e7e5b580acd476eac1a264b8c92ada83691f87979bf9d08ffd8,/home/od26udiz/miniconda3/bin/SvtAv1EncApp -i /home/od26udiz/Desktop/c/Tuning-Mode-Analysis-for-SVT-AV1/SVT_AV1_Workspace/data/source/a4_360p/RedKayak_360_2997.y4m -b /home/od26udiz/Desktop/c/Tuning-Mode-Analysis-for-SVT-AV1/SVT_AV1_Workspace/data/encoded/meeting/a4_360p/RedKayak_360_2997__VMAF__p1__crf44__run1.ivf --preset 1 --crf 44 --tune 5 --lp 0 --progress 1,0,/home/od26udiz/Desktop/c/Tuning-Mode-Analysis-for-SVT-AV1/SVT_AV1_Workspace/logs/meeting/a4_360p/RedKayak_360_2997__VMAF__p1__crf44__run1.log
ba999dd4a4265cdf1de5,2026-09-21T10:37:45.635616+00:00,meeting,ok,a4_360p,RedKayak_360_2997.y4m,/home/od26udiz/Desktop/c/Tuning-Mode-Analysis-for-SVT-AV1/SVT_AV1_Workspace/data/source/a4_360p/RedKayak_360_2997.y4m,720p_or_lower,640,360,29.97002997002997,8,420jpeg,44928844,4205131788b94668c4feef73ce44aec9,01f2123abceaff05e2cf4ff945db331bce36d8f787e213d67094f37a2f5b2ac9,VMAF,5,1,52,0,1,0,130,4.337666666666666,23256,23.367754,5.59,366780416,349.789,/home/od26udiz/Desktop/c/Tuning-Mode-Analysis-for-SVT-AV1/SVT_AV1_Workspace/data/encoded/meeting/a4_360p/RedKayak_360_2997__VMAF__p1__crf52__run1.ivf,349700,644.955044955045,bb1e69073afb68cb4a7873e7de39dd54,dacb7b32fc29cf426957c9999449a9bfa35a25ddef70293ad13bf15c75aadc3f,/home/od26udiz/miniconda3/bin/SvtAv1EncApp -i /home/od26udiz/Desktop/c/Tuning-Mode-Analysis-for-SVT-AV1/SVT_AV1_Workspace/data/source/a4_360p/RedKayak_360_2997.y4m -b /home/od26udiz/Desktop/c/Tuning-Mode-Analysis-for-SVT-AV1/SVT_AV1_Workspace/data/encoded/meeting/a4_360p/RedKayak_360_2997__VMAF__p1__crf52__run1.ivf --preset 1 --crf 52 --tune 5 --lp 0 --progress 1,0,/home/od26udiz/Desktop/c/Tuning-Mode-Analysis-for-SVT-AV1/SVT_AV1_Workspace/logs/meeting/a4_360p/RedKayak_360_2997__VMAF__p1__crf52__run1.log
cd5e28113e1a5086a9e3,2026-09-21T10:38:08.303194+00:00,meeting,ok,a4_360p,RedKayak_360_2997.y4m,/home/od26udiz/Desktop/c/Tuning-Mode-Analysis-for-SVT-AV1/SVT_AV1_Workspace/data/source/a4_360p/RedKayak_360_2997.y4m,720p_or_lower,640,360,29.97002997002997,8,420jpeg,44928844,4205131788b94668c4feef73ce44aec9,01f2123abceaff05e2cf4ff945db331bce36d8f787e213d67094f37a2f5b2ac9,VMAF,5,1,60,0,1,0,130,4.337666666666666,22452,22.6488,5.79,582873088,555.871,/home/od26udiz/Desktop/c/Tuning-Mode-Analysis-for-SVT-AV1/SVT_AV1_Workspace/data/encoded/meeting/a4_360p/RedKayak_360_2997__VMAF__p1__crf60__run1.ivf,84951,156.67593944517023,12c2e53b9707e671b30d9d90796562b6,729b6a5bff9e95430b55f42459e04a30e50ec711ddbcc1ae8f40d43014a294bf,/home/od26udiz/miniconda3/bin/SvtAv1EncApp -i /home/od26udiz/Desktop/c/Tuning-Mode-Analysis-for-SVT-AV1/SVT_AV1_Workspace/data/source/a4_360p/RedKayak_360_2997.y4m -b /home/od26udiz/Desktop/c/Tuning-Mode-Analysis-for-SVT-AV1/SVT_AV1_Workspace/data/encoded/meeting/a4_360p/RedKayak_360_2997__VMAF__p1__crf60__run1.ivf --preset 1 --crf 60 --tune 5 --lp 0 --progress 1,0,/home/od26udiz/Desktop/c/Tuning-Mode-Analysis-for-SVT-AV1/SVT_AV1_Workspace/logs/meeting/a4_360p/RedKayak_360_2997__VMAF__p1__crf60__run1.log
8d12226c4c01e6c6b28c,2026-09-21T10:38:08.847929+00:00,meeting,ok,a4_360p,RedKayak_360_2997.y4m,/home/od26udiz/Desktop/c/Tuning-Mode-Analysis-for-SVT-AV1/SVT_AV1_Workspace/data/source/a4_360p/RedKayak_360_2997.y4m,720p_or_lower,640,360,29.97002997002997,8,420jpeg,44928844,4205131788b94668c4feef73ce44aec9,01f2123abceaff05e2cf4ff945db331bce36d8f787e213d67094f37a2f5b2ac9,VMAF,5,10,18,0,1,0,130,4.337666666666666,350,0.530717,371.584,152375296,145.316,/home/od26udiz/Desktop/c/Tuning-Mode-Analysis-for-SVT-AV1/SVT_AV1_Workspace/data/encoded/meeting/a4_360p/RedKayak_360_2997__VMAF__p10__crf18__run1.ivf,6581335,12138.018904172752,1afd9a0e8e5ad2e48f11db3657912538,0933868ca96808808d403a0138dfba4ee554335cffeec920d4959b4ac263f0f3,/home/od26udiz/miniconda3/bin/SvtAv1EncApp -i /home/od26udiz/Desktop/c/Tuning-Mode-Analysis-for-SVT-AV1/SVT_AV1_Workspace/data/source/a4_360p/RedKayak_360_2997.y4m -b /home/od26udiz/Desktop/c/Tuning-Mode-Analysis-for-SVT-AV1/SVT_AV1_Workspace/data/encoded/meeting/a4_360p/RedKayak_360_2997__VMAF__p10__crf18__run1.ivf --preset 10 --crf 18 --tune 5 --lp 0 --progress 1,0,/home/od26udiz/Desktop/c/Tuning-Mode-Analysis-for-SVT-AV1/SVT_AV1_Workspace/logs/meeting/a4_360p/RedKayak_360_2997__VMAF__p10__crf18__run1.log
a41fb630a6eea46e0708,2026-09-21T10:38:09.462751+00:00,meeting,ok,a4_360p,RedKayak_360_2997.y4m,/home/od26udiz/Desktop/c/Tuning-Mode-Analysis-for-SVT-AV1/SVT_AV1_Workspace/data/source/a4_360p/RedKayak_360_2997.y4m,720p_or_lower,640,360,29.97002997002997,8,420jpeg,44928844,4205131788b94668c4feef73ce44aec9,01f2123abceaff05e2cf4ff945db331bce36d8f787e213d67094f37a2f5b2ac9,VMAF,5,10,26,0,1,0,130,4.337666666666666,317,0.529454,410.35,149012480,142.109,/home/od26udiz/Desktop/c/Tuning-Mode-Analysis-for-SVT-AV1/SVT_AV1_Workspace/data/encoded/meeting/a4_360p/RedKayak_360_2997__VMAF__p10__crf26__run1.ivf,4807135,8865.844924306464,8e98dc0a988c788c73982e6e945976b5,7406eb78fa5acf90b69e01b56ba164d4351f5fef911f9629aa19ba4a5a5b017b,/home/od26udiz/miniconda3/bin/SvtAv1EncApp -i /home/od26udiz/Desktop/c/Tuning-Mode-Analysis-for-SVT-AV1/SVT_AV1_Workspace/data/source/a4_360p/RedKayak_360_2997.y4m -b /home/od26udiz/Desktop/c/Tuning-Mode-Analysis-for-SVT-AV1/SVT_AV1_Workspace/data/encoded/meeting/a4_360p/RedKayak_360_2997__VMAF__p10__crf26__run1.ivf --preset 10 --crf 26 --tune 5 --lp 0 --progress 1,0,/home/od26udiz/Desktop/c/Tuning-Mode-Analysis-for-SVT-AV1/SVT_AV1_Workspace/logs/meeting/a4_360p/RedKayak_360_2997__VMAF__p10__crf26__run1.log
0112da131ad547ce8a62,2026-09-21T10:38:09.962256+00:00,meeting,ok,a4_360p,RedKayak_360_2997.y4m,/home/od26udiz/Desktop/c/Tuning-Mode-Analysis-for-SVT-AV1/SVT_AV1_Workspace/data/source/a4_360p/RedKayak_360_2997.y4m,720p_or_lower,640,360,29.97002997002997,8,420jpeg,44928844,4205131788b94668c4feef73ce44aec9,01f2123abceaff05e2cf4ff945db331bce36d8f787e213d67094f37a2f5b2ac9,VMAF,5,10,35,0,1,0,130,4.337666666666666,294,0.427805,441.644,150458368,143.488,/home/od26udiz/Desktop/c/Tuning-Mode-Analysis-for-SVT-AV1/SVT_AV1_Workspace/data/encoded/meeting/a4_360p/RedKayak_360_2997__VMAF__p10__crf35__run1.ivf,2838809,5235.64251133482,e4f92642636c8a8ba764d71dbb132806,48fff6addec1d574f9650bca21ba598a4260b0622f49c2fa13ac3cb9043e833b,/home/od26udiz/miniconda3/bin/SvtAv1EncApp -i /home/od26udiz/Desktop/c/Tuning-Mode-Analysis-for-SVT-AV1/SVT_AV1_Workspace/data/source/a4_360p/RedKayak_360_2997.y4m -b /home/od26udiz/Desktop/c/Tuning-Mode-Analysis-for-SVT-AV1/SVT_AV1_Workspace/data/encoded/meeting/a4_360p/RedKayak_360_2997__VMAF__p10__crf35__run1.ivf --preset 10 --crf 35 --tune 5 --lp 0 --progress 1,0,/home/od26udiz/Desktop/c/Tuning-Mode-Analysis-for-SVT-AV1/SVT_AV1_Workspace/logs/meeting/a4_360p/RedKayak_360_2997__VMAF__p10__crf35__run1.log
0597883a43fb5a9c8564,2026-09-21T10:38:10.318809+00:00,meeting,ok,a4_360p,RedKayak_360_2997.y4m,/home/od26udiz/Desktop/c/Tuning-Mode-Analysis-for-SVT-AV1/SVT_AV1_Workspace/data/source/a4_360p/RedKayak_360_2997.y4m,720p_or_lower,640,360,29.97002997002997,8,420jpeg,44928844,4205131788b94668c4feef73ce44aec9,01f2123abceaff05e2cf4ff945db331bce36d8f787e213d67094f37a2f5b2ac9,VMAF,5,10,44,0,1,0,130,4.337666666666666,254,0.319718,511.785,148938752,142.039,/home/od26udiz/Desktop/c/Tuning-Mode-Analysis-for-SVT-AV1/SVT_AV1_Workspace/data/encoded/meeting/a4_360p/RedKayak_360_2997__VMAF__p10__crf44__run1.ivf,1341933,2474.939829401368,4f2aa9ac94e495044014bb0d99995e26,a060373847bc4e4cf722d37195dac7141d952d27e4560a45f219988bed596f02,/home/od26udiz/miniconda3/bin/SvtAv1EncApp -i /home/od26udiz/Desktop/c/Tuning-Mode-Analysis-for-SVT-AV1/SVT_AV1_Workspace/data/source/a4_360p/RedKayak_360_2997.y4m -b /home/od26udiz/Desktop/c/Tuning-Mode-Analysis-for-SVT-AV1/SVT_AV1_Workspace/data/encoded/meeting/a4_360p/RedKayak_360_2997__VMAF__p10__crf44__run1.ivf --preset 10 --crf 44 --tune 5 --lp 0 --progress 1,0,/home/od26udiz/Desktop/c/Tuning-Mode-Analysis-for-SVT-AV1/SVT_AV1_Workspace/logs/meeting/a4_360p/RedKayak_360_2997__VMAF__p10__crf44__run1.log
521ab5eca44d65ff88f2,2026-09-21T10:38:10.682895+00:00,meeting,ok,a4_360p,RedKayak_360_2997.y4m,/home/od26udiz/Desktop/c/Tuning-Mode-Analysis-for-SVT-AV1/SVT_AV1_Workspace/data/source/a4_360p/RedKayak_360_2997.y4m,720p_or_lower,640,360,29.97002997002997,8,420jpeg,44928844,4205131788b94668c4feef73ce44aec9,01f2123abceaff05e2cf4ff945db331bce36d8f787e213d67094f37a2f5b2ac9,VMAF,5,10,52,0,1,0,130,4.337666666666666,244,0.335255,531.767,145293312,138.562,/home/od26udiz/Desktop/c/Tuning-Mode-Analysis-for-SVT-AV1/SVT_AV1_Workspace/data/encoded/meeting/a4_360p/RedKayak_360_2997__VMAF__p10__crf52__run1.ivf,534830,986.3920694689926,54699a6b260cf45f43857ee004929364,49aae9d1bb5ea7ab66f0fb30323f4b37a82db40595e773704fa38298ffaa54ac,/home/od26udiz/miniconda3/bin/SvtAv1EncApp -i /home/od26udiz/Desktop/c/Tuning-Mode-Analysis-for-SVT-AV1/SVT_AV1_Workspace/data/source/a4_360p/RedKayak_360_2997.y4m -b /home/od26udiz/Desktop/c/Tuning-Mode-Analysis-for-SVT-AV1/SVT_AV1_Workspace/data/encoded/meeting/a4_360p/RedKayak_360_2997__VMAF__p10__crf52__run1.ivf --preset 10 --crf 52 --tune 5 --lp 0 --progress 1,0,/home/od26udiz/Desktop/c/Tuning-Mode-Analysis-for-SVT-AV1/SVT_AV1_Workspace/logs/meeting/a4_360p/RedKayak_360_2997__VMAF__p10__crf52__run1.log
e70f7c0596065a461dbc,2026-09-21T10:38:11.012691+00:00,meeting,ok,a4_360p,RedKayak_360_2997.y4m,/home/od26udiz/Desktop/c/Tuning-Mode-Analysis-for-SVT-AV1/SVT_AV1_Workspace/data/source/a4_360p/RedKayak_360_2997.y4m,720p_or_lower,640,360,29.97002997002997,8,420jpeg,44928844,4205131788b94668c4feef73ce44aec9,01f2123abceaff05e2cf4ff945db331bce36d8f787e213d67094f37a2f5b2ac9,VMAF,5,10,60,0,1,0,130,4.337666666666666,180,0.317442,720.337,139038720,132.598,/home/od26udiz/Desktop/c/Tuning-Mode-Analysis-for-SVT-AV1/SVT_AV1_Workspace/data/encoded/meeting/a4_360p/RedKayak_360_2997__VMAF__p10__crf60__run1.ivf,118655,218.83654806731732,57c8dc3c2236669bde9a3321b76b1c53,5927061164961d408a3c192a7055cbe95193e9d91182dd4efa1070da1e08b9c9,/home/od26udiz/miniconda3/bin/SvtAv1EncApp -i /home/od26udiz/Desktop/c/Tuning-Mode-Analysis-for-SVT-AV1/SVT_AV1_Workspace/data/source/a4_360p/RedKayak_360_2997.y4m -b /home/od26udiz/Desktop/c/Tuning-Mode-Analysis-for-SVT-AV1/SVT_AV1_Workspace/data/encoded/meeting/a4_360p/RedKayak_360_2997__VMAF__p10__crf60__run1.ivf --preset 10 --crf 60 --tune 5 --lp 0 --progress 1,0,/home/od26udiz/Desktop/c/Tuning-Mode-Analysis-for-SVT-AV1/SVT_AV1_Workspace/logs/meeting/a4_360p/RedKayak_360_2997__VMAF__p10__crf60__run1.log
d1325ea5952203ebd536,2026-09-21T10:38:16.303144+00:00,meeting,ok,a4_360p,SnowMountain_640x360_2997.y4m,/home/od26udiz/Desktop/c/Tuning-Mode-Analysis-for-SVT-AV1/SVT_AV1_Workspace/data/source/a4_360p/SnowMountain_640x360_2997.y4m,720p_or_lower,640,360,29.97002997002997,8,420jpeg,44928844,63ae6b7fb786883c2144552e98d0c4dd,5d9983f764d842498416c40a57470f9cd99842d568a5a5a92eb6e1bf32ea8edb,VQ,0,1,18,0,1,0,130,4.337666666666666,5111,5.274583,25.438,311525376,297.094,/home/od26udiz/Desktop/c/Tuning-Mode-Analysis-for-SVT-AV1/SVT_AV1_Workspace/data/encoded/meeting/a4_360p/SnowMountain_640x360_2997__VQ__p1__crf18__run1.ivf,416123,767.4596173057712,96b08187263b8140531166e631aef556,5d2c1bb7a069a7a0ad2793bb233e34f4a240660cfe9d236c7e440d386d5191e4,/home/od26udiz/miniconda3/bin/SvtAv1EncApp -i /home/od26udiz/Desktop/c/Tuning-Mode-Analysis-for-SVT-AV1/SVT_AV1_Workspace/data/source/a4_360p/SnowMountain_640x360_2997.y4m -b /home/od26udiz/Desktop/c/Tuning-Mode-Analysis-for-SVT-AV1/SVT_AV1_Workspace/data/encoded/meeting/a4_360p/SnowMountain_640x360_2997__VQ__p1__crf18__run1.ivf --preset 1 --crf 18 --tune 0 --lp 0 --progress 1,0,/home/od26udiz/Desktop/c/Tuning-Mode-Analysis-for-SVT-AV1/SVT_AV1_Workspace/logs/meeting/a4_360p/SnowMountain_640x360_2997__VQ__p1__crf18__run1.log
1dcb7b46ad9eac3cfd2d,2026-09-21T10:38:21.248949+00:00,meeting,ok,a4_360p,SnowMountain_640x360_2997.y4m,/home/od26udiz/Desktop/c/Tuning-Mode-Analysis-for-SVT-AV1/SVT_AV1_Workspace/data/source/a4_360p/SnowMountain_640x360_2997.y4m,720p_or_lower,640,360,29.97002997002997,8,420jpeg,44928844,63ae6b7fb786883c2144552e98d0c4dd,5d9983f764d842498416c40a57470f9cd99842d568a5a5a92eb6e1bf32ea8edb,VQ,0,1,26,0,1,0,130,4.337666666666666,4772,4.928682,27.242,320589824,305.738,/home/od26udiz/Desktop/c/Tuning-Mode-Analysis-for-SVT-AV1/SVT_AV1_Workspace/data/encoded/meeting/a4_360p/SnowMountain_640x360_2997__VQ__p1__crf26__run1.ivf,255760,471.7006070852225,bee3687f3da9b41d5fef33f7492899a6,4ab9d2dd97926484d83fc18fec76633b11f5ef96ae28a91b42644a29fad98d0f,/home/od26udiz/miniconda3/bin/SvtAv1EncApp -i /home/od26udiz/Desktop/c/Tuning-Mode-Analysis-for-SVT-AV1/SVT_AV1_Workspace/data/source/a4_360p/SnowMountain_640x360_2997.y4m -b /home/od26udiz/Desktop/c/Tuning-Mode-Analysis-for-SVT-AV1/SVT_AV1_Workspace/data/encoded/meeting/a4_360p/SnowMountain_640x360_2997__VQ__p1__crf26__run1.ivf --preset 1 --crf 26 --tune 0 --lp 0 --progress 1,0,/home/od26udiz/Desktop/c/Tuning-Mode-Analysis-for-SVT-AV1/SVT_AV1_Workspace/logs/meeting/a4_360p/SnowMountain_640x360_2997__VQ__p1__crf26__run1.log
b721f03a8f50030fd186,2026-09-21T10:38:25.759149+00:00,meeting,ok,a4_360p,SnowMountain_640x360_2997.y4m,/home/od26udiz/Desktop/c/Tuning-Mode-Analysis-for-SVT-AV1/SVT_AV1_Workspace/data/source/a4_360p/SnowMountain_640x360_2997.y4m,720p_or_lower,640,360,29.97002997002997,8,420jpeg,44928844,63ae6b7fb786883c2144552e98d0c4dd,5d9983f764d842498416c40a57470f9cd99842d568a5a5a92eb6e1bf32ea8edb,VQ,0,1,35,0,1,0,130,4.337666666666666,4399,4.497815,29.554,335814656,320.258,/home/od26udiz/Desktop/c/Tuning-Mode-Analysis-for-SVT-AV1/SVT_AV1_Workspace/data/encoded/meeting/a4_360p/SnowMountain_640x360_2997__VQ__p1__crf35__run1.ivf,159837,294.7889034042881,f3a14067c896ff989aa76f3472827179,d1008c11212c2e9efefd88e6357dc02d9fb8f680a930545cd94656aaed99818f,/home/od26udiz/miniconda3/bin/SvtAv1EncApp -i /home/od26udiz/Desktop/c/Tuning-Mode-Analysis-for-SVT-AV1/SVT_AV1_Workspace/data/source/a4_360p/SnowMountain_640x360_2997.y4m -b /home/od26udiz/Desktop/c/Tuning-Mode-Analysis-for-SVT-AV1/SVT_AV1_Workspace/data/encoded/meeting/a4_360p/SnowMountain_640x360_2997__VQ__p1__crf35__run1.ivf --preset 1 --crf 35 --tune 0 --lp 0 --progress 1,0,/home/od26udiz/Desktop/c/Tuning-Mode-Analysis-for-SVT-AV1/SVT_AV1_Workspace/logs/meeting/a4_360p/SnowMountain_640x360_2997__VQ__p1__crf35__run1.log
6c9eedc992156691f7ca,2026-09-21T10:38:30.568343+00:00,meeting,ok,a4_360p,SnowMountain_640x360_2997.y4m,/home/od26udiz/Desktop/c/Tuning-Mode-Analysis-for-SVT-AV1/SVT_AV1_Workspace/data/source/a4_360p/SnowMountain_640x360_2997.y4m,720p_or_lower,640,360,29.97002997002997,8,420jpeg,44928844,63ae6b7fb786883c2144552e98d0c4dd,5d9983f764d842498416c40a57470f9cd99842d568a5a5a92eb6e1bf32ea8edb,VQ,0,1,44,0,1,0,130,4.337666666666666,4668,4.800974,27.847,341508096,325.688,/home/od26udiz/Desktop/c/Tuning-Mode-Analysis-for-SVT-AV1/SVT_AV1_Workspace/data/encoded/meeting/a4_360p/SnowMountain_640x360_2997__VQ__p1__crf44__run1.ivf,106878,197.1161146545762,5b27becaed190bcaa7a3327234c021fd,4d85b5a3c0551a432da90ead409075d3be94299d9dbf033157e8f9d001c5aff0,/home/od26udiz/miniconda3/bin/SvtAv1EncApp -i /home/od26udiz/Desktop/c/Tuning-Mode-Analysis-for-SVT-AV1/SVT_AV1_Workspace/data/source/a4_360p/SnowMountain_640x360_2997.y4m -b /home/od26udiz/Desktop/c/Tuning-Mode-Analysis-for-SVT-AV1/SVT_AV1_Workspace/data/encoded/meeting/a4_360p/SnowMountain_640x360_2997__VQ__p1__crf44__run1.ivf --preset 1 --crf 44 --tune 0 --lp 0 --progress 1,0,/home/od26udiz/Desktop/c/Tuning-Mode-Analysis-for-SVT-AV1/SVT_AV1_Workspace/logs/meeting/a4_360p/SnowMountain_640x360_2997__VQ__p1__crf44__run1.log
963529dbcf54e50acb7a,2026-09-21T10:38:35.908183+00:00,meeting,ok,a4_360p,SnowMountain_640x360_2997.y4m,/home/od26udiz/Desktop/c/Tuning-Mode-Analysis-for-SVT-AV1/SVT_AV1_Workspace/data/source/a4_360p/SnowMountain_640x360_2997.y4m,720p_or_lower,640,360,29.97002997002997,8,420jpeg,44928844,63ae6b7fb786883c2144552e98d0c4dd,5d9983f764d842498416c40a57470f9cd99842d568a5a5a92eb6e1bf32ea8edb,VQ,0,1,52,0,1,0,130,4.337666666666666,5131,5.328265,25.335,346296320,330.254,/home/od26udiz/Desktop/c/Tuning-Mode-Analysis-for-SVT-AV1/SVT_AV1_Workspace/data/encoded/meeting/a4_360p/SnowMountain_640x360_2997__VQ__p1__crf52__run1.ivf,75714,139.6400522554369,97ae4d7adc8177bc16768052e94b4d6a,e41dbb2cf9d6869311213aae13c2ffe012d27331ec1945188142413ae42e240e,/home/od26udiz/miniconda3/bin/SvtAv1EncApp -i /home/od26udiz/Desktop/c/Tuning-Mode-Analysis-for-SVT-AV1/SVT_AV1_Workspace/data/source/a4_360p/SnowMountain_640x360_2997.y4m -b /home/od26udiz/Desktop/c/Tuning-Mode-Analysis-for-SVT-AV1/SVT_AV1_Workspace/data/encoded/meeting/a4_360p/SnowMountain_640x360_2997__VQ__p1__crf52__run1.ivf --preset 1 --crf 52 --tune 0 --lp 0 --progress 1,0,/home/od26udiz/Desktop/c/Tuning-Mode-Analysis-for-SVT-AV1/SVT_AV1_Workspace/logs/meeting/a4_360p/SnowMountain_640x360_2997__VQ__p1__crf52__run1.log
12196c66a038be9e7806,2026-09-21T10:38:44.470255+00:00,meeting,ok,a4_360p,SnowMountain_640x360_2997.y4m,/home/od26udiz/Desktop/c/Tuning-Mode-Analysis-for-SVT-AV1/SVT_AV1_Workspace/data/source/a4_360p/SnowMountain_640x360_2997.y4m,720p_or_lower,640,360,29.97002997002997,8,420jpeg,44928844,63ae6b7fb786883c2144552e98d0c4dd,5d9983f764d842498416c40a57470f9cd99842d568a5a5a92eb6e1bf32ea8edb,VQ,0,1,60,0,1,0,130,4.337666666666666,8395,8.549009,15.486,513171456,489.398,/home/od26udiz/Desktop/c/Tuning-Mode-Analysis-for-SVT-AV1/SVT_AV1_Workspace/data/encoded/meeting/a4_360p/SnowMountain_640x360_2997__VQ__p1__crf60__run1.ivf,51009,94.07638515330824,b1c8cc94f8894841a1ac6130071b89b0,16d003d97d20206c9f5fe0906240320fe1dae752a437f11eec48303c2e300335,/home/od26udiz/miniconda3/bin/SvtAv1EncApp -i /home/od26udiz/Desktop/c/Tuning-Mode-Analysis-for-SVT-AV1/SVT_AV1_Workspace/data/source/a4_360p/SnowMountain_640x360_2997.y4m -b /home/od26udiz/Desktop/c/Tuning-Mode-Analysis-for-SVT-AV1/SVT_AV1_Workspace/data/encoded/meeting/a4_360p/SnowMountain_640x360_2997__VQ__p1__crf60__run1.ivf --preset 1 --crf 60 --tune 0 --lp 0 --progress 1,0,/home/od26udiz/Desktop/c/Tuning-Mode-Analysis-for-SVT-AV1/SVT_AV1_Workspace/logs/meeting/a4_360p/SnowMountain_640x360_2997__VQ__p1__crf60__run1.log
2fd511147b28874b320d,2026-09-21T10:38:44.710022+00:00,meeting,ok,a4_360p,SnowMountain_640x360_2997.y4m,/home/od26udiz/Desktop/c/Tuning-Mode-Analysis-for-SVT-AV1/SVT_AV1_Workspace/data/source/a4_360p/SnowMountain_640x360_2997.y4m,720p_or_lower,640,360,29.97002997002997,8,420jpeg,44928844,63ae6b7fb786883c2144552e98d0c4dd,5d9983f764d842498416c40a57470f9cd99842d568a5a5a92eb6e1bf32ea8edb,VQ,0,10,18,0,1,0,130,4.337666666666666,134,0.229307,966.579,131735552,125.633,/home/od26udiz/Desktop/c/Tuning-Mode-Analysis-for-SVT-AV1/SVT_AV1_Workspace/data/encoded/meeting/a4_360p/SnowMountain_640x360_2997__VQ__p10__crf18__run1.ivf,669109,1234.0441097364173,7c56ef9d7df7eaedc83cb3d3035ffc21,d8b6a339d78cec0e28bac288e513558955acd7ce51163f44ab60a3d3f33d55cc,/home/od26udiz/miniconda3/bin/SvtAv1EncApp -i /home/od26udiz/Desktop/c/Tuning-Mode-Analysis-for-SVT-AV1/SVT_AV1_Workspace/data/source/a4_360p/SnowMountain_640x360_2997.y4m -b /home/od26udiz/Desktop/c/Tuning-Mode-Analysis-for-SVT-AV1/SVT_AV1_Workspace/data/encoded/meeting/a4_360p/SnowMountain_640x360_2997__VQ__p10__crf18__run1.ivf --preset 10 --crf 18 --tune 0 --lp 0 --progress 1,0,/home/od26udiz/Desktop/c/Tuning-Mode-Analysis-for-SVT-AV1/SVT_AV1_Workspace/logs/meeting/a4_360p/SnowMountain_640x360_2997__VQ__p10__crf18__run1.log
b6a548376a1db53c8e79,2026-09-21T10:38:44.935427+00:00,meeting,ok,a4_360p,SnowMountain_640x360_2997.y4m,/home/od26udiz/Desktop/c/Tuning-Mode-Analysis-for-SVT-AV1/SVT_AV1_Workspace/data/source/a4_360p/SnowMountain_640x360_2997.y4m,720p_or_lower,640,360,29.97002997002997,8,420jpeg,44928844,63ae6b7fb786883c2144552e98d0c4dd,5d9983f764d842498416c40a57470f9cd99842d568a5a5a92eb6e1bf32ea8edb,VQ,0,10,26,0,1,0,130,4.337666666666666,119,0.213028,1093.328,134012928,127.805,/home/od26udiz/Desktop/c/Tuning-Mode-Analysis-for-SVT-AV1/SVT_AV1_Workspace/data/encoded/meeting/a4_360p/SnowMountain_640x360_2997__VQ__p10__crf26__run1.ivf,339303,625.7797587028357,2c7259aa9e509566a6601236f8b8568a,7ac4f51add05e4c0a431c5c9ff0aa9738d98bca3e7ec14c7031bc97531aac1d5,/home/od26udiz/miniconda3/bin/SvtAv1EncApp -i /home/od26udiz/Desktop/c/Tuning-Mode-Analysis-for-SVT-AV1/SVT_AV1_Workspace/data/source/a4_360p/SnowMountain_640x360_2997.y4m -b /home/od26udiz/Desktop/c/Tuning-Mode-Analysis-for-SVT-AV1/SVT_AV1_Workspace/data/encoded/meeting/a4_360p/SnowMountain_640x360_2997__VQ__p10__crf26__run1.ivf --preset 10 --crf 26 --tune 0 --lp 0 --progress 1,0,/home/od26udiz/Desktop/c/Tuning-Mode-Analysis-for-SVT-AV1/SVT_AV1_Workspace/logs/meeting/a4_360p/SnowMountain_640x360_2997__VQ__p10__crf26__run1.log
2a8e3e966166e37163a0,2026-09-21T10:38:45.183528+00:00,meeting,ok,a4_360p,SnowMountain_640x360_2997.y4m,/home/od26udiz/Desktop/c/Tuning-Mode-Analysis-for-SVT-AV1/SVT_AV1_Workspace/data/source/a4_360p/SnowMountain_640x360_2997.y4m,720p_or_lower,640,360,29.97002997002997,8,420jpeg,44928844,63ae6b7fb786883c2144552e98d0c4dd,5d9983f764d842498416c40a57470f9cd99842d568a5a5a92eb6e1bf32ea8edb,VQ,0,10,35,0,1,0,130,4.337666666666666,112,0.232342,1163.707,132898816,126.742,/home/od26udiz/Desktop/c/Tuning-Mode-Analysis-for-SVT-AV1/SVT_AV1_Workspace/data/encoded/meeting/a4_360p/SnowMountain_640x360_2997__VQ__p10__crf35__run1.ivf,178382,328.9916237608545,2625b90c86a331dfd90546dd1d9d7fa9,dc81be1390bf99a60d5e717497f6c56334e38cf049e6f79f2dfe25fe2d331b58,/home/od26udiz/miniconda3/bin/SvtAv1EncApp -i /home/od26udiz/Desktop/c/Tuning-Mode-Analysis-for-SVT-AV1/SVT_AV1_Workspace/data/source/a4_360p/SnowMountain_640x360_2997.y4m -b /home/od26udiz/Desktop/c/Tuning-Mode-Analysis-for-SVT-AV1/SVT_AV1_Workspace/data/encoded/meeting/a4_360p/SnowMountain_640x360_2997__VQ__p10__crf35__run1.ivf --preset 10 --crf 35 --tune 0 --lp 0 --progress 1,0,/home/od26udiz/Desktop/c/Tuning-Mode-Analysis-for-SVT-AV1/SVT_AV1_Workspace/logs/meeting/a4_360p/SnowMountain_640x360_2997__VQ__p10__crf35__run1.log
e3da2594e2b450f3ac91,2026-09-21T10:38:45.412165+00:00,meeting,ok,a4_360p,SnowMountain_640x360_2997.y4m,/home/od26udiz/Desktop/c/Tuning-Mode-Analysis-for-SVT-AV1/SVT_AV1_Workspace/data/source/a4_360p/SnowMountain_640x360_2997.y4m,720p_or_lower,640,360,29.97002997002997,8,420jpeg,44928844,63ae6b7fb786883c2144552e98d0c4dd,5d9983f764d842498416c40a57470f9cd99842d568a5a5a92eb6e1bf32ea8edb,VQ,0,10,44,0,1,0,130,4.337666666666666,131,0.219151,994.34,128651264,122.691,/home/od26udiz/Desktop/c/Tuning-Mode-Analysis-for-SVT-AV1/SVT_AV1_Workspace/data/encoded/meeting/a4_360p/SnowMountain_640x360_2997__VQ__p10__crf44__run1.ivf,113280,208.92338430799973,614016328e65a1cefe9d32ac33810f80,1ebe16537b74ac5966de0db33efe0649de6422e71d797245b6b8cac08db6f8a0,/home/od26udiz/miniconda3/bin/SvtAv1EncApp -i /home/od26udiz/Desktop/c/Tuning-Mode-Analysis-for-SVT-AV1/SVT_AV1_Workspace/data/source/a4_360p/SnowMountain_640x360_2997.y4m -b /home/od26udiz/Desktop/c/Tuning-Mode-Analysis-for-SVT-AV1/SVT_AV1_Workspace/data/encoded/meeting/a4_360p/SnowMountain_640x360_2997__VQ__p10__crf44__run1.ivf --preset 10 --crf 44 --tune 0 --lp 0 --progress 1,0,/home/od26udiz/Desktop/c/Tuning-Mode-Analysis-for-SVT-AV1/SVT_AV1_Workspace/logs/meeting/a4_360p/SnowMountain_640x360_2997__VQ__p10__crf44__run1.log
3c47790461d0c5eb31dc,2026-09-21T10:38:45.637303+00:00,meeting,ok,a4_360p,SnowMountain_640x360_2997.y4m,/home/od26udiz/Desktop/c/Tuning-Mode-Analysis-for-SVT-AV1/SVT_AV1_Workspace/data/source/a4_360p/SnowMountain_640x360_2997.y4m,720p_or_lower,640,360,29.97002997002997,8,420jpeg,44928844,63ae6b7fb786883c2144552e98d0c4dd,5d9983f764d842498416c40a57470f9cd99842d568a5a5a92eb6e1bf32ea8edb,VQ,0,10,52,0,1,0,130,4.337666666666666,129,0.214387,1010.187,132554752,126.414,/home/od26udiz/Desktop/c/Tuning-Mode-Analysis-for-SVT-AV1/SVT_AV1_Workspace/data/encoded/meeting/a4_360p/SnowMountain_640x360_2997__VQ__p10__crf52__run1.ivf,69898,128.91354799047107,6ad2249f5e91531fbbad6b2c5a7a82ba,ddde51bfdd4fdc57a95ae0443f5780cdf4665caa9d613638eea63a48bf22f950,/home/od26udiz/miniconda3/bin/SvtAv1EncApp -i /home/od26udiz/Desktop/c/Tuning-Mode-Analysis-for-SVT-AV1/SVT_AV1_Workspace/data/source/a4_360p/SnowMountain_640x360_2997.y4m -b /home/od26udiz/Desktop/c/Tuning-Mode-Analysis-for-SVT-AV1/SVT_AV1_Workspace/data/encoded/meeting/a4_360p/SnowMountain_640x360_2997__VQ__p10__crf52__run1.ivf --preset 10 --crf 52 --tune 0 --lp 0 --progress 1,0,/home/od26udiz/Desktop/c/Tuning-Mode-Analysis-for-SVT-AV1/SVT_AV1_Workspace/logs/meeting/a4_360p/SnowMountain_640x360_2997__VQ__p10__crf52__run1.log
841f181779534e055457,2026-09-21T10:38:45.865955+00:00,meeting,ok,a4_360p,SnowMountain_640x360_2997.y4m,/home/od26udiz/Desktop/c/Tuning-Mode-Analysis-for-SVT-AV1/SVT_AV1_Workspace/data/source/a4_360p/SnowMountain_640x360_2997.y4m,720p_or_lower,640,360,29.97002997002997,8,420jpeg,44928844,63ae6b7fb786883c2144552e98d0c4dd,5d9983f764d842498416c40a57470f9cd99842d568a5a5a92eb6e1bf32ea8edb,VQ,0,10,60,0,1,0,130,4.337666666666666,122,0.218233,1067.043,128450560,122.5,/home/od26udiz/Desktop/c/Tuning-Mode-Analysis-for-SVT-AV1/SVT_AV1_Workspace/data/encoded/meeting/a4_360p/SnowMountain_640x360_2997__VQ__p10__crf60__run1.ivf,41901,77.27841389379851,b1c99bd5931bdd5ecdb803fd8f3d75c8,f2278624b4d8b9150653c63e8b1ba6a8a1c0092e8c7fc9e303edf3ae2da72152,/home/od26udiz/miniconda3/bin/SvtAv1EncApp -i /home/od26udiz/Desktop/c/Tuning-Mode-Analysis-for-SVT-AV1/SVT_AV1_Workspace/data/source/a4_360p/SnowMountain_640x360_2997.y4m -b /home/od26udiz/Desktop/c/Tuning-Mode-Analysis-for-SVT-AV1/SVT_AV1_Workspace/data/encoded/meeting/a4_360p/SnowMountain_640x360_2997__VQ__p10__crf60__run1.ivf --preset 10 --crf 60 --tune 0 --lp 0 --progress 1,0,/home/od26udiz/Desktop/c/Tuning-Mode-Analysis-for-SVT-AV1/SVT_AV1_Workspace/logs/meeting/a4_360p/SnowMountain_640x360_2997__VQ__p10__crf60__run1.log
c642ffa4035ecf84704d,2026-09-21T10:38:51.419524+00:00,meeting,ok,a4_360p,SnowMountain_640x360_2997.y4m,/home/od26udiz/Desktop/c/Tuning-Mode-Analysis-for-SVT-AV1/SVT_AV1_Workspace/data/source/a4_360p/SnowMountain_640x360_2997.y4m,720p_or_lower,640,360,29.97002997002997,8,420jpeg,44928844,63ae6b7fb786883c2144552e98d0c4dd,5d9983f764d842498416c40a57470f9cd99842d568a5a5a92eb6e1bf32ea8edb,PSNR,1,1,18,0,1,0,130,4.337666666666666,5351,5.539799,24.297,322842624,307.887,/home/od26udiz/Desktop/c/Tuning-Mode-Analysis-for-SVT-AV1/SVT_AV1_Workspace/data/encoded/meeting/a4_360p/SnowMountain_640x360_2997__PSNR__p1__crf18__run1.ivf,406633,749.9571198032737,607ee9aba6c9102a8ef77317173e67ef,d997c11535fff0154166b3f07d7bbaaeee1da36f76c332249d8f103d99caa634,/home/od26udiz/miniconda3/bin/SvtAv1EncApp -i /home/od26udiz/Desktop/c/Tuning-Mode-Analysis-for-SVT-AV1/SVT_AV1_Workspace/data/source/a4_360p/SnowMountain_640x360_2997.y4m -b /home/od26udiz/Desktop/c/Tuning-Mode-Analysis-for-SVT-AV1/SVT_AV1_Workspace/data/encoded/meeting/a4_360p/SnowMountain_640x360_2997__PSNR__p1__crf18__run1.ivf --preset 1 --crf 18 --tune 1 --lp 0 --progress 1,0,/home/od26udiz/Desktop/c/Tuning-Mode-Analysis-for-SVT-AV1/SVT_AV1_Workspace/logs/meeting/a4_360p/SnowMountain_640x360_2997__PSNR__p1__crf18__run1.log
261d5228bf79cd80fffc,2026-09-21T10:38:56.803900+00:00,meeting,ok,a4_360p,SnowMountain_640x360_2997.y4m,/home/od26udiz/Desktop/c/Tuning-Mode-Analysis-for-SVT-AV1/SVT_AV1_Workspace/data/source/a4_360p/SnowMountain_640x360_2997.y4m,720p_or_lower,640,360,29.97002997002997,8,420jpeg,44928844,63ae6b7fb786883c2144552e98d0c4dd,5d9983f764d842498416c40a57470f9cd99842d568a5a5a92eb6e1bf32ea8edb,PSNR,1,1,26,0,1,0,130,4.337666666666666,5254,5.36704,24.744,329293824,314.039,/home/od26udiz/Desktop/c/Tuning-Mode-Analysis-for-SVT-AV1/SVT_AV1_Workspace/data/encoded/meeting/a4_360p/SnowMountain_640x360_2997__PSNR__p1__crf26__run1.ivf,248341,458.0176746330593,417ce957ce23fda08063e0d0122c0680,bc44eb188a2dd6f712c6fcea675f4e25b8c798e984da2abea60e12798ed60ebc,/home/od26udiz/miniconda3/bin/SvtAv1EncApp -i /home/od26udiz/Desktop/c/Tuning-Mode-Analysis-for-SVT-AV1/SVT_AV1_Workspace/data/source/a4_360p/SnowMountain_640x360_2997.y4m -b /home/od26udiz/Desktop/c/Tuning-Mode-Analysis-for-SVT-AV1/SVT_AV1_Workspace/data/encoded/meeting/a4_360p/SnowMountain_640x360_2997__PSNR__p1__crf26__run1.ivf --preset 1 --crf 26 --tune 1 --lp 0 --progress 1,0,/home/od26udiz/Desktop/c/Tuning-Mode-Analysis-for-SVT-AV1/SVT_AV1_Workspace/logs/meeting/a4_360p/SnowMountain_640x360_2997__PSNR__p1__crf26__run1.log
e92689ad8f0dd761a387,2026-09-21T10:39:01.632662+00:00,meeting,ok,a4_360p,SnowMountain_640x360_2997.y4m,/home/od26udiz/Desktop/c/Tuning-Mode-Analysis-for-SVT-AV1/SVT_AV1_Workspace/data/source/a4_360p/SnowMountain_640x360_2997.y4m,720p_or_lower,640,360,29.97002997002997,8,420jpeg,44928844,63ae6b7fb786883c2144552e98d0c4dd,5d9983f764d842498416c40a57470f9cd99842d568a5a5a92eb6e1bf32ea8edb,PSNR,1,1,35,0,1,0,130,4.337666666666666,4637,4.814903,28.033,342089728,326.242,/home/od26udiz/Desktop/c/Tuning-Mode-Analysis-for-SVT-AV1/SVT_AV1_Workspace/data/encoded/meeting/a4_360p/SnowMountain_640x360_2997__PSNR__p1__crf35__run1.ivf,154038,284.0937524014447,1f7bb5ab33e82e5236fa8cbb96115376,06b6ea3d540893fc28a3e63b3118bb61a0b3d20f79487d88acf9ca6b0a617407,/home/od26udiz/miniconda3/bin/SvtAv1EncApp -i /home/od26udiz/Desktop/c/Tuning-Mode-Analysis-for-SVT-AV1/SVT_AV1_Workspace/data/source/a4_360p/SnowMountain_640x360_2997.y4m -b /home/od26udiz/Desktop/c/Tuning-Mode-Analysis-for-SVT-AV1/SVT_AV1_Workspace/data/encoded/meeting/a4_360p/SnowMountain_640x360_2997__PSNR__p1__crf35__run1.ivf --preset 1 --crf 35 --tune 1 --lp 0 --progress 1,0,/home/od26udiz/Desktop/c/Tuning-Mode-Analysis-for-SVT-AV1/SVT_AV1_Workspace/logs/meeting/a4_360p/SnowMountain_640x360_2997__PSNR__p1__crf35__run1.log
c7286f71865e4e6ffcb4,2026-09-21T10:39:06.877633+00:00,meeting,ok,a4_360p,SnowMountain_640x360_2997.y4m,/home/od26udiz/Desktop/c/Tuning-Mode-Analysis-for-SVT-AV1/SVT_AV1_Workspace/data/source/a4_360p/SnowMountain_640x360_2997.y4m,720p_or_lower,640,360,29.97002997002997,8,420jpeg,44928844,63ae6b7fb786883c2144552e98d0c4dd,5d9983f764d842498416c40a57470f9cd99842d568a5a5a92eb6e1bf32ea8edb,PSNR,1,1,44,0,1,0,130,4.337666666666666,5090,5.232945,25.539,348798976,332.641,/home/od26udiz/Desktop/c/Tuning-Mode-Analysis-for-SVT-AV1/SVT_AV1_Workspace/data/encoded/meeting/a4_360p/SnowMountain_640x360_2997__PSNR__p1__crf44__run1.ivf,102987,189.93990624759854,62217a87330b193ce6230428c6ad9c1e,7b926c4980816b3852c2a340378bfd498fddc06e904ed3564d7da5a2eda946fe,/home/od26udiz/miniconda3/bin/SvtAv1EncApp -i /home/od26udiz/Desktop/c/Tuning-Mode-Analysis-for-SVT-AV1/SVT_AV1_Workspace/data/source/a4_360p/SnowMountain_640x360_2997.y4m -b /home/od26udiz/Desktop/c/Tuning-Mode-Analysis-for-SVT-AV1/SVT_AV1_Workspace/data/encoded/meeting/a4_360p/SnowMountain_640x360_2997__PSNR__p1__crf44__run1.ivf --preset 1 --crf 44 --tune 1 --lp 0 --progress 1,0,/home/od26udiz/Desktop/c/Tuning-Mode-Analysis-for-SVT-AV1/SVT_AV1_Workspace/logs/meeting/a4_360p/SnowMountain_640x360_2997__PSNR__p1__crf44__run1.log
3478b8582fa5ae0d6a29,2026-09-21T10:39:12.545235+00:00,meeting,ok,a4_360p,SnowMountain_640x360_2997.y4m,/home/od26udiz/Desktop/c/Tuning-Mode-Analysis-for-SVT-AV1/SVT_AV1_Workspace/data/source/a4_360p/SnowMountain_640x360_2997.y4m,720p_or_lower,640,360,29.97002997002997,8,420jpeg,44928844,63ae6b7fb786883c2144552e98d0c4dd,5d9983f764d842498416c40a57470f9cd99842d568a5a5a92eb6e1bf32ea8edb,PSNR,1,1,52,0,1,0,130,4.337666666666666,5516,5.654215,23.57,360603648,343.898,/home/od26udiz/Desktop/c/Tuning-Mode-Analysis-for-SVT-AV1/SVT_AV1_Workspace/data/encoded/meeting/a4_360p/SnowMountain_640x360_2997__PSNR__p1__crf52__run1.ivf,73855,136.21148082686545,8ae7a0ab97b2a3e3ae0e8aedc3175f98,fefb568612e9c9f02d690b4faa826434c507967524bbdd805ee4904e1e3bbcb2,/home/od26udiz/miniconda3/bin/SvtAv1EncApp -i /home/od26udiz/Desktop/c/Tuning-Mode-Analysis-for-SVT-AV1/SVT_AV1_Workspace/data/source/a4_360p/SnowMountain_640x360_2997.y4m -b /home/od26udiz/Desktop/c/Tuning-Mode-Analysis-for-SVT-AV1/SVT_AV1_Workspace/data/encoded/meeting/a4_360p/SnowMountain_640x360_2997__PSNR__p1__crf52__run1.ivf --preset 1 --crf 52 --tune 1 --lp 0 --progress 1,0,/home/od26udiz/Desktop/c/Tuning-Mode-Analysis-for-SVT-AV1/SVT_AV1_Workspace/logs/meeting/a4_360p/SnowMountain_640x360_2997__PSNR__p1__crf52__run1.log
032b70d1df9d96b2a441,2026-09-21T10:39:21.103253+00:00,meeting,ok,a4_360p,SnowMountain_640x360_2997.y4m,/home/od26udiz/Desktop/c/Tuning-Mode-Analysis-for-SVT-AV1/SVT_AV1_Workspace/data/source/a4_360p/SnowMountain_640x360_2997.y4m,720p_or_lower,640,360,29.97002997002997,8,420jpeg,44928844,63ae6b7fb786883c2144552e98d0c4dd,5d9983f764d842498416c40a57470f9cd99842d568a5a5a92eb6e1bf32ea8edb,PSNR,1,1,60,0,1,0,130,4.337666666666666,8424,8.545393,15.432,521854976,497.68,/home/od26udiz/Desktop/c/Tuning-Mode-Analysis-for-SVT-AV1/SVT_AV1_Workspace/data/encoded/meeting/a4_360p/SnowMountain_640x360_2997__PSNR__p1__crf60__run1.ivf,49611,91.49804042111734,4263ec9118e55ec4e1a7d836004880e6,f6929742cf564b01b36aa335ad2f70fe2b10cb488f178b7760cbfc27e7639c62,/home/od26udiz/miniconda3/bin/SvtAv1EncApp -i /home/od26udiz/Desktop/c/Tuning-Mode-Analysis-for-SVT-AV1/SVT_AV1_Workspace/data/source/a4_360p/SnowMountain_640x360_2997.y4m -b /home/od26udiz/Desktop/c/Tuning-Mode-Analysis-for-SVT-AV1/SVT_AV1_Workspace/data/encoded/meeting/a4_360p/SnowMountain_640x360_2997__PSNR__p1__crf60__run1.ivf --preset 1 --crf 60 --tune 1 --lp 0 --progress 1,0,/home/od26udiz/Desktop/c/Tuning-Mode-Analysis-for-SVT-AV1/SVT_AV1_Workspace/logs/meeting/a4_360p/SnowMountain_640x360_2997__PSNR__p1__crf60__run1.log
1511d70df6f8f8121200,2026-09-21T10:39:21.339264+00:00,meeting,ok,a4_360p,SnowMountain_640x360_2997.y4m,/home/od26udiz/Desktop/c/Tuning-Mode-Analysis-for-SVT-AV1/SVT_AV1_Workspace/data/source/a4_360p/SnowMountain_640x360_2997.y4m,720p_or_lower,640,360,29.97002997002997,8,420jpeg,44928844,63ae6b7fb786883c2144552e98d0c4dd,5d9983f764d842498416c40a57470f9cd99842d568a5a5a92eb6e1bf32ea8edb,PSNR,1,10,18,0,1,0,130,4.337666666666666,137,0.224886,949.834,132759552,126.609,/home/od26udiz/Desktop/c/Tuning-Mode-Analysis-for-SVT-AV1/SVT_AV1_Workspace/data/encoded/meeting/a4_360p/SnowMountain_640x360_2997__PSNR__p10__crf18__run1.ivf,638587,1177.7520940597865,1a651989012cb90a9b2be0a3f7160010,ff4f4635706b48f2258bd141512665a1c4a6419fe5e7d1e6b6a9a4796a287d8f,/home/od26udiz/miniconda3/bin/SvtAv1EncApp -i /home/od26udiz/Desktop/c/Tuning-Mode-Analysis-for-SVT-AV1/SVT_AV1_Workspace/data/source/a4_360p/SnowMountain_640x360_2997.y4m -b /home/od26udiz/Desktop/c/Tuning-Mode-Analysis-for-SVT-AV1/SVT_AV1_Workspace/data/encoded/meeting/a4_360p/SnowMountain_640x360_2997__PSNR__p10__crf18__run1.ivf --preset 10 --crf 18 --tune 1 --lp 0 --progress 1,0,/home/od26udiz/Desktop/c/Tuning-Mode-Analysis-for-SVT-AV1/SVT_AV1_Workspace/logs/meeting/a4_360p/SnowMountain_640x360_2997__PSNR__p10__crf18__run1.log
0c26c130cc38b1188ee6,2026-09-21T10:39:21.563038+00:00,meeting,ok,a4_360p,SnowMountain_640x360_2997.y4m,/home/od26udiz/Desktop/c/Tuning-Mode-Analysis-for-SVT-AV1/SVT_AV1_Workspace/data/source/a4_360p/SnowMountain_640x360_2997.y4m,720p_or_lower,640,360,29.97002997002997,8,420jpeg,44928844,63ae6b7fb786883c2144552e98d0c4dd,5d9983f764d842498416c40a57470f9cd99842d568a5a5a92eb6e1bf32ea8edb,PSNR,1,10,26,0,1,0,130,4.337666666666666,125,0.212721,1039.144,134303744,128.082,/home/od26udiz/Desktop/c/Tuning-Mode-Analysis-for-SVT-AV1/SVT_AV1_Workspace/data/encoded/meeting/a4_360p/SnowMountain_640x360_2997__PSNR__p10__crf26__run1.ivf,311213,573.9731038192577,f0435adfe9c01246442d5173e4d2b550,8300348a118e02aa2b73c02c1a701f48657b56d7c1b38d1de02a73fe1f893559,/home/od26udiz/miniconda3/bin/SvtAv1EncApp -i /home/od26udiz/Desktop/c/Tuning-Mode-Analysis-for-SVT-AV1/SVT_AV1_Workspace/data/source/a4_360p/SnowMountain_640x360_2997.y4m -b /home/od26udiz/Desktop/c/Tuning-Mode-Analysis-for-SVT-AV1/SVT_AV1_Workspace/data/encoded/meeting/a4_360p/SnowMountain_640x360_2997__PSNR__p10__crf26__run1.ivf --preset 10 --crf 26 --tune 1 --lp 0 --progress 1,0,/home/od26udiz/Desktop/c/Tuning-Mode-Analysis-for-SVT-AV1/SVT_AV1_Workspace/logs/meeting/a4_360p/SnowMountain_640x360_2997__PSNR__p10__crf26__run1.log
556735026b19b0423339,2026-09-21T10:39:21.808268+00:00,meeting,ok,a4_360p,SnowMountain_640x360_2997.y4m,/home/od26udiz/Desktop/c/Tuning-Mode-Analysis-for-SVT-AV1/SVT_AV1_Workspace/data/source/a4_360p/SnowMountain_640x360_2997.y4m,720p_or_lower,640,360,29.97002997002997,8,420jpeg,44928844,63ae6b7fb786883c2144552e98d0c4dd,5d9983f764d842498416c40a57470f9cd99842d568a5a5a92eb6e1bf32ea8edb,PSNR,1,10,35,0,1,0,130,4.337666666666666,117,0.227681,1111.016,130564096,124.516,/home/od26udiz/Desktop/c/Tuning-Mode-Analysis-for-SVT-AV1/SVT_AV1_Workspace/data/encoded/meeting/a4_360p/SnowMountain_640x360_2997__PSNR__p10__crf35__run1.ivf,166290,306.69023284407905,52c56dfe944f3f9a8096dbaf0a97fe91,215f1081293a4b2ad6353a14a462f05e33ba49a6ae67dbd7946d6e5420908aa9,/home/od26udiz/miniconda3/bin/SvtAv1EncApp -i /home/od26udiz/Desktop/c/Tuning-Mode-Analysis-for-SVT-AV1/SVT_AV1_Workspace/data/source/a4_360p/SnowMountain_640x360_2997.y4m -b /home/od26udiz/Desktop/c/Tuning-Mode-Analysis-for-SVT-AV1/SVT_AV1_Workspace/data/encoded/meeting/a4_360p/SnowMountain_640x360_2997__PSNR__p10__crf35__run1.ivf --preset 10 --crf 35 --tune 1 --lp 0 --progress 1,0,/home/od26udiz/Desktop/c/Tuning-Mode-Analysis-for-SVT-AV1/SVT_AV1_Workspace/logs/meeting/a4_360p/SnowMountain_640x360_2997__PSNR__p10__crf35__run1.log
ee4da2b9a1300481a980,2026-09-21T10:39:22.054259+00:00,meeting,ok,a4_360p,SnowMountain_640x360_2997.y4m,/home/od26udiz/Desktop/c/Tuning-Mode-Analysis-for-SVT-AV1/SVT_AV1_Workspace/data/source/a4_360p/SnowMountain_640x360_2997.y4m,720p_or_lower,640,360,29.97002997002997,8,420jpeg,44928844,63ae6b7fb786883c2144552e98d0c4dd,5d9983f764d842498416c40a57470f9cd99842d568a5a5a92eb6e1bf32ea8edb,PSNR,1,10,44,0,1,0,130,4.337666666666666,121,0.230491,1074.22,130658304,124.605,/home/od26udiz/Desktop/c/Tuning-Mode-Analysis-for-SVT-AV1/SVT_AV1_Workspace/data/encoded/meeting/a4_360p/SnowMountain_640x360_2997__PSNR__p10__crf44__run1.ivf,103464,190.81964189656497,cb1f8f9e16aade652a4321956e033737,250f24c07e53b0aaa7b41dd2fc1f8e30b48a9b891a7ff7d92f0bedda5b17025d,/home/od26udiz/miniconda3/bin/SvtAv1EncApp -i /home/od26udiz/Desktop/c/Tuning-Mode-Analysis-for-SVT-AV1/SVT_AV1_Workspace/data/source/a4_360p/SnowMountain_640x360_2997.y4m -b /home/od26udiz/Desktop/c/Tuning-Mode-Analysis-for-SVT-AV1/SVT_AV1_Workspace/data/encoded/meeting/a4_360p/SnowMountain_640x360_2997__PSNR__p10__crf44__run1.ivf --preset 10 --crf 44 --tune 1 --lp 0 --progress 1,0,/home/od26udiz/Desktop/c/Tuning-Mode-Analysis-for-SVT-AV1/SVT_AV1_Workspace/logs/meeting/a4_360p/SnowMountain_640x360_2997__PSNR__p10__crf44__run1.log
1f9c4860d67977805529,2026-09-21T10:39:22.298695+00:00,meeting,ok,a4_360p,SnowMountain_640x360_2997.y4m,/home/od26udiz/Desktop/c/Tuning-Mode-Analysis-for-SVT-AV1/SVT_AV1_Workspace/data/source/a4_360p/SnowMountain_640x360_2997.y4m,720p_or_lower,640,360,29.97002997002997,8,420jpeg,44928844,63ae6b7fb786883c2144552e98d0c4dd,5d9983f764d842498416c40a57470f9cd99842d568a5a5a92eb6e1bf32ea8edb,PSNR,1,10,52,0,1,0,130,4.337666666666666,124,0.230325,1049.352,128536576,122.582,/home/od26udiz/Desktop/c/Tuning-Mode-Analysis-for-SVT-AV1/SVT_AV1_Workspace/data/encoded/meeting/a4_360p/SnowMountain_640x360_2997__PSNR__p10__crf52__run1.ivf,67753,124.95750403442713,b4112266f6ba7fbd3e6dc744dac69a6f,77c03d6333616d1cd2e069b9503573552c99afe10ef18bc00fcd8c1f999cf652,/home/od26udiz/miniconda3/bin/SvtAv1EncApp -i /home/od26udiz/Desktop/c/Tuning-Mode-Analysis-for-SVT-AV1/SVT_AV1_Workspace/data/source/a4_360p/SnowMountain_640x360_2997.y4m -b /home/od26udiz/Desktop/c/Tuning-Mode-Analysis-for-SVT-AV1/SVT_AV1_Workspace/data/encoded/meeting/a4_360p/SnowMountain_640x360_2997__PSNR__p10__crf52__run1.ivf --preset 10 --crf 52 --tune 1 --lp 0 --progress 1,0,/home/od26udiz/Desktop/c/Tuning-Mode-Analysis-for-SVT-AV1/SVT_AV1_Workspace/logs/meeting/a4_360p/SnowMountain_640x360_2997__PSNR__p10__crf52__run1.log
2f2bf72cd4dd84e0dd23,2026-09-21T10:39:22.524079+00:00,meeting,ok,a4_360p,SnowMountain_640x360_2997.y4m,/home/od26udiz/Desktop/c/Tuning-Mode-Analysis-for-SVT-AV1/SVT_AV1_Workspace/data/source/a4_360p/SnowMountain_640x360_2997.y4m,720p_or_lower,640,360,29.97002997002997,8,420jpeg,44928844,63ae6b7fb786883c2144552e98d0c4dd,5d9983f764d842498416c40a57470f9cd99842d568a5a5a92eb6e1bf32ea8edb,PSNR,1,10,60,0,1,0,130,4.337666666666666,127,0.213727,1025.156,129044480,123.066,/home/od26udiz/Desktop/c/Tuning-Mode-Analysis-for-SVT-AV1/SVT_AV1_Workspace/data/encoded/meeting/a4_360p/SnowMountain_640x360_2997__PSNR__p10__crf60__run1.ivf,39942,73.66541151156537,5d641869238a33a24d13f2b404b0dce2,5018d7bd23a104c8edf0dc28e2e6e28f679e476072cbe55f5b9f3d8008d30564,/home/od26udiz/miniconda3/bin/SvtAv1EncApp -i /home/od26udiz/Desktop/c/Tuning-Mode-Analysis-for-SVT-AV1/SVT_AV1_Workspace/data/source/a4_360p/SnowMountain_640x360_2997.y4m -b /home/od26udiz/Desktop/c/Tuning-Mode-Analysis-for-SVT-AV1/SVT_AV1_Workspace/data/encoded/meeting/a4_360p/SnowMountain_640x360_2997__PSNR__p10__crf60__run1.ivf --preset 10 --crf 60 --tune 1 --lp 0 --progress 1,0,/home/od26udiz/Desktop/c/Tuning-Mode-Analysis-for-SVT-AV1/SVT_AV1_Workspace/logs/meeting/a4_360p/SnowMountain_640x360_2997__PSNR__p10__crf60__run1.log
776038e1cb4722312f04,2026-09-21T10:39:27.367626+00:00,meeting,ok,a4_360p,SnowMountain_640x360_2997.y4m,/home/od26udiz/Desktop/c/Tuning-Mode-Analysis-for-SVT-AV1/SVT_AV1_Workspace/data/source/a4_360p/SnowMountain_640x360_2997.y4m,720p_or_lower,640,360,29.97002997002997,8,420jpeg,44928844,63ae6b7fb786883c2144552e98d0c4dd,5d9983f764d842498416c40a57470f9cd99842d568a5a5a92eb6e1bf32ea8edb,SSIM,2,1,18,0,1,0,130,4.337666666666666,4683,4.832396,27.761,325857280,310.762,/home/od26udiz/Desktop/c/Tuning-Mode-Analysis-for-SVT-AV1/SVT_AV1_Workspace/data/encoded/meeting/a4_360p/SnowMountain_640x360_2997__SSIM__p1__crf18__run1.ivf,282750,521.4785214785215,1b96f4a1b03546d6653bec229c2f4bc6,3ff6bd3e250adfcd76d320eed081f1ac8e4c783f21892cf774f18baf7831785c,/home/od26udiz/miniconda3/bin/SvtAv1EncApp -i /home/od26udiz/Desktop/c/Tuning-Mode-Analysis-for-SVT-AV1/SVT_AV1_Workspace/data/source/a4_360p/SnowMountain_640x360_2997.y4m -b /home/od26udiz/Desktop/c/Tuning-Mode-Analysis-for-SVT-AV1/SVT_AV1_Workspace/data/encoded/meeting/a4_360p/SnowMountain_640x360_2997__SSIM__p1__crf18__run1.ivf --preset 1 --crf 18 --tune 2 --lp 0 --progress 1,0,/home/od26udiz/Desktop/c/Tuning-Mode-Analysis-for-SVT-AV1/SVT_AV1_Workspace/logs/meeting/a4_360p/SnowMountain_640x360_2997__SSIM__p1__crf18__run1.log
a9ce6c12fd13f7b49e70,2026-09-21T10:39:31.870134+00:00,meeting,ok,a4_360p,SnowMountain_640x360_2997.y4m,/home/od26udiz/Desktop/c/Tuning-Mode-Analysis-for-SVT-AV1/SVT_AV1_Workspace/data/source/a4_360p/SnowMountain_640x360_2997.y4m,720p_or_lower,640,360,29.97002997002997,8,420jpeg,44928844,63ae6b7fb786883c2144552e98d0c4dd,5d9983f764d842498416c40a57470f9cd99842d568a5a5a92eb6e1bf32ea8edb,SSIM,2,1,26,0,1,0,130,4.337666666666666,4331,4.491112,30.016,335577088,320.031,/home/od26udiz/Desktop/c/Tuning-Mode-Analysis-for-SVT-AV1/SVT_AV1_Workspace/data/encoded/meeting/a4_360p/SnowMountain_640x360_2997__SSIM__p1__crf26__run1.ivf,201463,371.5601321755168,211edc05daa658d6e8ff253b4aecfa4c,3935b540eb3a7dbccc5470677cddd2ee5f3da02647ff0122984709963be8f3f2,/home/od26udiz/miniconda3/bin/SvtAv1EncApp -i /home/od26udiz/Desktop/c/Tuning-Mode-Analysis-for-SVT-AV1/SVT_AV1_Workspace/data/source/a4_360p/SnowMountain_640x360_2997.y4m -b /home/od26udiz/Desktop/c/Tuning-Mode-Analysis-for-SVT-AV1/SVT_AV1_Workspace/data/encoded/meeting/a4_360p/SnowMountain_640x360_2997__SSIM__p1__crf26__run1.ivf --preset 1 --crf 26 --tune 2 --lp 0 --progress 1,0,/home/od26udiz/Desktop/c/Tuning-Mode-Analysis-for-SVT-AV1/SVT_AV1_Workspace/logs/meeting/a4_360p/SnowMountain_640x360_2997__SSIM__p1__crf26__run1.log
f57fb7732a0717d79e19,2026-09-21T10:39:36.712665+00:00,meeting,ok,a4_360p,SnowMountain_640x360_2997.y4m,/home/od26udiz/Desktop/c/Tuning-Mode-Analysis-for-SVT-AV1/SVT_AV1_Workspace/data/source/a4_360p/SnowMountain_640x360_2997.y4m,720p_or_lower,640,360,29.97002997002997,8,420jpeg,44928844,63ae6b7fb786883c2144552e98d0c4dd,5d9983f764d842498416c40a57470f9cd99842d568a5a5a92eb6e1bf32ea8edb,SSIM,2,1,35,0,1,0,130,4.337666666666666,4654,4.828685,27.932,343871488,327.941,/home/od26udiz/Desktop/c/Tuning-Mode-Analysis-for-SVT-AV1/SVT_AV1_Workspace/data/encoded/meeting/a4_360p/SnowMountain_640x360_2997__SSIM__p1__crf35__run1.ivf,134575,248.19795589026361,d955fc7308d2fd5508fdd622be7a9446,f7404c94b6b1ec97a5508effe0b2c3641a8fb6633e6ecd24ad65fb80735ad72d,/home/od26udiz/miniconda3/bin/SvtAv1EncApp -i /home/od26udiz/Desktop/c/Tuning-Mode-Analysis-for-SVT-AV1/SVT_AV1_Workspace/data/source/a4_360p/SnowMountain_640x360_2997.y4m -b /home/od26udiz/Desktop/c/Tuning-Mode-Analysis-for-SVT-AV1/SVT_AV1_Workspace/data/encoded/meeting/a4_360p/SnowMountain_640x360_2997__SSIM__p1__crf35__run1.ivf --preset 1 --crf 35 --tune 2 --lp 0 --progress 1,0,/home/od26udiz/Desktop/c/Tuning-Mode-Analysis-for-SVT-AV1/SVT_AV1_Workspace/logs/meeting/a4_360p/SnowMountain_640x360_2997__SSIM__p1__crf35__run1.log
5a918b1b4042c1b822e7,2026-09-21T10:39:41.416343+00:00,meeting,ok,a4_360p,SnowMountain_640x360_2997.y4m,/home/od26udiz/Desktop/c/Tuning-Mode-Analysis-for-SVT-AV1/SVT_AV1_Workspace/data/source/a4_360p/SnowMountain_640x360_2997.y4m,720p_or_lower,640,360,29.97002997002997,8,420jpeg,44928844,63ae6b7fb786883c2144552e98d0c4dd,5d9983f764d842498416c40a57470f9cd99842d568a5a5a92eb6e1bf32ea8edb,SSIM,2,1,44,0,1,0,130,4.337666666666666,4560,4.694088,28.511,352313344,335.992,/home/od26udiz/Desktop/c/Tuning-Mode-Analysis-for-SVT-AV1/SVT_AV1_Workspace/data/encoded/meeting/a4_360p/SnowMountain_640x360_2997__SSIM__p1__crf44__run1.ivf,90496,166.90263582571276,fa97232be2e578ecfe958a5c7ca03830,ef686fd370c3c4561e860f11babc9058777cd874d7d6642ab27a1aac2c2ba14a,/home/od26udiz/miniconda3/bin/SvtAv1EncApp -i /home/od26udiz/Desktop/c/Tuning-Mode-Analysis-for-SVT-AV1/SVT_AV1_Workspace/data/source/a4_360p/SnowMountain_640x360_2997.y4m -b /home/od26udiz/Desktop/c/Tuning-Mode-Analysis-for-SVT-AV1/SVT_AV1_Workspace/data/encoded/meeting/a4_360p/SnowMountain_640x360_2997__SSIM__p1__crf44__run1.ivf --preset 1 --crf 44 --tune 2 --lp 0 --progress 1,0,/home/od26udiz/Desktop/c/Tuning-Mode-Analysis-for-SVT-AV1/SVT_AV1_Workspace/logs/meeting/a4_360p/SnowMountain_640x360_2997__SSIM__p1__crf44__run1.log
a4657a1f0f980935821e,2026-09-21T10:39:46.669284+00:00,meeting,ok,a4_360p,SnowMountain_640x360_2997.y4m,/home/od26udiz/Desktop/c/Tuning-Mode-Analysis-for-SVT-AV1/SVT_AV1_Workspace/data/source/a4_360p/SnowMountain_640x360_2997.y4m,720p_or_lower,640,360,29.97002997002997,8,420jpeg,44928844,63ae6b7fb786883c2144552e98d0c4dd,5d9983f764d842498416c40a57470f9cd99842d568a5a5a92eb6e1bf32ea8edb,SSIM,2,1,52,0,1,0,130,4.337666666666666,5153,5.241045,25.228,357437440,340.879,/home/od26udiz/Desktop/c/Tuning-Mode-Analysis-for-SVT-AV1/SVT_AV1_Workspace/data/encoded/meeting/a4_360p/SnowMountain_640x360_2997__SSIM__p1__crf52__run1.ivf,69106,127.45285483747024,2c309dd0de466fad02471537cff8fe7c,cb7aa87cfcb1cda94d75b70d4ce1dd99b796ebc96c0b2e35aea5ffb6e73ca599,/home/od26udiz/miniconda3/bin/SvtAv1EncApp -i /home/od26udiz/Desktop/c/Tuning-Mode-Analysis-for-SVT-AV1/SVT_AV1_Workspace/data/source/a4_360p/SnowMountain_640x360_2997.y4m -b /home/od26udiz/Desktop/c/Tuning-Mode-Analysis-for-SVT-AV1/SVT_AV1_Workspace/data/encoded/meeting/a4_360p/SnowMountain_640x360_2997__SSIM__p1__crf52__run1.ivf --preset 1 --crf 52 --tune 2 --lp 0 --progress 1,0,/home/od26udiz/Desktop/c/Tuning-Mode-Analysis-for-SVT-AV1/SVT_AV1_Workspace/logs/meeting/a4_360p/SnowMountain_640x360_2997__SSIM__p1__crf52__run1.log
4e4bc602a6bf11799cf8,2026-09-21T10:39:55.323568+00:00,meeting,ok,a4_360p,SnowMountain_640x360_2997.y4m,/home/od26udiz/Desktop/c/Tuning-Mode-Analysis-for-SVT-AV1/SVT_AV1_Workspace/data/source/a4_360p/SnowMountain_640x360_2997.y4m,720p_or_lower,640,360,29.97002997002997,8,420jpeg,44928844,63ae6b7fb786883c2144552e98d0c4dd,5d9983f764d842498416c40a57470f9cd99842d568a5a5a92eb6e1bf32ea8edb,SSIM,2,1,60,0,1,0,130,4.337666666666666,8518,8.64209,15.262,506101760,482.656,/home/od26udiz/Desktop/c/Tuning-Mode-Analysis-for-SVT-AV1/SVT_AV1_Workspace/data/encoded/meeting/a4_360p/SnowMountain_640x360_2997__SSIM__p1__crf60__run1.ivf,47280,87.19895489126259,b2a6e8e7257d918bdb67bf8120f8d406,ca3df43d07d629440977343ba0c5decb74fa0441fffbe68a62ed3b900087ca1b,/home/od26udiz/miniconda3/bin/SvtAv1EncApp -i /home/od26udiz/Desktop/c/Tuning-Mode-Analysis-for-SVT-AV1/SVT_AV1_Workspace/data/source/a4_360p/SnowMountain_640x360_2997.y4m -b /home/od26udiz/Desktop/c/Tuning-Mode-Analysis-for-SVT-AV1/SVT_AV1_Workspace/data/encoded/meeting/a4_360p/SnowMountain_640x360_2997__SSIM__p1__crf60__run1.ivf --preset 1 --crf 60 --tune 2 --lp 0 --progress 1,0,/home/od26udiz/Desktop/c/Tuning-Mode-Analysis-for-SVT-AV1/SVT_AV1_Workspace/logs/meeting/a4_360p/SnowMountain_640x360_2997__SSIM__p1__crf60__run1.log
8c8c9183123cad038e79,2026-09-21T10:39:55.566273+00:00,meeting,ok,a4_360p,SnowMountain_640x360_2997.y4m,/home/od26udiz/Desktop/c/Tuning-Mode-Analysis-for-SVT-AV1/SVT_AV1_Workspace/data/source/a4_360p/SnowMountain_640x360_2997.y4m,720p_or_lower,640,360,29.97002997002997,8,420jpeg,44928844,63ae6b7fb786883c2144552e98d0c4dd,5d9983f764d842498416c40a57470f9cd99842d568a5a5a92eb6e1bf32ea8edb,SSIM,2,10,18,0,1,0,130,4.337666666666666,137,0.228851,950.654,133996544,127.789,/home/od26udiz/Desktop/c/Tuning-Mode-Analysis-for-SVT-AV1/SVT_AV1_Workspace/data/encoded/meeting/a4_360p/SnowMountain_640x360_2997__SSIM__p10__crf18__run1.ivf,513315,946.7117497886729,bfab2457482960cd85d77d15edce0634,ed805f93bfcef97246fb13254a2afdd35cd5f67fa869168a4f1a6acf04347df8,/home/od26udiz/miniconda3/bin/SvtAv1EncApp -i /home/od26udiz/Desktop/c/Tuning-Mode-Analysis-for-SVT-AV1/SVT_AV1_Workspace/data/source/a4_360p/SnowMountain_640x360_2997.y4m -b /home/od26udiz/Desktop/c/Tuning-Mode-Analysis-for-SVT-AV1/SVT_AV1_Workspace/data/encoded/meeting/a4_360p/SnowMountain_640x360_2997__SSIM__p10__crf18__run1.ivf --preset 10 --crf 18 --tune 2 --lp 0 --progress 1,0,/home/od26udiz/Desktop/c/Tuning-Mode-Analysis-for-SVT-AV1/SVT_AV1_Workspace/logs/meeting/a4_360p/SnowMountain_640x360_2997__SSIM__p10__crf18__run1.log
11affe0db6631ba5b7b2,2026-09-21T10:39:55.814171+00:00,meeting,ok,a4_360p,SnowMountain_640x360_2997.y4m,/home/od26udiz/Desktop/c/Tuning-Mode-Analysis-for-SVT-AV1/SVT_AV1_Workspace/data/source/a4_360p/SnowMountain_640x360_2997.y4m,720p_or_lower,640,360,29.97002997002997,8,420jpeg,44928844,63ae6b7fb786883c2144552e98d0c4dd,5d9983f764d842498416c40a57470f9cd99842d568a5a5a92eb6e1bf32ea8edb,SSIM,2,10,26,0,1,0,130,4.337666666666666,128,0.230098,1013.558,132206592,126.082,/home/od26udiz/Desktop/c/Tuning-Mode-Analysis-for-SVT-AV1/SVT_AV1_Workspace/data/encoded/meeting/a4_360p/SnowMountain_640x360_2997__SSIM__p10__crf26__run1.ivf,233944,431.46515023438104,feb7d5c51da8ae1b76f61dd27056a678,f53cc43bbbc5e9a555fca0ea7e79564773a784733113b20b863488f6bb22d922,/home/od26udiz/miniconda3/bin/SvtAv1EncApp -i /home/od26udiz/Desktop/c/Tuning-Mode-Analysis-for-SVT-AV1/SVT_AV1_Workspace/data/source/a4_360p/SnowMountain_640x360_2997.y4m -b /home/od26udiz/Desktop/c/Tuning-Mode-Analysis-for-SVT-AV1/SVT_AV1_Workspace/data/encoded/meeting/a4_360p/SnowMountain_640x360_2997__SSIM__p10__crf26__run1.ivf --preset 10 --crf 26 --tune 2 --lp 0 --progress 1,0,/home/od26udiz/Desktop/c/Tuning-Mode-Analysis-for-SVT-AV1/SVT_AV1_Workspace/logs/meeting/a4_360p/SnowMountain_640x360_2997__SSIM__p10__crf26__run1.log
a182736a568ca5162a9c,2026-09-21T10:39:56.039466+00:00,meeting,ok,a4_360p,SnowMountain_640x360_2997.y4m,/home/od26udiz/Desktop/c/Tuning-Mode-Analysis-for-SVT-AV1/SVT_AV1_Workspace/data/source/a4_360p/SnowMountain_640x360_2997.y4m,720p_or_lower,640,360,29.97002997002997,8,420jpeg,44928844,63ae6b7fb786883c2144552e98d0c4dd,5d9983f764d842498416c40a57470f9cd99842d568a5a5a92eb6e1bf32ea8edb,SSIM,2,10,35,0,1,0,130,4.337666666666666,114,0.215665,1142.465,132677632,126.531,/home/od26udiz/Desktop/c/Tuning-Mode-Analysis-for-SVT-AV1/SVT_AV1_Workspace/data/encoded/meeting/a4_360p/SnowMountain_640x360_2997__SSIM__p10__crf35__run1.ivf,135823,250.4996541919619,43d3d63dac407e2cffd57f4d3cfce5dc,3b66cabf748af3757b59bf090be32ef9fb8a0782fbcc62debc278e793e6ced7d,/home/od26udiz/miniconda3/bin/SvtAv1EncApp -i /home/od26udiz/Desktop/c/Tuning-Mode-Analysis-for-SVT-AV1/SVT_AV1_Workspace/data/source/a4_360p/SnowMountain_640x360_2997.y4m -b /home/od26udiz/Desktop/c/Tuning-Mode-Analysis-for-SVT-AV1/SVT_AV1_Workspace/data/encoded/meeting/a4_360p/SnowMountain_640x360_2997__SSIM__p10__crf35__run1.ivf --preset 10 --crf 35 --tune 2 --lp 0 --progress 1,0,/home/od26udiz/Desktop/c/Tuning-Mode-Analysis-for-SVT-AV1/SVT_AV1_Workspace/logs/meeting/a4_360p/SnowMountain_640x360_2997__SSIM__p10__crf35__run1.log
ef390d477597606014e6,2026-09-21T10:39:56.289888+00:00,meeting,ok,a4_360p,SnowMountain_640x360_2997.y4m,/home/od26udiz/Desktop/c/Tuning-Mode-Analysis-for-SVT-AV1/SVT_AV1_Workspace/data/source/a4_360p/SnowMountain_640x360_2997.y4m,720p_or_lower,640,360,29.97002997002997,8,420jpeg,44928844,63ae6b7fb786883c2144552e98d0c4dd,5d9983f764d842498416c40a57470f9cd99842d568a5a5a92eb6e1bf32ea8edb,SSIM,2,10,44,0,1,0,130,4.337666666666666,120,0.23107,1086.067,130695168,124.641,/home/od26udiz/Desktop/c/Tuning-Mode-Analysis-for-SVT-AV1/SVT_AV1_Workspace/data/encoded/meeting/a4_360p/SnowMountain_640x360_2997__SSIM__p10__crf44__run1.ivf,87004,160.4623069238454,6f352261d442b8c3169ea8be860490bf,0335c2659bd208e780657e3b63b655907a0fc90e41c43be467b47809fb59933b,/home/od26udiz/miniconda3/bin/SvtAv1EncApp -i /home/od26udiz/Desktop/c/Tuning-Mode-Analysis-for-SVT-AV1/SVT_AV1_Workspace/data/source/a4_360p/SnowMountain_640x360_2997.y4m -b /home/od26udiz/Desktop/c/Tuning-Mode-Analysis-for-SVT-AV1/SVT_AV1_Workspace/data/encoded/meeting/a4_360p/SnowMountain_640x360_2997__SSIM__p10__crf44__run1.ivf --preset 10 --crf 44 --tune 2 --lp 0 --progress 1,0,/home/od26udiz/Desktop/c/Tuning-Mode-Analysis-for-SVT-AV1/SVT_AV1_Workspace/logs/meeting/a4_360p/SnowMountain_640x360_2997__SSIM__p10__crf44__run1.log
d71e285849abc5015295,2026-09-21T10:39:56.520721+00:00,meeting,ok,a4_360p,SnowMountain_640x360_2997.y4m,/home/od26udiz/Desktop/c/Tuning-Mode-Analysis-for-SVT-AV1/SVT_AV1_Workspace/data/source/a4_360p/SnowMountain_640x360_2997.y4m,720p_or_lower,640,360,29.97002997002997,8,420jpeg,44928844,63ae6b7fb786883c2144552e98d0c4dd,5d9983f764d842498416c40a57470f9cd99842d568a5a5a92eb6e1bf32ea8edb,SSIM,2,10,52,0,1,0,130,4.337666666666666,120,0.213839,1081.756,133480448,127.297,/home/od26udiz/Desktop/c/Tuning-Mode-Analysis-for-SVT-AV1/SVT_AV1_Workspace/data/encoded/meeting/a4_360p/SnowMountain_640x360_2997__SSIM__p10__crf52__run1.ivf,60547,111.66740951356337,9c18f91e643e5606d4784994c43e80a1,062741b62f0278c6faa4a4e2bc7c1828eabadb650c1ea7336610eca0ab67b8fc,/home/od26udiz/miniconda3/bin/SvtAv1EncApp -i /home/od26udiz/Desktop/c/Tuning-Mode-Analysis-for-SVT-AV1/SVT_AV1_Workspace/data/source/a4_360p/SnowMountain_640x360_2997.y4m -b /home/od26udiz/Desktop/c/Tuning-Mode-Analysis-for-SVT-AV1/SVT_AV1_Workspace/data/encoded/meeting/a4_360p/SnowMountain_640x360_2997__SSIM__p10__crf52__run1.ivf --preset 10 --crf 52 --tune 2 --lp 0 --progress 1,0,/home/od26udiz/Desktop/c/Tuning-Mode-Analysis-for-SVT-AV1/SVT_AV1_Workspace/logs/meeting/a4_360p/SnowMountain_640x360_2997__SSIM__p10__crf52__run1.log
eed085c66084ccfc93ab,2026-09-21T10:39:56.781822+00:00,meeting,ok,a4_360p,SnowMountain_640x360_2997.y4m,/home/od26udiz/Desktop/c/Tuning-Mode-Analysis-for-SVT-AV1/SVT_AV1_Workspace/data/source/a4_360p/SnowMountain_640x360_2997.y4m,720p_or_lower,640,360,29.97002997002997,8,420jpeg,44928844,63ae6b7fb786883c2144552e98d0c4dd,5d9983f764d842498416c40a57470f9cd99842d568a5a5a92eb6e1bf32ea8edb,SSIM,2,10,60,0,1,0,130,4.337666666666666,130,0.230857,998.801,127029248,121.145,/home/od26udiz/Desktop/c/Tuning-Mode-Analysis-for-SVT-AV1/SVT_AV1_Workspace/data/encoded/meeting/a4_360p/SnowMountain_640x360_2997__SSIM__p10__crf60__run1.ivf,37533,69.22246983785446,fd77d1fdab738faa0f22a892bade24fe,a856f6dcd8659371234de53c3f625377c057780aab2629f366db3e7d7c94effa,/home/od26udiz/miniconda3/bin/SvtAv1EncApp -i /home/od26udiz/Desktop/c/Tuning-Mode-Analysis-for-SVT-AV1/SVT_AV1_Workspace/data/source/a4_360p/SnowMountain_640x360_2997.y4m -b /home/od26udiz/Desktop/c/Tuning-Mode-Analysis-for-SVT-AV1/SVT_AV1_Workspace/data/encoded/meeting/a4_360p/SnowMountain_640x360_2997__SSIM__p10__crf60__run1.ivf --preset 10 --crf 60 --tune 2 --lp 0 --progress 1,0,/home/od26udiz/Desktop/c/Tuning-Mode-Analysis-for-SVT-AV1/SVT_AV1_Workspace/logs/meeting/a4_360p/SnowMountain_640x360_2997__SSIM__p10__crf60__run1.log
7c0252e806bd283158b3,2026-09-21T10:40:01.931776+00:00,meeting,ok,a4_360p,SnowMountain_640x360_2997.y4m,/home/od26udiz/Desktop/c/Tuning-Mode-Analysis-for-SVT-AV1/SVT_AV1_Workspace/data/source/a4_360p/SnowMountain_640x360_2997.y4m,720p_or_lower,640,360,29.97002997002997,8,420jpeg,44928844,63ae6b7fb786883c2144552e98d0c4dd,5d9983f764d842498416c40a57470f9cd99842d568a5a5a92eb6e1bf32ea8edb,MS_SSIM,4,1,18,0,1,0,130,4.337666666666666,4968,5.125462,26.167,331673600,316.309,/home/od26udiz/Desktop/c/Tuning-Mode-Analysis-for-SVT-AV1/SVT_AV1_Workspace/data/encoded/meeting/a4_360p/SnowMountain_640x360_2997__MS_SSIM__p1__crf18__run1.ivf,365753,674.5617459463614,af54bccc0059b8b8e6500579418d6aa1,1eccea877a5e5a70b3b2c8aa3269dad2ef9ce3d3e6877cc6728d0eb7315e104d,/home/od26udiz/miniconda3/bin/SvtAv1EncApp -i /home/od26udiz/Desktop/c/Tuning-Mode-Analysis-for-SVT-AV1/SVT_AV1_Workspace/data/source/a4_360p/SnowMountain_640x360_2997.y4m -b /home/od26udiz/Desktop/c/Tuning-Mode-Analysis-for-SVT-AV1/SVT_AV1_Workspace/data/encoded/meeting/a4_360p/SnowMountain_640x360_2997__MS_SSIM__p1__crf18__run1.ivf --preset 1 --crf 18 --tune 4 --lp 0 --progress 1,0,/home/od26udiz/Desktop/c/Tuning-Mode-Analysis-for-SVT-AV1/SVT_AV1_Workspace/logs/meeting/a4_360p/SnowMountain_640x360_2997__MS_SSIM__p1__crf18__run1.log
b5df8cadcf745801d32d,2026-09-21T10:40:07.180238+00:00,meeting,ok,a4_360p,SnowMountain_640x360_2997.y4m,/home/od26udiz/Desktop/c/Tuning-Mode-Analysis-for-SVT-AV1/SVT_AV1_Workspace/data/source/a4_360p/SnowMountain_640x360_2997.y4m,720p_or_lower,640,360,29.97002997002997,8,420jpeg,44928844,63ae6b7fb786883c2144552e98d0c4dd,5d9983f764d842498416c40a57470f9cd99842d568a5a5a92eb6e1bf32ea8edb,MS_SSIM,4,1,26,0,1,0,130,4.337666666666666,5067,5.231035,25.658,332226560,316.836,/home/od26udiz/Desktop/c/Tuning-Mode-Analysis-for-SVT-AV1/SVT_AV1_Workspace/data/encoded/meeting/a4_360p/SnowMountain_640x360_2997__MS_SSIM__p1__crf26__run1.ivf,249186,459.57611619150083,ddd48340a754ffece8885dfed618b141,917d2b6cdc9ff3bacf6644ce1998645afafceb8b23780e8e93598cf84ad3ccaa,/home/od26udiz/miniconda3/bin/SvtAv1EncApp -i /home/od26udiz/Desktop/c/Tuning-Mode-Analysis-for-SVT-AV1/SVT_AV1_Workspace/data/source/a4_360p/SnowMountain_640x360_2997.y4m -b /home/od26udiz/Desktop/c/Tuning-Mode-Analysis-for-SVT-AV1/SVT_AV1_Workspace/data/encoded/meeting/a4_360p/SnowMountain_640x360_2997__MS_SSIM__p1__crf26__run1.ivf --preset 1 --crf 26 --tune 4 --lp 0 --progress 1,0,/home/od26udiz/Desktop/c/Tuning-Mode-Analysis-for-SVT-AV1/SVT_AV1_Workspace/logs/meeting/a4_360p/SnowMountain_640x360_2997__MS_SSIM__p1__crf26__run1.log
b0dd8c520e5087023605,2026-09-21T10:40:12.230616+00:00,meeting,ok,a4_360p,SnowMountain_640x360_2997.y4m,/home/od26udiz/Desktop/c/Tuning-Mode-Analysis-for-SVT-AV1/SVT_AV1_Workspace/data/source/a4_360p/SnowMountain_640x360_2997.y4m,720p_or_lower,640,360,29.97002997002997,8,420jpeg,44928844,63ae6b7fb786883c2144552e98d0c4dd,5d9983f764d842498416c40a57470f9cd99842d568a5a5a92eb6e1bf32ea8edb,MS_SSIM,4,1,35,0,1,0,130,4.337666666666666,4934,5.03121,26.349,349470720,333.281,/home/od26udiz/Desktop/c/Tuning-Mode-Analysis-for-SVT-AV1/SVT_AV1_Workspace/data/encoded/meeting/a4_360p/SnowMountain_640x360_2997__MS_SSIM__p1__crf35__run1.ivf,161523,297.89840928302465,e52135742aa7ce6912aabd4827113d39,7e66502d1c52c9f1e1a12468f2a451bc497a6c1dbc7458df0a1f974211513b5d,/home/od26udiz/miniconda3/bin/SvtAv1EncApp -i /home/od26udiz/Desktop/c/Tuning-Mode-Analysis-for-SVT-AV1/SVT_AV1_Workspace/data/source/a4_360p/SnowMountain_640x360_2997.y4m -b /home/od26udiz/Desktop/c/Tuning-Mode-Analysis-for-SVT-AV1/SVT_AV1_Workspace/data/encoded/meeting/a4_360p/SnowMountain_640x360_2997__MS_SSIM__p1__crf35__run1.ivf --preset 1 --crf 35 --tune 4 --lp 0 --progress 1,0,/home/od26udiz/Desktop/c/Tuning-Mode-Analysis-for-SVT-AV1/SVT_AV1_Workspace/logs/meeting/a4_360p/SnowMountain_640x360_2997__MS_SSIM__p1__crf35__run1.log
6a978bacb2f0b3cab287,2026-09-21T10:40:17.095464+00:00,meeting,ok,a4_360p,SnowMountain_640x360_2997.y4m,/home/od26udiz/Desktop/c/Tuning-Mode-Analysis-for-SVT-AV1/SVT_AV1_Workspace/data/source/a4_360p/SnowMountain_640x360_2997.y4m,720p_or_lower,640,360,29.97002997002997,8,420jpeg,44928844,63ae6b7fb786883c2144552e98d0c4dd,5d9983f764d842498416c40a57470f9cd99842d568a5a5a92eb6e1bf32ea8edb,MS_SSIM,4,1,44,0,1,0,130,4.337666666666666,4651,4.82866,27.952,348319744,332.184,/home/od26udiz/Desktop/c/Tuning-Mode-Analysis-for-SVT-AV1/SVT_AV1_Workspace/data/encoded/meeting/a4_360p/SnowMountain_640x360_2997__MS_SSIM__p1__crf44__run1.ivf,103869,191.56658725889497,182efe3014d9f2ddfffd74d51607c06c,2081219b7fb03729840cd474bb11e5050d47bb7ffd2db352ec90d9bfee0cdebc,/home/od26udiz/miniconda3/bin/SvtAv1EncApp -i /home/od26udiz/Desktop/c/Tuning-Mode-Analysis-for-SVT-AV1/SVT_AV1_Workspace/data/source/a4_360p/SnowMountain_640x360_2997.y4m -b /home/od26udiz/Desktop/c/Tuning-Mode-Analysis-for-SVT-AV1/SVT_AV1_Workspace/data/encoded/meeting/a4_360p/SnowMountain_640x360_2997__MS_SSIM__p1__crf44__run1.ivf --preset 1 --crf 44 --tune 4 --lp 0 --progress 1,0,/home/od26udiz/Desktop/c/Tuning-Mode-Analysis-for-SVT-AV1/SVT_AV1_Workspace/logs/meeting/a4_360p/SnowMountain_640x360_2997__MS_SSIM__p1__crf44__run1.log
d48a94ad8fcf744ac454,2026-09-21T10:40:22.470458+00:00,meeting,ok,a4_360p,SnowMountain_640x360_2997.y4m,/home/od26udiz/Desktop/c/Tuning-Mode-Analysis-for-SVT-AV1/SVT_AV1_Workspace/data/source/a4_360p/SnowMountain_640x360_2997.y4m,720p_or_lower,640,360,29.97002997002997,8,420jpeg,44928844,63ae6b7fb786883c2144552e98d0c4dd,5d9983f764d842498416c40a57470f9cd99842d568a5a5a92eb6e1bf32ea8edb,MS_SSIM,4,1,52,0,1,0,130,4.337666666666666,5148,5.340174,25.254,365629440,348.691,/home/od26udiz/Desktop/c/Tuning-Mode-Analysis-for-SVT-AV1/SVT_AV1_Workspace/data/encoded/meeting/a4_360p/SnowMountain_640x360_2997__MS_SSIM__p1__crf52__run1.ivf,77490,142.91554599246908,21afbe3d247b24c035055c238d48053a,b994c5f85aa05ad3eb3c0c667d4535bde5d0390bb622e96002ba652c976b2616,/home/od26udiz/miniconda3/bin/SvtAv1EncApp -i /home/od26udiz/Desktop/c/Tuning-Mode-Analysis-for-SVT-AV1/SVT_AV1_Workspace/data/source/a4_360p/SnowMountain_640x360_2997.y4m -b /home/od26udiz/Desktop/c/Tuning-Mode-Analysis-for-SVT-AV1/SVT_AV1_Workspace/data/encoded/meeting/a4_360p/SnowMountain_640x360_2997__MS_SSIM__p1__crf52__run1.ivf --preset 1 --crf 52 --tune 4 --lp 0 --progress 1,0,/home/od26udiz/Desktop/c/Tuning-Mode-Analysis-for-SVT-AV1/SVT_AV1_Workspace/logs/meeting/a4_360p/SnowMountain_640x360_2997__MS_SSIM__p1__crf52__run1.log
1410bdf02dd4a68c48ad,2026-09-21T10:40:28.457039+00:00,meeting,ok,a4_360p,SnowMountain_640x360_2997.y4m,/home/od26udiz/Desktop/c/Tuning-Mode-Analysis-for-SVT-AV1/SVT_AV1_Workspace/data/source/a4_360p/SnowMountain_640x360_2997.y4m,720p_or_lower,640,360,29.97002997002997,8,420jpeg,44928844,63ae6b7fb786883c2144552e98d0c4dd,5d9983f764d842498416c40a57470f9cd99842d568a5a5a92eb6e1bf32ea8edb,MS_SSIM,4,1,60,0,1,0,130,4.337666666666666,5831,5.96928,22.294,365740032,348.797,/home/od26udiz/Desktop/c/Tuning-Mode-Analysis-for-SVT-AV1/SVT_AV1_Workspace/data/encoded/meeting/a4_360p/SnowMountain_640x360_2997__MS_SSIM__p1__crf60__run1.ivf,53177,98.07484822869439,cc71aa080822037bb9c8c68a69b42bea,9ada6c352ab39a441d75d6061369387c308f90221f5b11d378ac106e0c3f52a3,/home/od26udiz/miniconda3/bin/SvtAv1EncApp -i /home/od26udiz/Desktop/c/Tuning-Mode-Analysis-for-SVT-AV1/SVT_AV1_Workspace/data/source/a4_360p/SnowMountain_640x360_2997.y4m -b /home/od26udiz/Desktop/c/Tuning-Mode-Analysis-for-SVT-AV1/SVT_AV1_Workspace/data/encoded/meeting/a4_360p/SnowMountain_640x360_2997__MS_SSIM__p1__crf60__run1.ivf --preset 1 --crf 60 --tune 4 --lp 0 --progress 1,0,/home/od26udiz/Desktop/c/Tuning-Mode-Analysis-for-SVT-AV1/SVT_AV1_Workspace/logs/meeting/a4_360p/SnowMountain_640x360_2997__MS_SSIM__p1__crf60__run1.log
75e45ee5f559e8303ea3,2026-09-21T10:40:28.805888+00:00,meeting,ok,a4_360p,SnowMountain_640x360_2997.y4m,/home/od26udiz/Desktop/c/Tuning-Mode-Analysis-for-SVT-AV1/SVT_AV1_Workspace/data/source/a4_360p/SnowMountain_640x360_2997.y4m,720p_or_lower,640,360,29.97002997002997,8,420jpeg,44928844,63ae6b7fb786883c2144552e98d0c4dd,5d9983f764d842498416c40a57470f9cd99842d568a5a5a92eb6e1bf32ea8edb,MS_SSIM,4,10,18,0,1,0,130,4.337666666666666,180,0.333971,723.122,140853248,134.328,/home/od26udiz/Desktop/c/Tuning-Mode-Analysis-for-SVT-AV1/SVT_AV1_Workspace/data/encoded/meeting/a4_360p/SnowMountain_640x360_2997__MS_SSIM__p10__crf18__run1.ivf,623745,1150.3788519173136,65f892124324d365fba834509bd80195,e8c996488beeaf151c58ef53eef634c13ce3dd5417adc7cb9fd8d3787f19daf2,/home/od26udiz/miniconda3/bin/SvtAv1EncApp -i /home/od26udiz/Desktop/c/Tuning-Mode-Analysis-for-SVT-AV1/SVT_AV1_Workspace/data/source/a4_360p/SnowMountain_640x360_2997.y4m -b /home/od26udiz/Desktop/c/Tuning-Mode-Analysis-for-SVT-AV1/SVT_AV1_Workspace/data/encoded/meeting/a4_360p/SnowMountain_640x360_2997__MS_SSIM__p10__crf18__run1.ivf --preset 10 --crf 18 --tune 4 --lp 0 --progress 1,0,/home/od26udiz/Desktop/c/Tuning-Mode-Analysis-for-SVT-AV1/SVT_AV1_Workspace/logs/meeting/a4_360p/SnowMountain_640x360_2997__MS_SSIM__p10__crf18__run1.log
da9d29a7698643878064,2026-09-21T10:40:29.058880+00:00,meeting,ok,a4_360p,SnowMountain_640x360_2997.y4m,/home/od26udiz/Desktop/c/Tuning-Mode-Analysis-for-SVT-AV1/SVT_AV1_Workspace/data/source/a4_360p/SnowMountain_640x360_2997.y4m,720p_or_lower,640,360,29.97002997002997,8,420jpeg,44928844,63ae6b7fb786883c2144552e98d0c4dd,5d9983f764d842498416c40a57470f9cd99842d568a5a5a92eb6e1bf32ea8edb,MS_SSIM,4,10,26,0,1,0,130,4.337666666666666,150,0.231622,868.984,129478656,123.48,/home/od26udiz/Desktop/c/Tuning-Mode-Analysis-for-SVT-AV1/SVT_AV1_Workspace/data/encoded/meeting/a4_360p/SnowMountain_640x360_2997__MS_SSIM__p10__crf26__run1.ivf,304511,561.6125413048491,6fc6990be0f022647d8f5a8b8d9c9840,ec4b08787d8b869b4ad71c81d53327f5b1d3a571aa574dcd7796738c74933b7f,/home/od26udiz/miniconda3/bin/SvtAv1EncApp -i /home/od26udiz/Desktop/c/Tuning-Mode-Analysis-for-SVT-AV1/SVT_AV1_Workspace/data/source/a4_360p/SnowMountain_640x360_2997.y4m -b /home/od26udiz/Desktop/c/Tuning-Mode-Analysis-for-SVT-AV1/SVT_AV1_Workspace/data/encoded/meeting/a4_360p/SnowMountain_640x360_2997__MS_SSIM__p10__crf26__run1.ivf --preset 10 --crf 26 --tune 4 --lp 0 --progress 1,0,/home/od26udiz/Desktop/c/Tuning-Mode-Analysis-for-SVT-AV1/SVT_AV1_Workspace/logs/meeting/a4_360p/SnowMountain_640x360_2997__MS_SSIM__p10__crf26__run1.log
29f120453a01ab8b9575,2026-09-21T10:40:29.304266+00:00,meeting,ok,a4_360p,SnowMountain_640x360_2997.y4m,/home/od26udiz/Desktop/c/Tuning-Mode-Analysis-for-SVT-AV1/SVT_AV1_Workspace/data/source/a4_360p/SnowMountain_640x360_2997.y4m,720p_or_lower,640,360,29.97002997002997,8,420jpeg,44928844,63ae6b7fb786883c2144552e98d0c4dd,5d9983f764d842498416c40a57470f9cd99842d568a5a5a92eb6e1bf32ea8edb,MS_SSIM,4,10,35,0,1,0,130,4.337666666666666,133,0.229348,978.069,130957312,124.891,/home/od26udiz/Desktop/c/Tuning-Mode-Analysis-for-SVT-AV1/SVT_AV1_Workspace/data/encoded/meeting/a4_360p/SnowMountain_640x360_2997__MS_SSIM__p10__crf35__run1.ivf,169927,313.39798662875586,19f6f85c65ca7678b28036168405a832,83cc6d6a70255f93baebcb348492bfd0a739cd77e3b678d3fbc6183eebe5144a,/home/od26udiz/miniconda3/bin/SvtAv1EncApp -i /home/od26udiz/Desktop/c/Tuning-Mode-Analysis-for-SVT-AV1/SVT_AV1_Workspace/data/source/a4_360p/SnowMountain_640x360_2997.y4m -b /home/od26udiz/Desktop/c/Tuning-Mode-Analysis-for-SVT-AV1/SVT_AV1_Workspace/data/encoded/meeting/a4_360p/SnowMountain_640x360_2997__MS_SSIM__p10__crf35__run1.ivf --preset 10 --crf 35 --tune 4 --lp 0 --progress 1,0,/home/od26udiz/Desktop/c/Tuning-Mode-Analysis-for-SVT-AV1/SVT_AV1_Workspace/logs/meeting/a4_360p/SnowMountain_640x360_2997__MS_SSIM__p10__crf35__run1.log
71f421307b54d8c5ec16,2026-09-21T10:40:29.548096+00:00,meeting,ok,a4_360p,SnowMountain_640x360_2997.y4m,/home/od26udiz/Desktop/c/Tuning-Mode-Analysis-for-SVT-AV1/SVT_AV1_Workspace/data/source/a4_360p/SnowMountain_640x360_2997.y4m,720p_or_lower,640,360,29.97002997002997,8,420jpeg,44928844,63ae6b7fb786883c2144552e98d0c4dd,5d9983f764d842498416c40a57470f9cd99842d568a5a5a92eb6e1bf32ea8edb,MS_SSIM,4,10,44,0,1,0,130,4.337666666666666,141,0.230472,921.058,130596864,124.547,/home/od26udiz/Desktop/c/Tuning-Mode-Analysis-for-SVT-AV1/SVT_AV1_Workspace/data/encoded/meeting/a4_360p/SnowMountain_640x360_2997__MS_SSIM__p10__crf44__run1.ivf,99549,183.59917006070853,ad9f36d0e23f8abb53836a56296273f0,25991186ad2472cfef2ce35fea582a221bdf066f6aebb9f286e98e1381a298ba,/home/od26udiz/miniconda3/bin/SvtAv1EncApp -i /home/od26udiz/Desktop/c/Tuning-Mode-Analysis-for-SVT-AV1/SVT_AV1_Workspace/data/source/a4_360p/SnowMountain_640x360_2997.y4m -b /home/od26udiz/Desktop/c/Tuning-Mode-Analysis-for-SVT-AV1/SVT_AV1_Workspace/data/encoded/meeting/a4_360p/SnowMountain_640x360_2997__MS_SSIM__p10__crf44__run1.ivf --preset 10 --crf 44 --tune 4 --lp 0 --progress 1,0,/home/od26udiz/Desktop/c/Tuning-Mode-Analysis-for-SVT-AV1/SVT_AV1_Workspace/logs/meeting/a4_360p/SnowMountain_640x360_2997__MS_SSIM__p10__crf44__run1.log
d9e84ebfe3f2ed35ce1a,2026-09-21T10:40:29.792147+00:00,meeting,ok,a4_360p,SnowMountain_640x360_2997.y4m,/home/od26udiz/Desktop/c/Tuning-Mode-Analysis-for-SVT-AV1/SVT_AV1_Workspace/data/source/a4_360p/SnowMountain_640x360_2997.y4m,720p_or_lower,640,360,29.97002997002997,8,420jpeg,44928844,63ae6b7fb786883c2144552e98d0c4dd,5d9983f764d842498416c40a57470f9cd99842d568a5a5a92eb6e1bf32ea8edb,MS_SSIM,4,10,52,0,1,0,130,4.337666666666666,135,0.230253,961.731,129634304,123.629,/home/od26udiz/Desktop/c/Tuning-Mode-Analysis-for-SVT-AV1/SVT_AV1_Workspace/data/encoded/meeting/a4_360p/SnowMountain_640x360_2997__MS_SSIM__p10__crf52__run1.ivf,68128,125.64912011065859,40715a97bc85c97d604a4e89c67b069d,2fcc987719405e81ee5eb274fa2734ac28a4fb77a78f5ec6436222e092b17cf9,/home/od26udiz/miniconda3/bin/SvtAv1EncApp -i /home/od26udiz/Desktop/c/Tuning-Mode-Analysis-for-SVT-AV1/SVT_AV1_Workspace/data/source/a4_360p/SnowMountain_640x360_2997.y4m -b /home/od26udiz/Desktop/c/Tuning-Mode-Analysis-for-SVT-AV1/SVT_AV1_Workspace/data/encoded/meeting/a4_360p/SnowMountain_640x360_2997__MS_SSIM__p10__crf52__run1.ivf --preset 10 --crf 52 --tune 4 --lp 0 --progress 1,0,/home/od26udiz/Desktop/c/Tuning-Mode-Analysis-for-SVT-AV1/SVT_AV1_Workspace/logs/meeting/a4_360p/SnowMountain_640x360_2997__MS_SSIM__p10__crf52__run1.log
a689e555525a9682384e,2026-09-21T10:40:30.035362+00:00,meeting,ok,a4_360p,SnowMountain_640x360_2997.y4m,/home/od26udiz/Desktop/c/Tuning-Mode-Analysis-for-SVT-AV1/SVT_AV1_Workspace/data/source/a4_360p/SnowMountain_640x360_2997.y4m,720p_or_lower,640,360,29.97002997002997,8,420jpeg,44928844,63ae6b7fb786883c2144552e98d0c4dd,5d9983f764d842498416c40a57470f9cd99842d568a5a5a92eb6e1bf32ea8edb,MS_SSIM,4,10,60,0,1,0,130,4.337666666666666,142,0.230505,917.742,126316544,120.465,/home/od26udiz/Desktop/c/Tuning-Mode-Analysis-for-SVT-AV1/SVT_AV1_Workspace/data/encoded/meeting/a4_360p/SnowMountain_640x360_2997__MS_SSIM__p10__crf60__run1.ivf,42961,79.23338200261279,5a0ee1cb7e52de67c60a4ec5ee802833,dac96e5e72d74b204ed4206ba7e86d641e94181c3494dfcd7f733abfc26a3d20,/home/od26udiz/miniconda3/bin/SvtAv1EncApp -i /home/od26udiz/Desktop/c/Tuning-Mode-Analysis-for-SVT-AV1/SVT_AV1_Workspace/data/source/a4_360p/SnowMountain_640x360_2997.y4m -b /home/od26udiz/Desktop/c/Tuning-Mode-Analysis-for-SVT-AV1/SVT_AV1_Workspace/data/encoded/meeting/a4_360p/SnowMountain_640x360_2997__MS_SSIM__p10__crf60__run1.ivf --preset 10 --crf 60 --tune 4 --lp 0 --progress 1,0,/home/od26udiz/Desktop/c/Tuning-Mode-Analysis-for-SVT-AV1/SVT_AV1_Workspace/logs/meeting/a4_360p/SnowMountain_640x360_2997__MS_SSIM__p10__crf60__run1.log
b8003470a8874b562fc4,2026-09-21T10:40:35.816317+00:00,meeting,ok,a4_360p,SnowMountain_640x360_2997.y4m,/home/od26udiz/Desktop/c/Tuning-Mode-Analysis-for-SVT-AV1/SVT_AV1_Workspace/data/source/a4_360p/SnowMountain_640x360_2997.y4m,720p_or_lower,640,360,29.97002997002997,8,420jpeg,44928844,63ae6b7fb786883c2144552e98d0c4dd,5d9983f764d842498416c40a57470f9cd99842d568a5a5a92eb6e1bf32ea8edb,VMAF,5,1,18,0,1,0,130,4.337666666666666,5620,5.767078,23.131,317472768,302.766,/home/od26udiz/Desktop/c/Tuning-Mode-Analysis-for-SVT-AV1/SVT_AV1_Workspace/data/encoded/meeting/a4_360p/SnowMountain_640x360_2997__VMAF__p1__crf18__run1.ivf,411959,759.7799123952971,caf882cc6a8c6deb7d6c500b6634582a,37523443983cae5453832e464dd99a90bb5b6f445e8659db1b3d2952ee70f9d2,/home/od26udiz/miniconda3/bin/SvtAv1EncApp -i /home/od26udiz/Desktop/c/Tuning-Mode-Analysis-for-SVT-AV1/SVT_AV1_Workspace/data/source/a4_360p/SnowMountain_640x360_2997.y4m -b /home/od26udiz/Desktop/c/Tuning-Mode-Analysis-for-SVT-AV1/SVT_AV1_Workspace/data/encoded/meeting/a4_360p/SnowMountain_640x360_2997__VMAF__p1__crf18__run1.ivf --preset 1 --crf 18 --tune 5 --lp 0 --progress 1,0,/home/od26udiz/Desktop/c/Tuning-Mode-Analysis-for-SVT-AV1/SVT_AV1_Workspace/logs/meeting/a4_360p/SnowMountain_640x360_2997__VMAF__p1__crf18__run1.log
17bf93462d46a2ecee01,2026-09-21T10:40:41.389953+00:00,meeting,ok,a4_360p,SnowMountain_640x360_2997.y4m,/home/od26udiz/Desktop/c/Tuning-Mode-Analysis-for-SVT-AV1/SVT_AV1_Workspace/data/source/a4_360p/SnowMountain_640x360_2997.y4m,720p_or_lower,640,360,29.97002997002997,8,420jpeg,44928844,63ae6b7fb786883c2144552e98d0c4dd,5d9983f764d842498416c40a57470f9cd99842d568a5a5a92eb6e1bf32ea8edb,VMAF,5,1,26,0,1,0,130,4.337666666666666,5383,5.55606,24.15,332361728,316.965,/home/od26udiz/Desktop/c/Tuning-Mode-Analysis-for-SVT-AV1/SVT_AV1_Workspace/data/encoded/meeting/a4_360p/SnowMountain_640x360_2997__VMAF__p1__crf26__run1.ivf,253891,468.2535925612849,d491771ff6cf68b7c7ce444ba0886d86,d3afafb9cf2ebdb28ddfdfb835e1e7070313bdb15d52ca962c19cb22f98d9c24,/home/od26udiz/miniconda3/bin/SvtAv1EncApp -i /home/od26udiz/Desktop/c/Tuning-Mode-Analysis-for-SVT-AV1/SVT_AV1_Workspace/data/source/a4_360p/SnowMountain_640x360_2997.y4m -b /home/od26udiz/Desktop/c/Tuning-Mode-Analysis-for-SVT-AV1/SVT_AV1_Workspace/data/encoded/meeting/a4_360p/SnowMountain_640x360_2997__VMAF__p1__crf26__run1.ivf --preset 1 --crf 26 --tune 5 --lp 0 --progress 1,0,/home/od26udiz/Desktop/c/Tuning-Mode-Analysis-for-SVT-AV1/SVT_AV1_Workspace/logs/meeting/a4_360p/SnowMountain_640x360_2997__VMAF__p1__crf26__run1.log
485de588d4c2bbfeaa3c,2026-09-21T10:40:46.114374+00:00,meeting,ok,a4_360p,SnowMountain_640x360_2997.y4m,/home/od26udiz/Desktop/c/Tuning-Mode-Analysis-for-SVT-AV1/SVT_AV1_Workspace/data/source/a4_360p/SnowMountain_640x360_2997.y4m,720p_or_lower,640,360,29.97002997002997,8,420jpeg,44928844,63ae6b7fb786883c2144552e98d0c4dd,5d9983f764d842498416c40a57470f9cd99842d568a5a5a92eb6e1bf32ea8edb,VMAF,5,1,35,0,1,0,130,4.337666666666666,4604,4.711694,28.236,345583616,329.574,/home/od26udiz/Desktop/c/Tuning-Mode-Analysis-for-SVT-AV1/SVT_AV1_Workspace/data/encoded/meeting/a4_360p/SnowMountain_640x360_2997__VMAF__p1__crf35__run1.ivf,157778,290.99147006839314,b535b42a0c47ec577b9a6a7827e29759,bdbf90456010d70295f7071f7a53d8587491dd8f0e2c5e03ee6a2e07dc5216c6,/home/od26udiz/miniconda3/bin/SvtAv1EncApp -i /home/od26udiz/Desktop/c/Tuning-Mode-Analysis-for-SVT-AV1/SVT_AV1_Workspace/data/source/a4_360p/SnowMountain_640x360_2997.y4m -b /home/od26udiz/Desktop/c/Tuning-Mode-Analysis-for-SVT-AV1/SVT_AV1_Workspace/data/encoded/meeting/a4_360p/SnowMountain_640x360_2997__VMAF__p1__crf35__run1.ivf --preset 1 --crf 35 --tune 5 --lp 0 --progress 1,0,/home/od26udiz/Desktop/c/Tuning-Mode-Analysis-for-SVT-AV1/SVT_AV1_Workspace/logs/meeting/a4_360p/SnowMountain_640x360_2997__VMAF__p1__crf35__run1.log
6134cf7f386dabc3551f,2026-09-21T10:40:51.352824+00:00,meeting,ok,a4_360p,SnowMountain_640x360_2997.y4m,/home/od26udiz/Desktop/c/Tuning-Mode-Analysis-for-SVT-AV1/SVT_AV1_Workspace/data/source/a4_360p/SnowMountain_640x360_2997.y4m,720p_or_lower,640,360,29.97002997002997,8,420jpeg,44928844,63ae6b7fb786883c2144552e98d0c4dd,5d9983f764d842498416c40a57470f9cd99842d568a5a5a92eb6e1bf32ea8edb,VMAF,5,1,44,0,1,0,130,4.337666666666666,5134,5.226084,25.323,351350784,335.074,/home/od26udiz/Desktop/c/Tuning-Mode-Analysis-for-SVT-AV1/SVT_AV1_Workspace/data/encoded/meeting/a4_360p/SnowMountain_640x360_2997__VMAF__p1__crf44__run1.ivf,104779,193.24490893721665,7331d6c8b52d2edccebef0ebd3256a74,6a807d3abbebdabf9c69d1bbcbcae9fbf3fb52ce7495f272b4d6ac4f521e289f,/home/od26udiz/miniconda3/bin/SvtAv1EncApp -i /home/od26udiz/Desktop/c/Tuning-Mode-Analysis-for-SVT-AV1/SVT_AV1_Workspace/data/source/a4_360p/SnowMountain_640x360_2997.y4m -b /home/od26udiz/Desktop/c/Tuning-Mode-Analysis-for-SVT-AV1/SVT_AV1_Workspace/data/encoded/meeting/a4_360p/SnowMountain_640x360_2997__VMAF__p1__crf44__run1.ivf --preset 1 --crf 44 --tune 5 --lp 0 --progress 1,0,/home/od26udiz/Desktop/c/Tuning-Mode-Analysis-for-SVT-AV1/SVT_AV1_Workspace/logs/meeting/a4_360p/SnowMountain_640x360_2997__VMAF__p1__crf44__run1.log
1ee4603be952c22b45ff,2026-09-21T10:40:57.204136+00:00,meeting,ok,a4_360p,SnowMountain_640x360_2997.y4m,/home/od26udiz/Desktop/c/Tuning-Mode-Analysis-for-SVT-AV1/SVT_AV1_Workspace/data/source/a4_360p/SnowMountain_640x360_2997.y4m,720p_or_lower,640,360,29.97002997002997,8,420jpeg,44928844,63ae6b7fb786883c2144552e98d0c4dd,5d9983f764d842498416c40a57470f9cd99842d568a5a5a92eb6e1bf32ea8edb,VMAF,5,1,52,0,1,0,130,4.337666666666666,5702,5.838528,22.8,361308160,344.57,/home/od26udiz/Desktop/c/Tuning-Mode-Analysis-for-SVT-AV1/SVT_AV1_Workspace/data/encoded/meeting/a4_360p/SnowMountain_640x360_2997__VMAF__p1__crf52__run1.ivf,76692,141.44378698224853,c99fb46692f3b0afa70eb2069029ec0a,1544fad0aa85b1ccd0fa6e9db7661f79d75d60d2f19b9c6ea1a76e416513851a,/home/od26udiz/miniconda3/bin/SvtAv1EncApp -i /home/od26udiz/Desktop/c/Tuning-Mode-Analysis-for-SVT-AV1/SVT_AV1_Workspace/data/source/a4_360p/SnowMountain_640x360_2997.y4m -b /home/od26udiz/Desktop/c/Tuning-Mode-Analysis-for-SVT-AV1/SVT_AV1_Workspace/data/encoded/meeting/a4_360p/SnowMountain_640x360_2997__VMAF__p1__crf52__run1.ivf --preset 1 --crf 52 --tune 5 --lp 0 --progress 1,0,/home/od26udiz/Desktop/c/Tuning-Mode-Analysis-for-SVT-AV1/SVT_AV1_Workspace/logs/meeting/a4_360p/SnowMountain_640x360_2997__VMAF__p1__crf52__run1.log
2e2c8f6e3cb0325cc9c0,2026-09-21T10:41:06.078606+00:00,meeting,ok,a4_360p,SnowMountain_640x360_2997.y4m,/home/od26udiz/Desktop/c/Tuning-Mode-Analysis-for-SVT-AV1/SVT_AV1_Workspace/data/source/a4_360p/SnowMountain_640x360_2997.y4m,720p_or_lower,640,360,29.97002997002997,8,420jpeg,44928844,63ae6b7fb786883c2144552e98d0c4dd,5d9983f764d842498416c40a57470f9cd99842d568a5a5a92eb6e1bf32ea8edb,VMAF,5,1,60,0,1,0,130,4.337666666666666,8717,8.862224,14.913,530857984,506.266,/home/od26udiz/Desktop/c/Tuning-Mode-Analysis-for-SVT-AV1/SVT_AV1_Workspace/data/encoded/meeting/a4_360p/SnowMountain_640x360_2997__VMAF__p1__crf60__run1.ivf,51328,94.66471989548914,e82fd10638049996ab542d80b51f3ffd,f49914e707c7521c40c552b496590fe2c3682e5969ecbef53beb60953db8cf85,/home/od26udiz/miniconda3/bin/SvtAv1EncApp -i /home/od26udiz/Desktop/c/Tuning-Mode-Analysis-for-SVT-AV1/SVT_AV1_Workspace/data/source/a4_360p/SnowMountain_640x360_2997.y4m -b /home/od26udiz/Desktop/c/Tuning-Mode-Analysis-for-SVT-AV1/SVT_AV1_Workspace/data/encoded/meeting/a4_360p/SnowMountain_640x360_2997__VMAF__p1__crf60__run1.ivf --preset 1 --crf 60 --tune 5 --lp 0 --progress 1,0,/home/od26udiz/Desktop/c/Tuning-Mode-Analysis-for-SVT-AV1/SVT_AV1_Workspace/logs/meeting/a4_360p/SnowMountain_640x360_2997__VMAF__p1__crf60__run1.log
cc29699074d5f66430d2,2026-09-21T10:41:06.319350+00:00,meeting,ok,a4_360p,SnowMountain_640x360_2997.y4m,/home/od26udiz/Desktop/c/Tuning-Mode-Analysis-for-SVT-AV1/SVT_AV1_Workspace/data/source/a4_360p/SnowMountain_640x360_2997.y4m,720p_or_lower,640,360,29.97002997002997,8,420jpeg,44928844,63ae6b7fb786883c2144552e98d0c4dd,5d9983f764d842498416c40a57470f9cd99842d568a5a5a92eb6e1bf32ea8edb,VMAF,5,10,18,0,1,0,130,4.337666666666666,149,0.229365,871.045,131473408,125.383,/home/od26udiz/Desktop/c/Tuning-Mode-Analysis-for-SVT-AV1/SVT_AV1_Workspace/data/encoded/meeting/a4_360p/SnowMountain_640x360_2997__VMAF__p10__crf18__run1.ivf,659499,1216.3202950895259,89a0546031d43e6ca9ea808b344225ec,539f539b3bbb7d24caa4c4a1159a12938843aaeff2b6e72017b791e8e4a59c33,/home/od26udiz/miniconda3/bin/SvtAv1EncApp -i /home/od26udiz/Desktop/c/Tuning-Mode-Analysis-for-SVT-AV1/SVT_AV1_Workspace/data/source/a4_360p/SnowMountain_640x360_2997.y4m -b /home/od26udiz/Desktop/c/Tuning-Mode-Analysis-for-SVT-AV1/SVT_AV1_Workspace/data/encoded/meeting/a4_360p/SnowMountain_640x360_2997__VMAF__p10__crf18__run1.ivf --preset 10 --crf 18 --tune 5 --lp 0 --progress 1,0,/home/od26udiz/Desktop/c/Tuning-Mode-Analysis-for-SVT-AV1/SVT_AV1_Workspace/logs/meeting/a4_360p/SnowMountain_640x360_2997__VMAF__p10__crf18__run1.log
907a25281a36a99b529d,2026-09-21T10:41:06.543917+00:00,meeting,ok,a4_360p,SnowMountain_640x360_2997.y4m,/home/od26udiz/Desktop/c/Tuning-Mode-Analysis-for-SVT-AV1/SVT_AV1_Workspace/data/source/a4_360p/SnowMountain_640x360_2997.y4m,720p_or_lower,640,360,29.97002997002997,8,420jpeg,44928844,63ae6b7fb786883c2144552e98d0c4dd,5d9983f764d842498416c40a57470f9cd99842d568a5a5a92eb6e1bf32ea8edb,VMAF,5,10,26,0,1,0,130,4.337666666666666,135,0.212519,966.435,135700480,129.414,/home/od26udiz/Desktop/c/Tuning-Mode-Analysis-for-SVT-AV1/SVT_AV1_Workspace/data/encoded/meeting/a4_360p/SnowMountain_640x360_2997__VMAF__p10__crf26__run1.ivf,326966,603.0265119495889,5b03ad2860d809445c387ebe45470bcf,5f27dfe944e2d61ce463ed52672390fd04f7c298a354463c4175645362834cd1,/home/od26udiz/miniconda3/bin/SvtAv1EncApp -i /home/od26udiz/Desktop/c/Tuning-Mode-Analysis-for-SVT-AV1/SVT_AV1_Workspace/data/source/a4_360p/SnowMountain_640x360_2997.y4m -b /home/od26udiz/Desktop/c/Tuning-Mode-Analysis-for-SVT-AV1/SVT_AV1_Workspace/data/encoded/meeting/a4_360p/SnowMountain_640x360_2997__VMAF__p10__crf26__run1.ivf --preset 10 --crf 26 --tune 5 --lp 0 --progress 1,0,/home/od26udiz/Desktop/c/Tuning-Mode-Analysis-for-SVT-AV1/SVT_AV1_Workspace/logs/meeting/a4_360p/SnowMountain_640x360_2997__VMAF__p10__crf26__run1.log
8523f929b375de84a526,2026-09-21T10:41:06.788531+00:00,meeting,ok,a4_360p,SnowMountain_640x360_2997.y4m,/home/od26udiz/Desktop/c/Tuning-Mode-Analysis-for-SVT-AV1/SVT_AV1_Workspace/data/source/a4_360p/SnowMountain_640x360_2997.y4m,720p_or_lower,640,360,29.97002997002997,8,420jpeg,44928844,63ae6b7fb786883c2144552e98d0c4dd,5d9983f764d842498416c40a57470f9cd99842d568a5a5a92eb6e1bf32ea8edb,VMAF,5,10,35,0,1,0,130,4.337666666666666,125,0.230471,1039.119,130134016,124.105,/home/od26udiz/Desktop/c/Tuning-Mode-Analysis-for-SVT-AV1/SVT_AV1_Workspace/data/encoded/meeting/a4_360p/SnowMountain_640x360_2997__VMAF__p10__crf35__run1.ivf,170388,314.2482133251364,69b857f39d7e82b4b1b18592b39faac1,42a6d0f4d67bdd4e0e3469ab8716d4ab3261ed9c8d5c320be17ed9e6657cc1b1,/home/od26udiz/miniconda3/bin/SvtAv1EncApp -i /home/od26udiz/Desktop/c/Tuning-Mode-Analysis-for-SVT-AV1/SVT_AV1_Workspace/data/source/a4_360p/SnowMountain_640x360_2997.y4m -b /home/od26udiz/Desktop/c/Tuning-Mode-Analysis-for-SVT-AV1/SVT_AV1_Workspace/data/encoded/meeting/a4_360p/SnowMountain_640x360_2997__VMAF__p10__crf35__run1.ivf --preset 10 --crf 35 --tune 5 --lp 0 --progress 1,0,/home/od26udiz/Desktop/c/Tuning-Mode-Analysis-for-SVT-AV1/SVT_AV1_Workspace/logs/meeting/a4_360p/SnowMountain_640x360_2997__VMAF__p10__crf35__run1.log
e768dd8a629695b61584,2026-09-21T10:41:07.014337+00:00,meeting,ok,a4_360p,SnowMountain_640x360_2997.y4m,/home/od26udiz/Desktop/c/Tuning-Mode-Analysis-for-SVT-AV1/SVT_AV1_Workspace/data/source/a4_360p/SnowMountain_640x360_2997.y4m,720p_or_lower,640,360,29.97002997002997,8,420jpeg,44928844,63ae6b7fb786883c2144552e98d0c4dd,5d9983f764d842498416c40a57470f9cd99842d568a5a5a92eb6e1bf32ea8edb,VMAF,5,10,44,0,1,0,130,4.337666666666666,126,0.215944,1033.797,130920448,124.855,/home/od26udiz/Desktop/c/Tuning-Mode-Analysis-for-SVT-AV1/SVT_AV1_Workspace/data/encoded/meeting/a4_360p/SnowMountain_640x360_2997__VMAF__p10__crf44__run1.ivf,105282,194.17259663413512,cc05d54cb845f82ad571dba98a42de31,aedeafda46f568e5c3d0734b129f4238da9b9f20f8fb57e1c62f4057df4a6b43,/home/od26udiz/miniconda3/bin/SvtAv1EncApp -i /home/od26udiz/Desktop/c/Tuning-Mode-Analysis-for-SVT-AV1/SVT_AV1_Workspace/data/source/a4_360p/SnowMountain_640x360_2997.y4m -b /home/od26udiz/Desktop/c/Tuning-Mode-Analysis-for-SVT-AV1/SVT_AV1_Workspace/data/encoded/meeting/a4_360p/SnowMountain_640x360_2997__VMAF__p10__crf44__run1.ivf --preset 10 --crf 44 --tune 5 --lp 0 --progress 1,0,/home/od26udiz/Desktop/c/Tuning-Mode-Analysis-for-SVT-AV1/SVT_AV1_Workspace/logs/meeting/a4_360p/SnowMountain_640x360_2997__VMAF__p10__crf44__run1.log
3af9af2bccaee4733f80,2026-09-21T10:41:07.257347+00:00,meeting,ok,a4_360p,SnowMountain_640x360_2997.y4m,/home/od26udiz/Desktop/c/Tuning-Mode-Analysis-for-SVT-AV1/SVT_AV1_Workspace/data/source/a4_360p/SnowMountain_640x360_2997.y4m,720p_or_lower,640,360,29.97002997002997,8,420jpeg,44928844,63ae6b7fb786883c2144552e98d0c4dd,5d9983f764d842498416c40a57470f9cd99842d568a5a5a92eb6e1bf32ea8edb,VMAF,5,10,52,0,1,0,130,4.337666666666666,125,0.23015,1037.005,130195456,124.164,/home/od26udiz/Desktop/c/Tuning-Mode-Analysis-for-SVT-AV1/SVT_AV1_Workspace/data/encoded/meeting/a4_360p/SnowMountain_640x360_2997__VMAF__p10__crf52__run1.ivf,70135,129.35064935064935,6385d843f4f3f4ec19575ff033a62664,fffc30cdd759538a1ed67857cbcb873c619a8b2ddd47e288bbfad5210126eb44,/home/od26udiz/miniconda3/bin/SvtAv1EncApp -i /home/od26udiz/Desktop/c/Tuning-Mode-Analysis-for-SVT-AV1/SVT_AV1_Workspace/data/source/a4_360p/SnowMountain_640x360_2997.y4m -b /home/od26udiz/Desktop/c/Tuning-Mode-Analysis-for-SVT-AV1/SVT_AV1_Workspace/data/encoded/meeting/a4_360p/SnowMountain_640x360_2997__VMAF__p10__crf52__run1.ivf --preset 10 --crf 52 --tune 5 --lp 0 --progress 1,0,/home/od26udiz/Desktop/c/Tuning-Mode-Analysis-for-SVT-AV1/SVT_AV1_Workspace/logs/meeting/a4_360p/SnowMountain_640x360_2997__VMAF__p10__crf52__run1.log
ab796ba952a006e536f4,2026-09-21T10:41:07.503977+00:00,meeting,ok,a4_360p,SnowMountain_640x360_2997.y4m,/home/od26udiz/Desktop/c/Tuning-Mode-Analysis-for-SVT-AV1/SVT_AV1_Workspace/data/source/a4_360p/SnowMountain_640x360_2997.y4m,720p_or_lower,640,360,29.97002997002997,8,420jpeg,44928844,63ae6b7fb786883c2144552e98d0c4dd,5d9983f764d842498416c40a57470f9cd99842d568a5a5a92eb6e1bf32ea8edb,VMAF,5,10,60,0,1,0,130,4.337666666666666,136,0.232306,959.204,127700992,121.785,/home/od26udiz/Desktop/c/Tuning-Mode-Analysis-for-SVT-AV1/SVT_AV1_Workspace/data/encoded/meeting/a4_360p/SnowMountain_640x360_2997__VMAF__p10__crf60__run1.ivf,41531,76.59601936525014,51f6b98b6458b38c61cd39e108b20e10,a4c8aa5b1c2ce3d73f94c0d19f324c351096912841a166cb882926e5c8aec0c0,/home/od26udiz/miniconda3/bin/SvtAv1EncApp -i /home/od26udiz/Desktop/c/Tuning-Mode-Analysis-for-SVT-AV1/SVT_AV1_Workspace/data/source/a4_360p/SnowMountain_640x360_2997.y4m -b /home/od26udiz/Desktop/c/Tuning-Mode-Analysis-for-SVT-AV1/SVT_AV1_Workspace/data/encoded/meeting/a4_360p/SnowMountain_640x360_2997__VMAF__p10__crf60__run1.ivf --preset 10 --crf 60 --tune 5 --lp 0 --progress 1,0,/home/od26udiz/Desktop/c/Tuning-Mode-Analysis-for-SVT-AV1/SVT_AV1_Workspace/logs/meeting/a4_360p/SnowMountain_640x360_2997__VMAF__p10__crf60__run1.log
596fb20fbc130ac68d7f,2026-09-21T10:41:12.645849+00:00,meeting,ok,a4_360p,SpeedBag_640x360_2997.y4m,/home/od26udiz/Desktop/c/Tuning-Mode-Analysis-for-SVT-AV1/SVT_AV1_Workspace/data/source/a4_360p/SpeedBag_640x360_2997.y4m,720p_or_lower,640,360,29.97002997002997,8,420jpeg,44928844,8bfe53f0215b749744b3947e16ab09a4,9f6857a8e782138ce7185b81ca0bed6fda36f7f8d0d176d5e64059faf2566004,VQ,0,1,18,0,1,0,130,4.337666666666666,5025,5.129778,25.872,321630208,306.73,/home/od26udiz/Desktop/c/Tuning-Mode-Analysis-for-SVT-AV1/SVT_AV1_Workspace/data/encoded/meeting/a4_360p/SpeedBag_640x360_2997__VQ__p1__crf18__run1.ivf,255917,471.99016368247146,f4078b39253f1939790ecfdc32356948,d0862ec1a6fbe695bad944679fa273884cd45ff8b253472f25fc4cae33d59481,/home/od26udiz/miniconda3/bin/SvtAv1EncApp -i /home/od26udiz/Desktop/c/Tuning-Mode-Analysis-for-SVT-AV1/SVT_AV1_Workspace/data/source/a4_360p/SpeedBag_640x360_2997.y4m -b /home/od26udiz/Desktop/c/Tuning-Mode-Analysis-for-SVT-AV1/SVT_AV1_Workspace/data/encoded/meeting/a4_360p/SpeedBag_640x360_2997__VQ__p1__crf18__run1.ivf --preset 1 --crf 18 --tune 0 --lp 0 --progress 1,0,/home/od26udiz/Desktop/c/Tuning-Mode-Analysis-for-SVT-AV1/SVT_AV1_Workspace/logs/meeting/a4_360p/SpeedBag_640x360_2997__VQ__p1__crf18__run1.log
6c3c1c248766e2641f76,2026-09-21T10:41:18.805056+00:00,meeting,ok,a4_360p,SpeedBag_640x360_2997.y4m,/home/od26udiz/Desktop/c/Tuning-Mode-Analysis-for-SVT-AV1/SVT_AV1_Workspace/data/source/a4_360p/SpeedBag_640x360_2997.y4m,720p_or_lower,640,360,29.97002997002997,8,420jpeg,44928844,8bfe53f0215b749744b3947e16ab09a4,9f6857a8e782138ce7185b81ca0bed6fda36f7f8d0d176d5e64059faf2566004,VQ,0,1,26,0,1,0,130,4.337666666666666,6059,6.14952,21.455,332427264,317.027,/home/od26udiz/Desktop/c/Tuning-Mode-Analysis-for-SVT-AV1/SVT_AV1_Workspace/data/encoded/meeting/a4_360p/SpeedBag_640x360_2997__VQ__p1__crf26__run1.ivf,164394,303.19342196265274,75597efabf80efc0e7741f1d22507bb0,13cfdf73076e69522de1e2af3f0b5cf2c4297ee78d4da97d1f6b2ba6ea5c25c6,/home/od26udiz/miniconda3/bin/SvtAv1EncApp -i /home/od26udiz/Desktop/c/Tuning-Mode-Analysis-for-SVT-AV1/SVT_AV1_Workspace/data/source/a4_360p/SpeedBag_640x360_2997.y4m -b /home/od26udiz/Desktop/c/Tuning-Mode-Analysis-for-SVT-AV1/SVT_AV1_Workspace/data/encoded/meeting/a4_360p/SpeedBag_640x360_2997__VQ__p1__crf26__run1.ivf --preset 1 --crf 26 --tune 0 --lp 0 --progress 1,0,/home/od26udiz/Desktop/c/Tuning-Mode-Analysis-for-SVT-AV1/SVT_AV1_Workspace/logs/meeting/a4_360p/SpeedBag_640x360_2997__VQ__p1__crf26__run1.log
0667c9137e4de8a1decf,2026-09-21T10:41:25.382195+00:00,meeting,ok,a4_360p,SpeedBag_640x360_2997.y4m,/home/od26udiz/Desktop/c/Tuning-Mode-Analysis-for-SVT-AV1/SVT_AV1_Workspace/data/source/a4_360p/SpeedBag_640x360_2997.y4m,720p_or_lower,640,360,29.97002997002997,8,420jpeg,44928844,8bfe53f0215b749744b3947e16ab09a4,9f6857a8e782138ce7185b81ca0bed6fda36f7f8d0d176d5e64059faf2566004,VQ,0,1,35,0,1,0,130,4.337666666666666,6439,6.567846,20.189,347521024,331.422,/home/od26udiz/Desktop/c/Tuning-Mode-Analysis-for-SVT-AV1/SVT_AV1_Workspace/data/encoded/meeting/a4_360p/SpeedBag_640x360_2997__VQ__p1__crf35__run1.ivf,99828,184.11373242142474,9a8f759004530a239e2e53535f19cfab,19b9620185436b8160aa1ea6d094c9b741595fb377a25d6dda22fd716688001f,/home/od26udiz/miniconda3/bin/SvtAv1EncApp -i /home/od26udiz/Desktop/c/Tuning-Mode-Analysis-for-SVT-AV1/SVT_AV1_Workspace/data/source/a4_360p/SpeedBag_640x360_2997.y4m -b /home/od26udiz/Desktop/c/Tuning-Mode-Analysis-for-SVT-AV1/SVT_AV1_Workspace/data/encoded/meeting/a4_360p/SpeedBag_640x360_2997__VQ__p1__crf35__run1.ivf --preset 1 --crf 35 --tune 0 --lp 0 --progress 1,0,/home/od26udiz/Desktop/c/Tuning-Mode-Analysis-for-SVT-AV1/SVT_AV1_Workspace/logs/meeting/a4_360p/SpeedBag_640x360_2997__VQ__p1__crf35__run1.log
ef979c650584a60cf796,2026-09-21T10:41:32.190821+00:00,meeting,ok,a4_360p,SpeedBag_640x360_2997.y4m,/home/od26udiz/Desktop/c/Tuning-Mode-Analysis-for-SVT-AV1/SVT_AV1_Workspace/data/source/a4_360p/SpeedBag_640x360_2997.y4m,720p_or_lower,640,360,29.97002997002997,8,420jpeg,44928844,8bfe53f0215b749744b3947e16ab09a4,9f6857a8e782138ce7185b81ca0bed6fda36f7f8d0d176d5e64059faf2566004,VQ,0,1,44,0,1,0,130,4.337666666666666,6679,6.797025,19.464,356839424,340.309,/home/od26udiz/Desktop/c/Tuning-Mode-Analysis-for-SVT-AV1/SVT_AV1_Workspace/data/encoded/meeting/a4_360p/SpeedBag_640x360_2997__VQ__p1__crf44__run1.ivf,61412,113.26273726273726,dc93c6ff4ec9783ce56d7930c817b6c0,a89786574b318b4a8dcb0d79418263aa5f338283394322172a9b3cf85da2a32a,/home/od26udiz/miniconda3/bin/SvtAv1EncApp -i /home/od26udiz/Desktop/c/Tuning-Mode-Analysis-for-SVT-AV1/SVT_AV1_Workspace/data/source/a4_360p/SpeedBag_640x360_2997.y4m -b /home/od26udiz/Desktop/c/Tuning-Mode-Analysis-for-SVT-AV1/SVT_AV1_Workspace/data/encoded/meeting/a4_360p/SpeedBag_640x360_2997__VQ__p1__crf44__run1.ivf --preset 1 --crf 44 --tune 0 --lp 0 --progress 1,0,/home/od26udiz/Desktop/c/Tuning-Mode-Analysis-for-SVT-AV1/SVT_AV1_Workspace/logs/meeting/a4_360p/SpeedBag_640x360_2997__VQ__p1__crf44__run1.log
3ab933eb496af63d1164,2026-09-21T10:41:39.615332+00:00,meeting,ok,a4_360p,SpeedBag_640x360_2997.y4m,/home/od26udiz/Desktop/c/Tuning-Mode-Analysis-for-SVT-AV1/SVT_AV1_Workspace/data/source/a4_360p/SpeedBag_640x360_2997.y4m,720p_or_lower,640,360,29.97002997002997,8,420jpeg,44928844,8bfe53f0215b749744b3947e16ab09a4,9f6857a8e782138ce7185b81ca0bed6fda36f7f8d0d176d5e64059faf2566004,VQ,0,1,52,0,1,0,130,4.337666666666666,7270,7.413043,17.881,362045440,345.273,/home/od26udiz/Desktop/c/Tuning-Mode-Analysis-for-SVT-AV1/SVT_AV1_Workspace/data/encoded/meeting/a4_360p/SpeedBag_640x360_2997__VQ__p1__crf52__run1.ivf,41865,77.21201875048028,629b43d2aa1833f8ff048eb6cfacf48c,d3bc2a8096f631dbe0917b80d689dcea7e32f3626258d0a8f24f77836583a8e6,/home/od26udiz/miniconda3/bin/SvtAv1EncApp -i /home/od26udiz/Desktop/c/Tuning-Mode-Analysis-for-SVT-AV1/SVT_AV1_Workspace/data/source/a4_360p/SpeedBag_640x360_2997.y4m -b /home/od26udiz/Desktop/c/Tuning-Mode-Analysis-for-SVT-AV1/SVT_AV1_Workspace/data/encoded/meeting/a4_360p/SpeedBag_640x360_2997__VQ__p1__crf52__run1.ivf --preset 1 --crf 52 --tune 0 --lp 0 --progress 1,0,/home/od26udiz/Desktop/c/Tuning-Mode-Analysis-for-SVT-AV1/SVT_AV1_Workspace/logs/meeting/a4_360p/SpeedBag_640x360_2997__VQ__p1__crf52__run1.log
69429588ad00312f7a39,2026-09-21T10:41:49.434941+00:00,meeting,ok,a4_360p,SpeedBag_640x360_2997.y4m,/home/od26udiz/Desktop/c/Tuning-Mode-Analysis-for-SVT-AV1/SVT_AV1_Workspace/data/source/a4_360p/SpeedBag_640x360_2997.y4m,720p_or_lower,640,360,29.97002997002997,8,420jpeg,44928844,8bfe53f0215b749744b3947e16ab09a4,9f6857a8e782138ce7185b81ca0bed6fda36f7f8d0d176d5e64059faf2566004,VQ,0,1,60,0,1,0,130,4.337666666666666,9687,9.810351,13.42,530489344,505.914,/home/od26udiz/Desktop/c/Tuning-Mode-Analysis-for-SVT-AV1/SVT_AV1_Workspace/data/encoded/meeting/a4_360p/SpeedBag_640x360_2997__VQ__p1__crf60__run1.ivf,24226,44.680242834088986,209c17c10547d01eb80ddcb5d4171a34,89fc876b37335401553d262382ca5d74d68acc343d51dc134c35e9e779a7f70f,/home/od26udiz/miniconda3/bin/SvtAv1EncApp -i /home/od26udiz/Desktop/c/Tuning-Mode-Analysis-for-SVT-AV1/SVT_AV1_Workspace/data/source/a4_360p/SpeedBag_640x360_2997.y4m -b /home/od26udiz/Desktop/c/Tuning-Mode-Analysis-for-SVT-AV1/SVT_AV1_Workspace/data/encoded/meeting/a4_360p/SpeedBag_640x360_2997__VQ__p1__crf60__run1.ivf --preset 1 --crf 60 --tune 0 --lp 0 --progress 1,0,/home/od26udiz/Desktop/c/Tuning-Mode-Analysis-for-SVT-AV1/SVT_AV1_Workspace/logs/meeting/a4_360p/SpeedBag_640x360_2997__VQ__p1__crf60__run1.log
b48f11a6a7cf5c8db737,2026-09-21T10:41:49.669262+00:00,meeting,ok,a4_360p,SpeedBag_640x360_2997.y4m,/home/od26udiz/Desktop/c/Tuning-Mode-Analysis-for-SVT-AV1/SVT_AV1_Workspace/data/source/a4_360p/SpeedBag_640x360_2997.y4m,720p_or_lower,640,360,29.97002997002997,8,420jpeg,44928844,8bfe53f0215b749744b3947e16ab09a4,9f6857a8e782138ce7185b81ca0bed6fda36f7f8d0d176d5e64059faf2566004,VQ,0,10,18,0,1,0,130,4.337666666666666,160,0.224664,810.737,139243520,132.793,/home/od26udiz/Desktop/c/Tuning-Mode-Analysis-for-SVT-AV1/SVT_AV1_Workspace/data/encoded/meeting/a4_360p/SpeedBag_640x360_2997__VQ__p10__crf18__run1.ivf,476781,879.3317451778992,9e49a9b7e9f1ca5e1f6c3e6ce0356d39,bbb961f77b12cff458a035ac762904fb0499f16cdc9450a89a08b007b140cb5a,/home/od26udiz/miniconda3/bin/SvtAv1EncApp -i /home/od26udiz/Desktop/c/Tuning-Mode-Analysis-for-SVT-AV1/SVT_AV1_Workspace/data/source/a4_360p/SpeedBag_640x360_2997.y4m -b /home/od26udiz/Desktop/c/Tuning-Mode-Analysis-for-SVT-AV1/SVT_AV1_Workspace/data/encoded/meeting/a4_360p/SpeedBag_640x360_2997__VQ__p10__crf18__run1.ivf --preset 10 --crf 18 --tune 0 --lp 0 --progress 1,0,/home/od26udiz/Desktop/c/Tuning-Mode-Analysis-for-SVT-AV1/SVT_AV1_Workspace/logs/meeting/a4_360p/SpeedBag_640x360_2997__VQ__p10__crf18__run1.log
6338d4d8d3ed1a707a00,2026-09-21T10:41:49.893389+00:00,meeting,ok,a4_360p,SpeedBag_640x360_2997.y4m,/home/od26udiz/Desktop/c/Tuning-Mode-Analysis-for-SVT-AV1/SVT_AV1_Workspace/data/source/a4_360p/SpeedBag_640x360_2997.y4m,720p_or_lower,640,360,29.97002997002997,8,420jpeg,44928844,8bfe53f0215b749744b3947e16ab09a4,9f6857a8e782138ce7185b81ca0bed6fda36f7f8d0d176d5e64059faf2566004,VQ,0,10,26,0,1,0,130,4.337666666666666,145,0.212559,893.858,138948608,132.512,/home/od26udiz/Desktop/c/Tuning-Mode-Analysis-for-SVT-AV1/SVT_AV1_Workspace/data/encoded/meeting/a4_360p/SpeedBag_640x360_2997__VQ__p10__crf26__run1.ivf,294207,542.608775839545,f7a5096af5ee234ff866b3ac3f381caa,469f6017e8239c2b0052fb933ba288ee62ec00a8ca38cadb59861200f0c2e88c,/home/od26udiz/miniconda3/bin/SvtAv1EncApp -i /home/od26udiz/Desktop/c/Tuning-Mode-Analysis-for-SVT-AV1/SVT_AV1_Workspace/data/source/a4_360p/SpeedBag_640x360_2997.y4m -b /home/od26udiz/Desktop/c/Tuning-Mode-Analysis-for-SVT-AV1/SVT_AV1_Workspace/data/encoded/meeting/a4_360p/SpeedBag_640x360_2997__VQ__p10__crf26__run1.ivf --preset 10 --crf 26 --tune 0 --lp 0 --progress 1,0,/home/od26udiz/Desktop/c/Tuning-Mode-Analysis-for-SVT-AV1/SVT_AV1_Workspace/logs/meeting/a4_360p/SpeedBag_640x360_2997__VQ__p10__crf26__run1.log
c5f1ec6fbc562be157ed,2026-09-21T10:41:50.138476+00:00,meeting,ok,a4_360p,SpeedBag_640x360_2997.y4m,/home/od26udiz/Desktop/c/Tuning-Mode-Analysis-for-SVT-AV1/SVT_AV1_Workspace/data/source/a4_360p/SpeedBag_640x360_2997.y4m,720p_or_lower,640,360,29.97002997002997,8,420jpeg,44928844,8bfe53f0215b749744b3947e16ab09a4,9f6857a8e782138ce7185b81ca0bed6fda36f7f8d0d176d5e64059faf2566004,VQ,0,10,35,0,1,0,130,4.337666666666666,140,0.230465,925.544,139829248,133.352,/home/od26udiz/Desktop/c/Tuning-Mode-Analysis-for-SVT-AV1/SVT_AV1_Workspace/data/encoded/meeting/a4_360p/SpeedBag_640x360_2997__VQ__p10__crf35__run1.ivf,162556,299.80358103435026,cde387a5004d670ccda631e55dac1b62,1eb92501ace2c392da33a30dc2150cf44de56d730aa24fa8b0b9c142fbf000fd,/home/od26udiz/miniconda3/bin/SvtAv1EncApp -i /home/od26udiz/Desktop/c/Tuning-Mode-Analysis-for-SVT-AV1/SVT_AV1_Workspace/data/source/a4_360p/SpeedBag_640x360_2997.y4m -b /home/od26udiz/Desktop/c/Tuning-Mode-Analysis-for-SVT-AV1/SVT_AV1_Workspace/data/encoded/meeting/a4_360p/SpeedBag_640x360_2997__VQ__p10__crf35__run1.ivf --preset 10 --crf 35 --tune 0 --lp 0 --progress 1,0,/home/od26udiz/Desktop/c/Tuning-Mode-Analysis-for-SVT-AV1/SVT_AV1_Workspace/logs/meeting/a4_360p/SpeedBag_640x360_2997__VQ__p10__crf35__run1.log
99e4c57188977e32df03,2026-09-21T10:41:50.360507+00:00,meeting,ok,a4_360p,SpeedBag_640x360_2997.y4m,/home/od26udiz/Desktop/c/Tuning-Mode-Analysis-for-SVT-AV1/SVT_AV1_Workspace/data/source/a4_360p/SpeedBag_640x360_2997.y4m,720p_or_lower,640,360,29.97002997002997,8,420jpeg,44928844,8bfe53f0215b749744b3947e16ab09a4,9f6857a8e782138ce7185b81ca0bed6fda36f7f8d0d176d5e64059faf2566004,VQ,0,10,44,0,1,0,130,4.337666666666666,151,0.212726,861.509,143523840,136.875,/home/od26udiz/Desktop/c/Tuning-Mode-Analysis-for-SVT-AV1/SVT_AV1_Workspace/data/encoded/meeting/a4_360p/SpeedBag_640x360_2997__VQ__p10__crf44__run1.ivf,92332,170.288788134942,db2d274f5bbb52853ffc3ebdda73c64c,55c472ae344aedf4b3746241db9c606c54a81638ea1560d9f6533b6578465643,/home/od26udiz/miniconda3/bin/SvtAv1EncApp -i /home/od26udiz/Desktop/c/Tuning-Mode-Analysis-for-SVT-AV1/SVT_AV1_Workspace/data/source/a4_360p/SpeedBag_640x360_2997.y4m -b /home/od26udiz/Desktop/c/Tuning-Mode-Analysis-for-SVT-AV1/SVT_AV1_Workspace/data/encoded/meeting/a4_360p/SpeedBag_640x360_2997__VQ__p10__crf44__run1.ivf --preset 10 --crf 44 --tune 0 --lp 0 --progress 1,0,/home/od26udiz/Desktop/c/Tuning-Mode-Analysis-for-SVT-AV1/SVT_AV1_Workspace/logs/meeting/a4_360p/SpeedBag_640x360_2997__VQ__p10__crf44__run1.log
7c4f15254f49b376329d,2026-09-21T10:41:50.600572+00:00,meeting,ok,a4_360p,SpeedBag_640x360_2997.y4m,/home/od26udiz/Desktop/c/Tuning-Mode-Analysis-for-SVT-AV1/SVT_AV1_Workspace/data/source/a4_360p/SpeedBag_640x360_2997.y4m,720p_or_lower,640,360,29.97002997002997,8,420jpeg,44928844,8bfe53f0215b749744b3947e16ab09a4,9f6857a8e782138ce7185b81ca0bed6fda36f7f8d0d176d5e64059faf2566004,VQ,0,10,52,0,1,0,130,4.337666666666666,143,0.23181,906.625,141963264,135.387,/home/od26udiz/Desktop/c/Tuning-Mode-Analysis-for-SVT-AV1/SVT_AV1_Workspace/data/encoded/meeting/a4_360p/SpeedBag_640x360_2997__VQ__p10__crf52__run1.ivf,58378,107.66710212864061,a32857e8f235463c081a0305efe1e9ef,4f0564e7774466104443a1a26817957c567ad9aea3f75e971894754c5fe684d3,/home/od26udiz/miniconda3/bin/SvtAv1EncApp -i /home/od26udiz/Desktop/c/Tuning-Mode-Analysis-for-SVT-AV1/SVT_AV1_Workspace/data/source/a4_360p/SpeedBag_640x360_2997.y4m -b /home/od26udiz/Desktop/c/Tuning-Mode-Analysis-for-SVT-AV1/SVT_AV1_Workspace/data/encoded/meeting/a4_360p/SpeedBag_640x360_2997__VQ__p10__crf52__run1.ivf --preset 10 --crf 52 --tune 0 --lp 0 --progress 1,0,/home/od26udiz/Desktop/c/Tuning-Mode-Analysis-for-SVT-AV1/SVT_AV1_Workspace/logs/meeting/a4_360p/SpeedBag_640x360_2997__VQ__p10__crf52__run1.log
b7fd575a105b0f23a661,2026-09-21T10:41:50.820866+00:00,meeting,ok,a4_360p,SpeedBag_640x360_2997.y4m,/home/od26udiz/Desktop/c/Tuning-Mode-Analysis-for-SVT-AV1/SVT_AV1_Workspace/data/source/a4_360p/SpeedBag_640x360_2997.y4m,720p_or_lower,640,360,29.97002997002997,8,420jpeg,44928844,8bfe53f0215b749744b3947e16ab09a4,9f6857a8e782138ce7185b81ca0bed6fda36f7f8d0d176d5e64059faf2566004,VQ,0,10,60,0,1,0,130,4.337666666666666,136,0.212782,954.339,143429632,136.785,/home/od26udiz/Desktop/c/Tuning-Mode-Analysis-for-SVT-AV1/SVT_AV1_Workspace/data/encoded/meeting/a4_360p/SpeedBag_640x360_2997__VQ__p10__crf60__run1.ivf,31011,57.19388304003689,e8e8a3d9409df48a2be4cf20fbd08919,39b4224b76aafd45c4bb07add524d7b22be2f91a69ecd90b16c5f7cdc99c6d68,/home/od26udiz/miniconda3/bin/SvtAv1EncApp -i /home/od26udiz/Desktop/c/Tuning-Mode-Analysis-for-SVT-AV1/SVT_AV1_Workspace/data/source/a4_360p/SpeedBag_640x360_2997.y4m -b /home/od26udiz/Desktop/c/Tuning-Mode-Analysis-for-SVT-AV1/SVT_AV1_Workspace/data/encoded/meeting/a4_360p/SpeedBag_640x360_2997__VQ__p10__crf60__run1.ivf --preset 10 --crf 60 --tune 0 --lp 0 --progress 1,0,/home/od26udiz/Desktop/c/Tuning-Mode-Analysis-for-SVT-AV1/SVT_AV1_Workspace/logs/meeting/a4_360p/SpeedBag_640x360_2997__VQ__p10__crf60__run1.log
6906991ebfbeedd28597,2026-09-21T10:41:56.487314+00:00,meeting,ok,a4_360p,SpeedBag_640x360_2997.y4m,/home/od26udiz/Desktop/c/Tuning-Mode-Analysis-for-SVT-AV1/SVT_AV1_Workspace/data/source/a4_360p/SpeedBag_640x360_2997.y4m,720p_or_lower,640,360,29.97002997002997,8,420jpeg,44928844,8bfe53f0215b749744b3947e16ab09a4,9f6857a8e782138ce7185b81ca0bed6fda36f7f8d0d176d5e64059faf2566004,PSNR,1,1,18,0,1,0,130,4.337666666666666,5525,5.653974,23.531,324653056,309.613,/home/od26udiz/Desktop/c/Tuning-Mode-Analysis-for-SVT-AV1/SVT_AV1_Workspace/data/encoded/meeting/a4_360p/SpeedBag_640x360_2997__PSNR__p1__crf18__run1.ivf,240856,444.21301775147936,46e5c8d01319e0f5f6c6c6fa2fa25d5d,89e80ba987458bd69810d88882364d22f7040ca58a91377e9940e55f56123e11,/home/od26udiz/miniconda3/bin/SvtAv1EncApp -i /home/od26udiz/Desktop/c/Tuning-Mode-Analysis-for-SVT-AV1/SVT_AV1_Workspace/data/source/a4_360p/SpeedBag_640x360_2997.y4m -b /home/od26udiz/Desktop/c/Tuning-Mode-Analysis-for-SVT-AV1/SVT_AV1_Workspace/data/encoded/meeting/a4_360p/SpeedBag_640x360_2997__PSNR__p1__crf18__run1.ivf --preset 1 --crf 18 --tune 1 --lp 0 --progress 1,0,/home/od26udiz/Desktop/c/Tuning-Mode-Analysis-for-SVT-AV1/SVT_AV1_Workspace/logs/meeting/a4_360p/SpeedBag_640x360_2997__PSNR__p1__crf18__run1.log
d8b2c0415b823baf9a7f,2026-09-21T10:42:02.977055+00:00,meeting,ok,a4_360p,SpeedBag_640x360_2997.y4m,/home/od26udiz/Desktop/c/Tuning-Mode-Analysis-for-SVT-AV1/SVT_AV1_Workspace/data/source/a4_360p/SpeedBag_640x360_2997.y4m,720p_or_lower,640,360,29.97002997002997,8,420jpeg,44928844,8bfe53f0215b749744b3947e16ab09a4,9f6857a8e782138ce7185b81ca0bed6fda36f7f8d0d176d5e64059faf2566004,PSNR,1,1,26,0,1,0,130,4.337666666666666,6381,6.478702,20.372,340357120,324.59,/home/od26udiz/Desktop/c/Tuning-Mode-Analysis-for-SVT-AV1/SVT_AV1_Workspace/data/encoded/meeting/a4_360p/SpeedBag_640x360_2997__PSNR__p1__crf26__run1.ivf,158223,291.8121878121878,83c45f6f13079f7ea47add8082770d77,bd56287dd4f49fca72d80ff7bb9cae7f75e8de477906c464fd0f618fda101c69,/home/od26udiz/miniconda3/bin/SvtAv1EncApp -i /home/od26udiz/Desktop/c/Tuning-Mode-Analysis-for-SVT-AV1/SVT_AV1_Workspace/data/source/a4_360p/SpeedBag_640x360_2997.y4m -b /home/od26udiz/Desktop/c/Tuning-Mode-Analysis-for-SVT-AV1/SVT_AV1_Workspace/data/encoded/meeting/a4_360p/SpeedBag_640x360_2997__PSNR__p1__crf26__run1.ivf --preset 1 --crf 26 --tune 1 --lp 0 --progress 1,0,/home/od26udiz/Desktop/c/Tuning-Mode-Analysis-for-SVT-AV1/SVT_AV1_Workspace/logs/meeting/a4_360p/SpeedBag_640x360_2997__PSNR__p1__crf26__run1.log
0bc89ffb3b6eab3adf5d,2026-09-21T10:42:09.874672+00:00,meeting,ok,a4_360p,SpeedBag_640x360_2997.y4m,/home/od26udiz/Desktop/c/Tuning-Mode-Analysis-for-SVT-AV1/SVT_AV1_Workspace/data/source/a4_360p/SpeedBag_640x360_2997.y4m,720p_or_lower,640,360,29.97002997002997,8,420jpeg,44928844,8bfe53f0215b749744b3947e16ab09a4,9f6857a8e782138ce7185b81ca0bed6fda36f7f8d0d176d5e64059faf2566004,PSNR,1,1,35,0,1,0,130,4.337666666666666,6782,6.889075,19.169,348143616,332.016,/home/od26udiz/Desktop/c/Tuning-Mode-Analysis-for-SVT-AV1/SVT_AV1_Workspace/data/encoded/meeting/a4_360p/SpeedBag_640x360_2997__PSNR__p1__crf35__run1.ivf,96173,177.3727810650888,9783a1f7ff749cedf7695e0437d58ea1,abbc9b9035796e23e67e584c5d13be4b97b028e3b556048750e4cc80c9696678,/home/od26udiz/miniconda3/bin/SvtAv1EncApp -i /home/od26udiz/Desktop/c/Tuning-Mode-Analysis-for-SVT-AV1/SVT_AV1_Workspace/data/source/a4_360p/SpeedBag_640x360_2997.y4m -b /home/od26udiz/Desktop/c/Tuning-Mode-Analysis-for-SVT-AV1/SVT_AV1_Workspace/data/encoded/meeting/a4_360p/SpeedBag_640x360_2997__PSNR__p1__crf35__run1.ivf --preset 1 --crf 35 --tune 1 --lp 0 --progress 1,0,/home/od26udiz/Desktop/c/Tuning-Mode-Analysis-for-SVT-AV1/SVT_AV1_Workspace/logs/meeting/a4_360p/SpeedBag_640x360_2997__PSNR__p1__crf35__run1.log
bdaa213b88a13a07b2d4,2026-09-21T10:42:17.120863+00:00,meeting,ok,a4_360p,SpeedBag_640x360_2997.y4m,/home/od26udiz/Desktop/c/Tuning-Mode-Analysis-for-SVT-AV1/SVT_AV1_Workspace/data/source/a4_360p/SpeedBag_640x360_2997.y4m,720p_or_lower,640,360,29.97002997002997,8,420jpeg,44928844,8bfe53f0215b749744b3947e16ab09a4,9f6857a8e782138ce7185b81ca0bed6fda36f7f8d0d176d5e64059faf2566004,PSNR,1,1,44,0,1,0,130,4.337666666666666,7087,7.235064,18.342,362807296,346.0,/home/od26udiz/Desktop/c/Tuning-Mode-Analysis-for-SVT-AV1/SVT_AV1_Workspace/data/encoded/meeting/a4_360p/SpeedBag_640x360_2997__PSNR__p1__crf44__run1.ivf,59508,109.75117190501807,fb7f973eccf061dace3baef20cfdcf36,0aa240a2b9113d008f045b5a6237ee7732d54f15f72c2b2618da5af74020fd10,/home/od26udiz/miniconda3/bin/SvtAv1EncApp -i /home/od26udiz/Desktop/c/Tuning-Mode-Analysis-for-SVT-AV1/SVT_AV1_Workspace/data/source/a4_360p/SpeedBag_640x360_2997.y4m -b /home/od26udiz/Desktop/c/Tuning-Mode-Analysis-for-SVT-AV1/SVT_AV1_Workspace/data/encoded/meeting/a4_360p/SpeedBag_640x360_2997__PSNR__p1__crf44__run1.ivf --preset 1 --crf 44 --tune 1 --lp 0 --progress 1,0,/home/od26udiz/Desktop/c/Tuning-Mode-Analysis-for-SVT-AV1/SVT_AV1_Workspace/logs/meeting/a4_360p/SpeedBag_640x360_2997__PSNR__p1__crf44__run1.log
dae7d32f89c1862d6183,2026-09-21T10:42:24.771835+00:00,meeting,ok,a4_360p,SpeedBag_640x360_2997.y4m,/home/od26udiz/Desktop/c/Tuning-Mode-Analysis-for-SVT-AV1/SVT_AV1_Workspace/data/source/a4_360p/SpeedBag_640x360_2997.y4m,720p_or_lower,640,360,29.97002997002997,8,420jpeg,44928844,8bfe53f0215b749744b3947e16ab09a4,9f6857a8e782138ce7185b81ca0bed6fda36f7f8d0d176d5e64059faf2566004,PSNR,1,1,52,0,1,0,130,4.337666666666666,7523,7.636856,17.28,365330432,348.406,/home/od26udiz/Desktop/c/Tuning-Mode-Analysis-for-SVT-AV1/SVT_AV1_Workspace/data/encoded/meeting/a4_360p/SpeedBag_640x360_2997__PSNR__p1__crf52__run1.ivf,40602,74.88265580573274,3ab046ad67c04578ed756e2a26051057,e17665b1c31841dd2737010203a5d87fe05b2a50548270bca927655f23c48a60,/home/od26udiz/miniconda3/bin/SvtAv1EncApp -i /home/od26udiz/Desktop/c/Tuning-Mode-Analysis-for-SVT-AV1/SVT_AV1_Workspace/data/source/a4_360p/SpeedBag_640x360_2997.y4m -b /home/od26udiz/Desktop/c/Tuning-Mode-Analysis-for-SVT-AV1/SVT_AV1_Workspace/data/encoded/meeting/a4_360p/SpeedBag_640x360_2997__PSNR__p1__crf52__run1.ivf --preset 1 --crf 52 --tune 1 --lp 0 --progress 1,0,/home/od26udiz/Desktop/c/Tuning-Mode-Analysis-for-SVT-AV1/SVT_AV1_Workspace/logs/meeting/a4_360p/SpeedBag_640x360_2997__PSNR__p1__crf52__run1.log
e3aabf7488daae585e19,2026-09-21T10:42:35.220439+00:00,meeting,ok,a4_360p,SpeedBag_640x360_2997.y4m,/home/od26udiz/Desktop/c/Tuning-Mode-Analysis-for-SVT-AV1/SVT_AV1_Workspace/data/source/a4_360p/SpeedBag_640x360_2997.y4m,720p_or_lower,640,360,29.97002997002997,8,420jpeg,44928844,8bfe53f0215b749744b3947e16ab09a4,9f6857a8e782138ce7185b81ca0bed6fda36f7f8d0d176d5e64059faf2566004,PSNR,1,1,60,0,1,0,130,4.337666666666666,10248,10.436612,12.685,567922688,541.613,/home/od26udiz/Desktop/c/Tuning-Mode-Analysis-for-SVT-AV1/SVT_AV1_Workspace/data/encoded/meeting/a4_360p/SpeedBag_640x360_2997__PSNR__p1__crf60__run1.ivf,23302,42.97610082225467,961ce68d6177181c0fda4be06e407708,f717ebe0c0ccd6fce33fa6b37b29bcabc375a871f84b1a283d0139f229614672,/home/od26udiz/miniconda3/bin/SvtAv1EncApp -i /home/od26udiz/Desktop/c/Tuning-Mode-Analysis-for-SVT-AV1/SVT_AV1_Workspace/data/source/a4_360p/SpeedBag_640x360_2997.y4m -b /home/od26udiz/Desktop/c/Tuning-Mode-Analysis-for-SVT-AV1/SVT_AV1_Workspace/data/encoded/meeting/a4_360p/SpeedBag_640x360_2997__PSNR__p1__crf60__run1.ivf --preset 1 --crf 60 --tune 1 --lp 0 --progress 1,0,/home/od26udiz/Desktop/c/Tuning-Mode-Analysis-for-SVT-AV1/SVT_AV1_Workspace/logs/meeting/a4_360p/SpeedBag_640x360_2997__PSNR__p1__crf60__run1.log
425d6c8323adf7666a4f,2026-09-21T10:42:35.566315+00:00,meeting,ok,a4_360p,SpeedBag_640x360_2997.y4m,/home/od26udiz/Desktop/c/Tuning-Mode-Analysis-for-SVT-AV1/SVT_AV1_Workspace/data/source/a4_360p/SpeedBag_640x360_2997.y4m,720p_or_lower,640,360,29.97002997002997,8,420jpeg,44928844,8bfe53f0215b749744b3947e16ab09a4,9f6857a8e782138ce7185b81ca0bed6fda36f7f8d0d176d5e64059faf2566004,PSNR,1,10,18,0,1,0,130,4.337666666666666,164,0.333339,792.234,140632064,134.117,/home/od26udiz/Desktop/c/Tuning-Mode-Analysis-for-SVT-AV1/SVT_AV1_Workspace/data/encoded/meeting/a4_360p/SpeedBag_640x360_2997__PSNR__p10__crf18__run1.ivf,434538,801.4225774225775,31b232f5208fc8d9201896485112f4db,d1295914027927a124383b2c06ea1a627109a11ccbac5a23692b56cb83c6c52d,/home/od26udiz/miniconda3/bin/SvtAv1EncApp -i /home/od26udiz/Desktop/c/Tuning-Mode-Analysis-for-SVT-AV1/SVT_AV1_Workspace/data/source/a4_360p/SpeedBag_640x360_2997.y4m -b /home/od26udiz/Desktop/c/Tuning-Mode-Analysis-for-SVT-AV1/SVT_AV1_Workspace/data/encoded/meeting/a4_360p/SpeedBag_640x360_2997__PSNR__p10__crf18__run1.ivf --preset 10 --crf 18 --tune 1 --lp 0 --progress 1,0,/home/od26udiz/Desktop/c/Tuning-Mode-Analysis-for-SVT-AV1/SVT_AV1_Workspace/logs/meeting/a4_360p/SpeedBag_640x360_2997__PSNR__p10__crf18__run1.log
4650257969a2bfda976d,2026-09-21T10:42:35.814313+00:00,meeting,ok,a4_360p,SpeedBag_640x360_2997.y4m,/home/od26udiz/Desktop/c/Tuning-Mode-Analysis-for-SVT-AV1/SVT_AV1_Workspace/data/source/a4_360p/SpeedBag_640x360_2997.y4m,720p_or_lower,640,360,29.97002997002997,8,420jpeg,44928844,8bfe53f0215b749744b3947e16ab09a4,9f6857a8e782138ce7185b81ca0bed6fda36f7f8d0d176d5e64059faf2566004,PSNR,1,10,26,0,1,0,130,4.337666666666666,152,0.229484,857.005,138584064,132.164,/home/od26udiz/Desktop/c/Tuning-Mode-Analysis-for-SVT-AV1/SVT_AV1_Workspace/data/encoded/meeting/a4_360p/SpeedBag_640x360_2997__PSNR__p10__crf26__run1.ivf,271420,500.5824944286483,04bfd4f977a25920262838842788e590,88cc78942e19ab29141750548fb628ac7c8de1a992ba3d04ef5f26a450f5baba,/home/od26udiz/miniconda3/bin/SvtAv1EncApp -i /home/od26udiz/Desktop/c/Tuning-Mode-Analysis-for-SVT-AV1/SVT_AV1_Workspace/data/source/a4_360p/SpeedBag_640x360_2997.y4m -b /home/od26udiz/Desktop/c/Tuning-Mode-Analysis-for-SVT-AV1/SVT_AV1_Workspace/data/encoded/meeting/a4_360p/SpeedBag_640x360_2997__PSNR__p10__crf26__run1.ivf --preset 10 --crf 26 --tune 1 --lp 0 --progress 1,0,/home/od26udiz/Desktop/c/Tuning-Mode-Analysis-for-SVT-AV1/SVT_AV1_Workspace/logs/meeting/a4_360p/SpeedBag_640x360_2997__PSNR__p10__crf26__run1.log
91a4dceaef8547d8d3bc,2026-09-21T10:42:36.059069+00:00,meeting,ok,a4_360p,SpeedBag_640x360_2997.y4m,/home/od26udiz/Desktop/c/Tuning-Mode-Analysis-for-SVT-AV1/SVT_AV1_Workspace/data/source/a4_360p/SpeedBag_640x360_2997.y4m,720p_or_lower,640,360,29.97002997002997,8,420jpeg,44928844,8bfe53f0215b749744b3947e16ab09a4,9f6857a8e782138ce7185b81ca0bed6fda36f7f8d0d176d5e64059faf2566004,PSNR,1,10,35,0,1,0,130,4.337666666666666,152,0.228822,852.688,142360576,135.766,/home/od26udiz/Desktop/c/Tuning-Mode-Analysis-for-SVT-AV1/SVT_AV1_Workspace/data/encoded/meeting/a4_360p/SpeedBag_640x360_2997__PSNR__p10__crf35__run1.ivf,149090,274.9681088142627,6242bf7ccb03544021626fd01a8fa28c,90ff9dbae7eee438f1cf781280f025c8ce0e29d85bc9617e4776a2525500a794,/home/od26udiz/miniconda3/bin/SvtAv1EncApp -i /home/od26udiz/Desktop/c/Tuning-Mode-Analysis-for-SVT-AV1/SVT_AV1_Workspace/data/source/a4_360p/SpeedBag_640x360_2997.y4m -b /home/od26udiz/Desktop/c/Tuning-Mode-Analysis-for-SVT-AV1/SVT_AV1_Workspace/data/encoded/meeting/a4_360p/SpeedBag_640x360_2997__PSNR__p10__crf35__run1.ivf --preset 10 --crf 35 --tune 1 --lp 0 --progress 1,0,/home/od26udiz/Desktop/c/Tuning-Mode-Analysis-for-SVT-AV1/SVT_AV1_Workspace/logs/meeting/a4_360p/SpeedBag_640x360_2997__PSNR__p10__crf35__run1.log
a5e4602acfa162a341ad,2026-09-21T10:42:36.302760+00:00,meeting,ok,a4_360p,SpeedBag_640x360_2997.y4m,/home/od26udiz/Desktop/c/Tuning-Mode-Analysis-for-SVT-AV1/SVT_AV1_Workspace/data/source/a4_360p/SpeedBag_640x360_2997.y4m,720p_or_lower,640,360,29.97002997002997,8,420jpeg,44928844,8bfe53f0215b749744b3947e16ab09a4,9f6857a8e782138ce7185b81ca0bed6fda36f7f8d0d176d5e64059faf2566004,PSNR,1,10,44,0,1,0,130,4.337666666666666,152,0.229765,856.085,140046336,133.559,/home/od26udiz/Desktop/c/Tuning-Mode-Analysis-for-SVT-AV1/SVT_AV1_Workspace/data/encoded/meeting/a4_360p/SpeedBag_640x360_2997__PSNR__p10__crf44__run1.ivf,85398,157.50034580803813,b131a25f7a7421f200e4cafd998998c9,7c0ae67e5a3849dd5ae0ad3a7dc3f3f802d04921aba5ef39ec6691e5b758813a,/home/od26udiz/miniconda3/bin/SvtAv1EncApp -i /home/od26udiz/Desktop/c/Tuning-Mode-Analysis-for-SVT-AV1/SVT_AV1_Workspace/data/source/a4_360p/SpeedBag_640x360_2997.y4m -b /home/od26udiz/Desktop/c/Tuning-Mode-Analysis-for-SVT-AV1/SVT_AV1_Workspace/data/encoded/meeting/a4_360p/SpeedBag_640x360_2997__PSNR__p10__crf44__run1.ivf --preset 10 --crf 44 --tune 1 --lp 0 --progress 1,0,/home/od26udiz/Desktop/c/Tuning-Mode-Analysis-for-SVT-AV1/SVT_AV1_Workspace/logs/meeting/a4_360p/SpeedBag_640x360_2997__PSNR__p10__crf44__run1.log
a8c8dcf79504b4626d5e,2026-09-21T10:42:36.528113+00:00,meeting,ok,a4_360p,SpeedBag_640x360_2997.y4m,/home/od26udiz/Desktop/c/Tuning-Mode-Analysis-for-SVT-AV1/SVT_AV1_Workspace/data/source/a4_360p/SpeedBag_640x360_2997.y4m,720p_or_lower,640,360,29.97002997002997,8,420jpeg,44928844,8bfe53f0215b749744b3947e16ab09a4,9f6857a8e782138ce7185b81ca0bed6fda36f7f8d0d176d5e64059faf2566004,PSNR,1,10,52,0,1,0,130,4.337666666666666,140,0.213628,931.432,144347136,137.66,/home/od26udiz/Desktop/c/Tuning-Mode-Analysis-for-SVT-AV1/SVT_AV1_Workspace/data/encoded/meeting/a4_360p/SpeedBag_640x360_2997__PSNR__p10__crf52__run1.ivf,53894,99.39721816644895,646043a21074ab232b0d06ddaf2be61d,19282ea9d1fac8fb98ea08f86e28d17eeeff3f13889c55e399d4eabaa028df75,/home/od26udiz/miniconda3/bin/SvtAv1EncApp -i /home/od26udiz/Desktop/c/Tuning-Mode-Analysis-for-SVT-AV1/SVT_AV1_Workspace/data/source/a4_360p/SpeedBag_640x360_2997.y4m -b /home/od26udiz/Desktop/c/Tuning-Mode-Analysis-for-SVT-AV1/SVT_AV1_Workspace/data/encoded/meeting/a4_360p/SpeedBag_640x360_2997__PSNR__p10__crf52__run1.ivf --preset 10 --crf 52 --tune 1 --lp 0 --progress 1,0,/home/od26udiz/Desktop/c/Tuning-Mode-Analysis-for-SVT-AV1/SVT_AV1_Workspace/logs/meeting/a4_360p/SpeedBag_640x360_2997__PSNR__p10__crf52__run1.log
57e2aa96e294d3ebe16a,2026-09-21T10:42:36.768698+00:00,meeting,ok,a4_360p,SpeedBag_640x360_2997.y4m,/home/od26udiz/Desktop/c/Tuning-Mode-Analysis-for-SVT-AV1/SVT_AV1_Workspace/data/source/a4_360p/SpeedBag_640x360_2997.y4m,720p_or_lower,640,360,29.97002997002997,8,420jpeg,44928844,8bfe53f0215b749744b3947e16ab09a4,9f6857a8e782138ce7185b81ca0bed6fda36f7f8d0d176d5e64059faf2566004,PSNR,1,10,60,0,1,0,130,4.337666666666666,134,0.229718,973.593,138620928,132.199,/home/od26udiz/Desktop/c/Tuning-Mode-Analysis-for-SVT-AV1/SVT_AV1_Workspace/data/encoded/meeting/a4_360p/SpeedBag_640x360_2997__PSNR__p10__crf60__run1.ivf,28356,52.29724122031814,15765213fdf836979e0eeebfee36d32e,6b0437d0e5812905c1b46e61fe59aafb87c5cb7bcd3bc532372e763b2b5ea1a5,/home/od26udiz/miniconda3/bin/SvtAv1EncApp -i /home/od26udiz/Desktop/c/Tuning-Mode-Analysis-for-SVT-AV1/SVT_AV1_Workspace/data/source/a4_360p/SpeedBag_640x360_2997.y4m -b /home/od26udiz/Desktop/c/Tuning-Mode-Analysis-for-SVT-AV1/SVT_AV1_Workspace/data/encoded/meeting/a4_360p/SpeedBag_640x360_2997__PSNR__p10__crf60__run1.ivf --preset 10 --crf 60 --tune 1 --lp 0 --progress 1,0,/home/od26udiz/Desktop/c/Tuning-Mode-Analysis-for-SVT-AV1/SVT_AV1_Workspace/logs/meeting/a4_360p/SpeedBag_640x360_2997__PSNR__p10__crf60__run1.log
44b5c3b1c4b0fc909666,2026-09-21T10:42:42.526127+00:00,meeting,ok,a4_360p,SpeedBag_640x360_2997.y4m,/home/od26udiz/Desktop/c/Tuning-Mode-Analysis-for-SVT-AV1/SVT_AV1_Workspace/data/source/a4_360p/SpeedBag_640x360_2997.y4m,720p_or_lower,640,360,29.97002997002997,8,420jpeg,44928844,8bfe53f0215b749744b3947e16ab09a4,9f6857a8e782138ce7185b81ca0bed6fda36f7f8d0d176d5e64059faf2566004,SSIM,2,1,18,0,1,0,130,4.337666666666666,5612,5.747914,23.163,328880128,313.645,/home/od26udiz/Desktop/c/Tuning-Mode-Analysis-for-SVT-AV1/SVT_AV1_Workspace/data/encoded/meeting/a4_360p/SpeedBag_640x360_2997__SSIM__p1__crf18__run1.ivf,220855,407.32498270959815,3b52196d7151a1997a02adb3294899f3,e2f9bc4183016de262fbf1525167b59d350b870f889df00de67b6d8e9eec0f50,/home/od26udiz/miniconda3/bin/SvtAv1EncApp -i /home/od26udiz/Desktop/c/Tuning-Mode-Analysis-for-SVT-AV1/SVT_AV1_Workspace/data/source/a4_360p/SpeedBag_640x360_2997.y4m -b /home/od26udiz/Desktop/c/Tuning-Mode-Analysis-for-SVT-AV1/SVT_AV1_Workspace/data/encoded/meeting/a4_360p/SpeedBag_640x360_2997__SSIM__p1__crf18__run1.ivf --preset 1 --crf 18 --tune 2 --lp 0 --progress 1,0,/home/od26udiz/Desktop/c/Tuning-Mode-Analysis-for-SVT-AV1/SVT_AV1_Workspace/logs/meeting/a4_360p/SpeedBag_640x360_2997__SSIM__p1__crf18__run1.log
b0c43532a173c2bc326c,2026-09-21T10:42:49.444878+00:00,meeting,ok,a4_360p,SpeedBag_640x360_2997.y4m,/home/od26udiz/Desktop/c/Tuning-Mode-Analysis-for-SVT-AV1/SVT_AV1_Workspace/data/source/a4_360p/SpeedBag_640x360_2997.y4m,720p_or_lower,640,360,29.97002997002997,8,420jpeg,44928844,8bfe53f0215b749744b3947e16ab09a4,9f6857a8e782138ce7185b81ca0bed6fda36f7f8d0d176d5e64059faf2566004,SSIM,2,1,26,0,1,0,130,4.337666666666666,6746,6.904108,19.27,330465280,315.156,/home/od26udiz/Desktop/c/Tuning-Mode-Analysis-for-SVT-AV1/SVT_AV1_Workspace/data/encoded/meeting/a4_360p/SpeedBag_640x360_2997__SSIM__p1__crf26__run1.ivf,147534,272.0983631752863,eb576036b135dd515c2ec81fa1cee99d,a164be498353186f13a089889aa881e3ba7b3abd5db36cbf6b0e57f9a1decce9,/home/od26udiz/miniconda3/bin/SvtAv1EncApp -i /home/od26udiz/Desktop/c/Tuning-Mode-Analysis-for-SVT-AV1/SVT_AV1_Workspace/data/source/a4_360p/SpeedBag_640x360_2997.y4m -b /home/od26udiz/Desktop/c/Tuning-Mode-Analysis-for-SVT-AV1/SVT_AV1_Workspace/data/encoded/meeting/a4_360p/SpeedBag_640x360_2997__SSIM__p1__crf26__run1.ivf --preset 1 --crf 26 --tune 2 --lp 0 --progress 1,0,/home/od26udiz/Desktop/c/Tuning-Mode-Analysis-for-SVT-AV1/SVT_AV1_Workspace/logs/meeting/a4_360p/SpeedBag_640x360_2997__SSIM__p1__crf26__run1.log
7b403ef6110bd726a404,2026-09-21T10:42:56.582902+00:00,meeting,ok,a4_360p,SpeedBag_640x360_2997.y4m,/home/od26udiz/Desktop/c/Tuning-Mode-Analysis-for-SVT-AV1/SVT_AV1_Workspace/data/source/a4_360p/SpeedBag_640x360_2997.y4m,720p_or_lower,640,360,29.97002997002997,8,420jpeg,44928844,8bfe53f0215b749744b3947e16ab09a4,9f6857a8e782138ce7185b81ca0bed6fda36f7f8d0d176d5e64059faf2566004,SSIM,2,1,35,0,1,0,130,4.337666666666666,6963,7.124301,18.67,346701824,330.641,/home/od26udiz/Desktop/c/Tuning-Mode-Analysis-for-SVT-AV1/SVT_AV1_Workspace/data/encoded/meeting/a4_360p/SpeedBag_640x360_2997__SSIM__p1__crf35__run1.ivf,90175,166.31061246445861,65ddda0c391e05dbe95fefc0a98240a2,c6cdef60c1c97747392702ac37c8a7bf9ebd67a11cda94fc4dec1e2e51c6cde5,/home/od26udiz/miniconda3/bin/SvtAv1EncApp -i /home/od26udiz/Desktop/c/Tuning-Mode-Analysis-for-SVT-AV1/SVT_AV1_Workspace/data/source/a4_360p/SpeedBag_640x360_2997.y4m -b /home/od26udiz/Desktop/c/Tuning-Mode-Analysis-for-SVT-AV1/SVT_AV1_Workspace/data/encoded/meeting/a4_360p/SpeedBag_640x360_2997__SSIM__p1__crf35__run1.ivf --preset 1 --crf 35 --tune 2 --lp 0 --progress 1,0,/home/od26udiz/Desktop/c/Tuning-Mode-Analysis-for-SVT-AV1/SVT_AV1_Workspace/logs/meeting/a4_360p/SpeedBag_640x360_2997__SSIM__p1__crf35__run1.log
e06a9ccdcd078062523d,2026-09-21T10:43:03.938073+00:00,meeting,ok,a4_360p,SpeedBag_640x360_2997.y4m,/home/od26udiz/Desktop/c/Tuning-Mode-Analysis-for-SVT-AV1/SVT_AV1_Workspace/data/source/a4_360p/SpeedBag_640x360_2997.y4m,720p_or_lower,640,360,29.97002997002997,8,420jpeg,44928844,8bfe53f0215b749744b3947e16ab09a4,9f6857a8e782138ce7185b81ca0bed6fda36f7f8d0d176d5e64059faf2566004,SSIM,2,1,44,0,1,0,130,4.337666666666666,7193,7.34056,18.074,364052480,347.188,/home/od26udiz/Desktop/c/Tuning-Mode-Analysis-for-SVT-AV1/SVT_AV1_Workspace/data/encoded/meeting/a4_360p/SpeedBag_640x360_2997__SSIM__p1__crf44__run1.ivf,56423,104.0614769845539,5fff511fb66313af6dcc9060ed3135cc,fa1e3b4c1e5d92ed1ded74337949bace5139b0fd66a24036e4fb9e016384fe83,/home/od26udiz/miniconda3/bin/SvtAv1EncApp -i /home/od26udiz/Desktop/c/Tuning-Mode-Analysis-for-SVT-AV1/SVT_AV1_Workspace/data/source/a4_360p/SpeedBag_640x360_2997.y4m -b /home/od26udiz/Desktop/c/Tuning-Mode-Analysis-for-SVT-AV1/SVT_AV1_Workspace/data/encoded/meeting/a4_360p/SpeedBag_640x360_2997__SSIM__p1__crf44__run1.ivf --preset 1 --crf 44 --tune 2 --lp 0 --progress 1,0,/home/od26udiz/Desktop/c/Tuning-Mode-Analysis-for-SVT-AV1/SVT_AV1_Workspace/logs/meeting/a4_360p/SpeedBag_640x360_2997__SSIM__p1__crf44__run1.log
4256eb0e5c4572178cbd,2026-09-21T10:43:11.690575+00:00,meeting,ok,a4_360p,SpeedBag_640x360_2997.y4m,/home/od26udiz/Desktop/c/Tuning-Mode-Analysis-for-SVT-AV1/SVT_AV1_Workspace/data/source/a4_360p/SpeedBag_640x360_2997.y4m,720p_or_lower,640,360,29.97002997002997,8,420jpeg,44928844,8bfe53f0215b749744b3947e16ab09a4,9f6857a8e782138ce7185b81ca0bed6fda36f7f8d0d176d5e64059faf2566004,SSIM,2,1,52,0,1,0,130,4.337666666666666,7613,7.739252,17.076,370782208,353.605,/home/od26udiz/Desktop/c/Tuning-Mode-Analysis-for-SVT-AV1/SVT_AV1_Workspace/data/encoded/meeting/a4_360p/SpeedBag_640x360_2997__SSIM__p1__crf52__run1.ivf,38845,71.64220394989627,cfa08ce395bc788f9707ade94e203b50,a9d3099c60950a586565c407edca580e4fa37c413292269977cc414501795be9,/home/od26udiz/miniconda3/bin/SvtAv1EncApp -i /home/od26udiz/Desktop/c/Tuning-Mode-Analysis-for-SVT-AV1/SVT_AV1_Workspace/data/source/a4_360p/SpeedBag_640x360_2997.y4m -b /home/od26udiz/Desktop/c/Tuning-Mode-Analysis-for-SVT-AV1/SVT_AV1_Workspace/data/encoded/meeting/a4_360p/SpeedBag_640x360_2997__SSIM__p1__crf52__run1.ivf --preset 1 --crf 52 --tune 2 --lp 0 --progress 1,0,/home/od26udiz/Desktop/c/Tuning-Mode-Analysis-for-SVT-AV1/SVT_AV1_Workspace/logs/meeting/a4_360p/SpeedBag_640x360_2997__SSIM__p1__crf52__run1.log
3b525da8b7c182899f8c,2026-09-21T10:43:22.254505+00:00,meeting,ok,a4_360p,SpeedBag_640x360_2997.y4m,/home/od26udiz/Desktop/c/Tuning-Mode-Analysis-for-SVT-AV1/SVT_AV1_Workspace/data/source/a4_360p/SpeedBag_640x360_2997.y4m,720p_or_lower,640,360,29.97002997002997,8,420jpeg,44928844,8bfe53f0215b749744b3947e16ab09a4,9f6857a8e782138ce7185b81ca0bed6fda36f7f8d0d176d5e64059faf2566004,SSIM,2,1,60,0,1,0,130,4.337666666666666,10398,10.550764,12.502,537477120,512.578,/home/od26udiz/Desktop/c/Tuning-Mode-Analysis-for-SVT-AV1/SVT_AV1_Workspace/data/encoded/meeting/a4_360p/SpeedBag_640x360_2997__SSIM__p1__crf60__run1.ivf,22532,41.55598247905941,34a31ee302971bdd98d57accee4c3da6,189fb2e1b63b284d892a0d2742e9a9223952b8e3fce2544ff2ce000863f177d8,/home/od26udiz/miniconda3/bin/SvtAv1EncApp -i /home/od26udiz/Desktop/c/Tuning-Mode-Analysis-for-SVT-AV1/SVT_AV1_Workspace/data/source/a4_360p/SpeedBag_640x360_2997.y4m -b /home/od26udiz/Desktop/c/Tuning-Mode-Analysis-for-SVT-AV1/SVT_AV1_Workspace/data/encoded/meeting/a4_360p/SpeedBag_640x360_2997__SSIM__p1__crf60__run1.ivf --preset 1 --crf 60 --tune 2 --lp 0 --progress 1,0,/home/od26udiz/Desktop/c/Tuning-Mode-Analysis-for-SVT-AV1/SVT_AV1_Workspace/logs/meeting/a4_360p/SpeedBag_640x360_2997__SSIM__p1__crf60__run1.log
6be72e41f8c267dddb7e,2026-09-21T10:43:22.597711+00:00,meeting,ok,a4_360p,SpeedBag_640x360_2997.y4m,/home/od26udiz/Desktop/c/Tuning-Mode-Analysis-for-SVT-AV1/SVT_AV1_Workspace/data/source/a4_360p/SpeedBag_640x360_2997.y4m,720p_or_lower,640,360,29.97002997002997,8,420jpeg,44928844,8bfe53f0215b749744b3947e16ab09a4,9f6857a8e782138ce7185b81ca0bed6fda36f7f8d0d176d5e64059faf2566004,SSIM,2,10,18,0,1,0,130,4.337666666666666,167,0.332583,779.25,138231808,131.828,/home/od26udiz/Desktop/c/Tuning-Mode-Analysis-for-SVT-AV1/SVT_AV1_Workspace/data/encoded/meeting/a4_360p/SpeedBag_640x360_2997__SSIM__p10__crf18__run1.ivf,402530,742.3899177745333,d33249006f1d0317d6d401f152d03521,3ddb33db5bbb493c8ed968e98aa47b257c83367d4f685de39fc038d91ca5f6aa,/home/od26udiz/miniconda3/bin/SvtAv1EncApp -i /home/od26udiz/Desktop/c/Tuning-Mode-Analysis-for-SVT-AV1/SVT_AV1_Workspace/data/source/a4_360p/SpeedBag_640x360_2997.y4m -b /home/od26udiz/Desktop/c/Tuning-Mode-Analysis-for-SVT-AV1/SVT_AV1_Workspace/data/encoded/meeting/a4_360p/SpeedBag_640x360_2997__SSIM__p10__crf18__run1.ivf --preset 10 --crf 18 --tune 2 --lp 0 --progress 1,0,/home/od26udiz/Desktop/c/Tuning-Mode-Analysis-for-SVT-AV1/SVT_AV1_Workspace/logs/meeting/a4_360p/SpeedBag_640x360_2997__SSIM__p10__crf18__run1.log
8e47567f73a5ed435136,2026-09-21T10:43:22.841905+00:00,meeting,ok,a4_360p,SpeedBag_640x360_2997.y4m,/home/od26udiz/Desktop/c/Tuning-Mode-Analysis-for-SVT-AV1/SVT_AV1_Workspace/data/source/a4_360p/SpeedBag_640x360_2997.y4m,720p_or_lower,640,360,29.97002997002997,8,420jpeg,44928844,8bfe53f0215b749744b3947e16ab09a4,9f6857a8e782138ce7185b81ca0bed6fda36f7f8d0d176d5e64059faf2566004,SSIM,2,10,26,0,1,0,130,4.337666666666666,157,0.229426,829.33,140173312,133.68,/home/od26udiz/Desktop/c/Tuning-Mode-Analysis-for-SVT-AV1/SVT_AV1_Workspace/data/encoded/meeting/a4_360p/SpeedBag_640x360_2997__SSIM__p10__crf26__run1.ivf,247317,456.12910166756325,384e8e330203f88e8caa95c56e8bee1a,fcb2294f4976b692081d951dcfb609bf141e762d6d5e7ebd2e8c9f9dd99806ab,/home/od26udiz/miniconda3/bin/SvtAv1EncApp -i /home/od26udiz/Desktop/c/Tuning-Mode-Analysis-for-SVT-AV1/SVT_AV1_Workspace/data/source/a4_360p/SpeedBag_640x360_2997.y4m -b /home/od26udiz/Desktop/c/Tuning-Mode-Analysis-for-SVT-AV1/SVT_AV1_Workspace/data/encoded/meeting/a4_360p/SpeedBag_640x360_2997__SSIM__p10__crf26__run1.ivf --preset 10 --crf 26 --tune 2 --lp 0 --progress 1,0,/home/od26udiz/Desktop/c/Tuning-Mode-Analysis-for-SVT-AV1/SVT_AV1_Workspace/logs/meeting/a4_360p/SpeedBag_640x360_2997__SSIM__p10__crf26__run1.log
e4dda4e98975d9ed9839,2026-09-21T10:43:23.064697+00:00,meeting,ok,a4_360p,SpeedBag_640x360_2997.y4m,/home/od26udiz/Desktop/c/Tuning-Mode-Analysis-for-SVT-AV1/SVT_AV1_Workspace/data/source/a4_360p/SpeedBag_640x360_2997.y4m,720p_or_lower,640,360,29.97002997002997,8,420jpeg,44928844,8bfe53f0215b749744b3947e16ab09a4,9f6857a8e782138ce7185b81ca0bed6fda36f7f8d0d176d5e64059faf2566004,SSIM,2,10,35,0,1,0,130,4.337666666666666,149,0.213133,870.648,140312576,133.812,/home/od26udiz/Desktop/c/Tuning-Mode-Analysis-for-SVT-AV1/SVT_AV1_Workspace/data/encoded/meeting/a4_360p/SpeedBag_640x360_2997__SSIM__p10__crf35__run1.ivf,133584,246.37024513947594,969b0bdd7601e9aa27d92684896484d9,2dce1df34df32196fcdf468e8dc666ec5f378b70f193b0acc1face8d530621ae,/home/od26udiz/miniconda3/bin/SvtAv1EncApp -i /home/od26udiz/Desktop/c/Tuning-Mode-Analysis-for-SVT-AV1/SVT_AV1_Workspace/data/source/a4_360p/SpeedBag_640x360_2997.y4m -b /home/od26udiz/Desktop/c/Tuning-Mode-Analysis-for-SVT-AV1/SVT_AV1_Workspace/data/encoded/meeting/a4_360p/SpeedBag_640x360_2997__SSIM__p10__crf35__run1.ivf --preset 10 --crf 35 --tune 2 --lp 0 --progress 1,0,/home/od26udiz/Desktop/c/Tuning-Mode-Analysis-for-SVT-AV1/SVT_AV1_Workspace/logs/meeting/a4_360p/SpeedBag_640x360_2997__SSIM__p10__crf35__run1.log
1c38f9327d47afea7f03,2026-09-21T10:43:23.306147+00:00,meeting,ok,a4_360p,SpeedBag_640x360_2997.y4m,/home/od26udiz/Desktop/c/Tuning-Mode-Analysis-for-SVT-AV1/SVT_AV1_Workspace/data/source/a4_360p/SpeedBag_640x360_2997.y4m,720p_or_lower,640,360,29.97002997002997,8,420jpeg,44928844,8bfe53f0215b749744b3947e16ab09a4,9f6857a8e782138ce7185b81ca0bed6fda36f7f8d0d176d5e64059faf2566004,SSIM,2,10,44,0,1,0,130,4.337666666666666,159,0.230593,818.166,140009472,133.523,/home/od26udiz/Desktop/c/Tuning-Mode-Analysis-for-SVT-AV1/SVT_AV1_Workspace/data/encoded/meeting/a4_360p/SpeedBag_640x360_2997__SSIM__p10__crf44__run1.ivf,76155,140.45339276108507,2b1a36366028209ccf4fc66450c4a228,ca706e6c37264333d2f1878ea77133d46696509033fa76f6768e46bc480028e2,/home/od26udiz/miniconda3/bin/SvtAv1EncApp -i /home/od26udiz/Desktop/c/Tuning-Mode-Analysis-for-SVT-AV1/SVT_AV1_Workspace/data/source/a4_360p/SpeedBag_640x360_2997.y4m -b /home/od26udiz/Desktop/c/Tuning-Mode-Analysis-for-SVT-AV1/SVT_AV1_Workspace/data/encoded/meeting/a4_360p/SpeedBag_640x360_2997__SSIM__p10__crf44__run1.ivf --preset 10 --crf 44 --tune 2 --lp 0 --progress 1,0,/home/od26udiz/Desktop/c/Tuning-Mode-Analysis-for-SVT-AV1/SVT_AV1_Workspace/logs/meeting/a4_360p/SpeedBag_640x360_2997__SSIM__p10__crf44__run1.log
14725c05c4ec3f7a9a37,2026-09-21T10:43:23.528077+00:00,meeting,ok,a4_360p,SpeedBag_640x360_2997.y4m,/home/od26udiz/Desktop/c/Tuning-Mode-Analysis-for-SVT-AV1/SVT_AV1_Workspace/data/source/a4_360p/SpeedBag_640x360_2997.y4m,720p_or_lower,640,360,29.97002997002997,8,420jpeg,44928844,8bfe53f0215b749744b3947e16ab09a4,9f6857a8e782138ce7185b81ca0bed6fda36f7f8d0d176d5e64059faf2566004,SSIM,2,10,52,0,1,0,130,4.337666666666666,142,0.212859,915.139,141307904,134.762,/home/od26udiz/Desktop/c/Tuning-Mode-Analysis-for-SVT-AV1/SVT_AV1_Workspace/data/encoded/meeting/a4_360p/SpeedBag_640x360_2997__SSIM__p10__crf52__run1.ivf,49111,90.57588565280874,6fdc7630a4a923f819edd07f650f3969,9738c1257d7809dd4a5f9eaef7f24b7f45155f466942d8055c5b12515ac94fec,/home/od26udiz/miniconda3/bin/SvtAv1EncApp -i /home/od26udiz/Desktop/c/Tuning-Mode-Analysis-for-SVT-AV1/SVT_AV1_Workspace/data/source/a4_360p/SpeedBag_640x360_2997.y4m -b /home/od26udiz/Desktop/c/Tuning-Mode-Analysis-for-SVT-AV1/SVT_AV1_Workspace/data/encoded/meeting/a4_360p/SpeedBag_640x360_2997__SSIM__p10__crf52__run1.ivf --preset 10 --crf 52 --tune 2 --lp 0 --progress 1,0,/home/od26udiz/Desktop/c/Tuning-Mode-Analysis-for-SVT-AV1/SVT_AV1_Workspace/logs/meeting/a4_360p/SpeedBag_640x360_2997__SSIM__p10__crf52__run1.log
8014067c5a4cf9eb676f,2026-09-21T10:43:23.771254+00:00,meeting,ok,a4_360p,SpeedBag_640x360_2997.y4m,/home/od26udiz/Desktop/c/Tuning-Mode-Analysis-for-SVT-AV1/SVT_AV1_Workspace/data/source/a4_360p/SpeedBag_640x360_2997.y4m,720p_or_lower,640,360,29.97002997002997,8,420jpeg,44928844,8bfe53f0215b749744b3947e16ab09a4,9f6857a8e782138ce7185b81ca0bed6fda36f7f8d0d176d5e64059faf2566004,SSIM,2,10,60,0,1,0,130,4.337666666666666,133,0.230414,975.127,138055680,131.66,/home/od26udiz/Desktop/c/Tuning-Mode-Analysis-for-SVT-AV1/SVT_AV1_Workspace/data/encoded/meeting/a4_360p/SpeedBag_640x360_2997__SSIM__p10__crf60__run1.ivf,26911,49.63221393990625,3e80a7ffeacdcb80553a32931b89f7de,aade6695ba4f4d02336589df07b4a2a760b322dfb0b75521a156795fc5f4ed3f,/home/od26udiz/miniconda3/bin/SvtAv1EncApp -i /home/od26udiz/Desktop/c/Tuning-Mode-Analysis-for-SVT-AV1/SVT_AV1_Workspace/data/source/a4_360p/SpeedBag_640x360_2997.y4m -b /home/od26udiz/Desktop/c/Tuning-Mode-Analysis-for-SVT-AV1/SVT_AV1_Workspace/data/encoded/meeting/a4_360p/SpeedBag_640x360_2997__SSIM__p10__crf60__run1.ivf --preset 10 --crf 60 --tune 2 --lp 0 --progress 1,0,/home/od26udiz/Desktop/c/Tuning-Mode-Analysis-for-SVT-AV1/SVT_AV1_Workspace/logs/meeting/a4_360p/SpeedBag_640x360_2997__SSIM__p10__crf60__run1.log
2ef434dd8253dc6df461,2026-09-21T10:43:29.743724+00:00,meeting,ok,a4_360p,SpeedBag_640x360_2997.y4m,/home/od26udiz/Desktop/c/Tuning-Mode-Analysis-for-SVT-AV1/SVT_AV1_Workspace/data/source/a4_360p/SpeedBag_640x360_2997.y4m,720p_or_lower,640,360,29.97002997002997,8,420jpeg,44928844,8bfe53f0215b749744b3947e16ab09a4,9f6857a8e782138ce7185b81ca0bed6fda36f7f8d0d176d5e64059faf2566004,MS_SSIM,4,1,18,0,1,0,130,4.337666666666666,5824,5.958892,22.32,326119424,311.012,/home/od26udiz/Desktop/c/Tuning-Mode-Analysis-for-SVT-AV1/SVT_AV1_Workspace/data/encoded/meeting/a4_360p/SpeedBag_640x360_2997__MS_SSIM__p1__crf18__run1.ivf,393928,726.5251671405518,30afce40092162731688d208bf6bb159,a30a4f664101f7ed8b0a8383c4a2f9f8ed91bfec7738bf38ddab59b2e43a3f74,/home/od26udiz/miniconda3/bin/SvtAv1EncApp -i /home/od26udiz/Desktop/c/Tuning-Mode-Analysis-for-SVT-AV1/SVT_AV1_Workspace/data/source/a4_360p/SpeedBag_640x360_2997.y4m -b /home/od26udiz/Desktop/c/Tuning-Mode-Analysis-for-SVT-AV1/SVT_AV1_Workspace/data/encoded/meeting/a4_360p/SpeedBag_640x360_2997__MS_SSIM__p1__crf18__run1.ivf --preset 1 --crf 18 --tune 4 --lp 0 --progress 1,0,/home/od26udiz/Desktop/c/Tuning-Mode-Analysis-for-SVT-AV1/SVT_AV1_Workspace/logs/meeting/a4_360p/SpeedBag_640x360_2997__MS_SSIM__p1__crf18__run1.log
0dd8922b76b4e2a384dc,2026-09-21T10:43:37.221175+00:00,meeting,ok,a4_360p,SpeedBag_640x360_2997.y4m,/home/od26udiz/Desktop/c/Tuning-Mode-Analysis-for-SVT-AV1/SVT_AV1_Workspace/data/source/a4_360p/SpeedBag_640x360_2997.y4m,720p_or_lower,640,360,29.97002997002997,8,420jpeg,44928844,8bfe53f0215b749744b3947e16ab09a4,9f6857a8e782138ce7185b81ca0bed6fda36f7f8d0d176d5e64059faf2566004,MS_SSIM,4,1,26,0,1,0,130,4.337666666666666,7263,7.460396,17.898,334163968,318.684,/home/od26udiz/Desktop/c/Tuning-Mode-Analysis-for-SVT-AV1/SVT_AV1_Workspace/data/encoded/meeting/a4_360p/SpeedBag_640x360_2997__MS_SSIM__p1__crf26__run1.ivf,262508,484.14600783831554,d9f726ecf5dbfc7a97cdf906d9c75c99,348adfb11677b5ec3425d502a58a48b1ede834bef62a6cded959d08bfe32450a,/home/od26udiz/miniconda3/bin/SvtAv1EncApp -i /home/od26udiz/Desktop/c/Tuning-Mode-Analysis-for-SVT-AV1/SVT_AV1_Workspace/data/source/a4_360p/SpeedBag_640x360_2997.y4m -b /home/od26udiz/Desktop/c/Tuning-Mode-Analysis-for-SVT-AV1/SVT_AV1_Workspace/data/encoded/meeting/a4_360p/SpeedBag_640x360_2997__MS_SSIM__p1__crf26__run1.ivf --preset 1 --crf 26 --tune 4 --lp 0 --progress 1,0,/home/od26udiz/Desktop/c/Tuning-Mode-Analysis-for-SVT-AV1/SVT_AV1_Workspace/logs/meeting/a4_360p/SpeedBag_640x360_2997__MS_SSIM__p1__crf26__run1.log
00b1ee5969143567f201,2026-09-21T10:43:45.609471+00:00,meeting,ok,a4_360p,SpeedBag_640x360_2997.y4m,/home/od26udiz/Desktop/c/Tuning-Mode-Analysis-for-SVT-AV1/SVT_AV1_Workspace/data/source/a4_360p/SpeedBag_640x360_2997.y4m,720p_or_lower,640,360,29.97002997002997,8,420jpeg,44928844,8bfe53f0215b749744b3947e16ab09a4,9f6857a8e782138ce7185b81ca0bed6fda36f7f8d0d176d5e64059faf2566004,MS_SSIM,4,1,35,0,1,0,130,4.337666666666666,8168,8.372103,15.915,354779136,338.344,/home/od26udiz/Desktop/c/Tuning-Mode-Analysis-for-SVT-AV1/SVT_AV1_Workspace/data/encoded/meeting/a4_360p/SpeedBag_640x360_2997__MS_SSIM__p1__crf35__run1.ivf,168804,311.3268270191347,acdedbac870dce38dfb0267cdccdee6c,39b990680d59cac67d5a088963065890941b18420af22343c1daf3fa17ab468b,/home/od26udiz/miniconda3/bin/SvtAv1EncApp -i /home/od26udiz/Desktop/c/Tuning-Mode-Analysis-for-SVT-AV1/SVT_AV1_Workspace/data/source/a4_360p/SpeedBag_640x360_2997.y4m -b /home/od26udiz/Desktop/c/Tuning-Mode-Analysis-for-SVT-AV1/SVT_AV1_Workspace/data/encoded/meeting/a4_360p/SpeedBag_640x360_2997__MS_SSIM__p1__crf35__run1.ivf --preset 1 --crf 35 --tune 4 --lp 0 --progress 1,0,/home/od26udiz/Desktop/c/Tuning-Mode-Analysis-for-SVT-AV1/SVT_AV1_Workspace/logs/meeting/a4_360p/SpeedBag_640x360_2997__MS_SSIM__p1__crf35__run1.log
5ffa0416fb5dc8dda2d2,2026-09-21T10:43:54.751905+00:00,meeting,ok,a4_360p,SpeedBag_640x360_2997.y4m,/home/od26udiz/Desktop/c/Tuning-Mode-Analysis-for-SVT-AV1/SVT_AV1_Workspace/data/source/a4_360p/SpeedBag_640x360_2997.y4m,720p_or_lower,640,360,29.97002997002997,8,420jpeg,44928844,8bfe53f0215b749744b3947e16ab09a4,9f6857a8e782138ce7185b81ca0bed6fda36f7f8d0d176d5e64059faf2566004,MS_SSIM,4,1,44,0,1,0,130,4.337666666666666,9005,9.129006,14.436,364220416,347.348,/home/od26udiz/Desktop/c/Tuning-Mode-Analysis-for-SVT-AV1/SVT_AV1_Workspace/data/encoded/meeting/a4_360p/SpeedBag_640x360_2997__MS_SSIM__p1__crf44__run1.ivf,106380,196.19764850534082,be47456a0c3c6ede9366e96b0203a8fd,acd2a92352e1b11e560e8c8741fffee57f84a2183c7b021f0f7130a107f7ae98,/home/od26udiz/miniconda3/bin/SvtAv1EncApp -i /home/od26udiz/Desktop/c/Tuning-Mode-Analysis-for-SVT-AV1/SVT_AV1_Workspace/data/source/a4_360p/SpeedBag_640x360_2997.y4m -b /home/od26udiz/Desktop/c/Tuning-Mode-Analysis-for-SVT-AV1/SVT_AV1_Workspace/data/encoded/meeting/a4_360p/SpeedBag_640x360_2997__MS_SSIM__p1__crf44__run1.ivf --preset 1 --crf 44 --tune 4 --lp 0 --progress 1,0,/home/od26udiz/Desktop/c/Tuning-Mode-Analysis-for-SVT-AV1/SVT_AV1_Workspace/logs/meeting/a4_360p/SpeedBag_640x360_2997__MS_SSIM__p1__crf44__run1.log
6e66f8ed842fb0eafdb0,2026-09-21T10:44:04.783656+00:00,meeting,ok,a4_360p,SpeedBag_640x360_2997.y4m,/home/od26udiz/Desktop/c/Tuning-Mode-Analysis-for-SVT-AV1/SVT_AV1_Workspace/data/source/a4_360p/SpeedBag_640x360_2997.y4m,720p_or_lower,640,360,29.97002997002997,8,420jpeg,44928844,8bfe53f0215b749744b3947e16ab09a4,9f6857a8e782138ce7185b81ca0bed6fda36f7f8d0d176d5e64059faf2566004,MS_SSIM,4,1,52,0,1,0,130,4.337666666666666,9893,10.018979,13.141,364011520,347.148,/home/od26udiz/Desktop/c/Tuning-Mode-Analysis-for-SVT-AV1/SVT_AV1_Workspace/data/encoded/meeting/a4_360p/SpeedBag_640x360_2997__MS_SSIM__p1__crf52__run1.ivf,70766,130.51440866825484,fe7d207fb6c110dcd1357f22cc9169d4,c130a25f79efe73120dbd1f2362f785dd34fbe96808b4bc5dff1abff7c8e90d3,/home/od26udiz/miniconda3/bin/SvtAv1EncApp -i /home/od26udiz/Desktop/c/Tuning-Mode-Analysis-for-SVT-AV1/SVT_AV1_Workspace/data/source/a4_360p/SpeedBag_640x360_2997.y4m -b /home/od26udiz/Desktop/c/Tuning-Mode-Analysis-for-SVT-AV1/SVT_AV1_Workspace/data/encoded/meeting/a4_360p/SpeedBag_640x360_2997__MS_SSIM__p1__crf52__run1.ivf --preset 1 --crf 52 --tune 4 --lp 0 --progress 1,0,/home/od26udiz/Desktop/c/Tuning-Mode-Analysis-for-SVT-AV1/SVT_AV1_Workspace/logs/meeting/a4_360p/SpeedBag_640x360_2997__MS_SSIM__p1__crf52__run1.log
f405251213d9efa43c1a,2026-09-21T10:44:13.884589+00:00,meeting,ok,a4_360p,SpeedBag_640x360_2997.y4m,/home/od26udiz/Desktop/c/Tuning-Mode-Analysis-for-SVT-AV1/SVT_AV1_Workspace/data/source/a4_360p/SpeedBag_640x360_2997.y4m,720p_or_lower,640,360,29.97002997002997,8,420jpeg,44928844,8bfe53f0215b749744b3947e16ab09a4,9f6857a8e782138ce7185b81ca0bed6fda36f7f8d0d176d5e64059faf2566004,MS_SSIM,4,1,60,0,1,0,130,4.337666666666666,8926,9.088472,14.564,374427648,357.082,/home/od26udiz/Desktop/c/Tuning-Mode-Analysis-for-SVT-AV1/SVT_AV1_Workspace/data/encoded/meeting/a4_360p/SpeedBag_640x360_2997__MS_SSIM__p1__crf60__run1.ivf,41463,76.47060631676017,23a4d3c573fc235044fa3b108356415d,9c4d5053c5c06b0b64bfe94c9a84d2a8bdf77d740ed12d2361d4cd47eb49a16f,/home/od26udiz/miniconda3/bin/SvtAv1EncApp -i /home/od26udiz/Desktop/c/Tuning-Mode-Analysis-for-SVT-AV1/SVT_AV1_Workspace/data/source/a4_360p/SpeedBag_640x360_2997.y4m -b /home/od26udiz/Desktop/c/Tuning-Mode-Analysis-for-SVT-AV1/SVT_AV1_Workspace/data/encoded/meeting/a4_360p/SpeedBag_640x360_2997__MS_SSIM__p1__crf60__run1.ivf --preset 1 --crf 60 --tune 4 --lp 0 --progress 1,0,/home/od26udiz/Desktop/c/Tuning-Mode-Analysis-for-SVT-AV1/SVT_AV1_Workspace/logs/meeting/a4_360p/SpeedBag_640x360_2997__MS_SSIM__p1__crf60__run1.log
ede00c8a5e32f64df49a,2026-09-21T10:44:14.228303+00:00,meeting,ok,a4_360p,SpeedBag_640x360_2997.y4m,/home/od26udiz/Desktop/c/Tuning-Mode-Analysis-for-SVT-AV1/SVT_AV1_Workspace/data/source/a4_360p/SpeedBag_640x360_2997.y4m,720p_or_lower,640,360,29.97002997002997,8,420jpeg,44928844,8bfe53f0215b749744b3947e16ab09a4,9f6857a8e782138ce7185b81ca0bed6fda36f7f8d0d176d5e64059faf2566004,MS_SSIM,4,10,18,0,1,0,130,4.337666666666666,213,0.333228,611.316,150216704,143.258,/home/od26udiz/Desktop/c/Tuning-Mode-Analysis-for-SVT-AV1/SVT_AV1_Workspace/data/encoded/meeting/a4_360p/SpeedBag_640x360_2997__MS_SSIM__p10__crf18__run1.ivf,628675,1159.4712979328365,adc1858e27d8d342d94b96b56421aa55,e75ec1e5c27d508e4bce681e487b5dbcb579915294205322a58b5a9bf6231c01,/home/od26udiz/miniconda3/bin/SvtAv1EncApp -i /home/od26udiz/Desktop/c/Tuning-Mode-Analysis-for-SVT-AV1/SVT_AV1_Workspace/data/source/a4_360p/SpeedBag_640x360_2997.y4m -b /home/od26udiz/Desktop/c/Tuning-Mode-Analysis-for-SVT-AV1/SVT_AV1_Workspace/data/encoded/meeting/a4_360p/SpeedBag_640x360_2997__MS_SSIM__p10__crf18__run1.ivf --preset 10 --crf 18 --tune 4 --lp 0 --progress 1,0,/home/od26udiz/Desktop/c/Tuning-Mode-Analysis-for-SVT-AV1/SVT_AV1_Workspace/logs/meeting/a4_360p/SpeedBag_640x360_2997__MS_SSIM__p10__crf18__run1.log
4b416be450ea7a61963b,2026-09-21T10:44:14.584077+00:00,meeting,ok,a4_360p,SpeedBag_640x360_2997.y4m,/home/od26udiz/Desktop/c/Tuning-Mode-Analysis-for-SVT-AV1/SVT_AV1_Workspace/data/source/a4_360p/SpeedBag_640x360_2997.y4m,720p_or_lower,640,360,29.97002997002997,8,420jpeg,44928844,8bfe53f0215b749744b3947e16ab09a4,9f6857a8e782138ce7185b81ca0bed6fda36f7f8d0d176d5e64059faf2566004,MS_SSIM,4,10,26,0,1,0,130,4.337666666666666,200,0.336137,651.613,147161088,140.344,/home/od26udiz/Desktop/c/Tuning-Mode-Analysis-for-SVT-AV1/SVT_AV1_Workspace/data/encoded/meeting/a4_360p/SpeedBag_640x360_2997__MS_SSIM__p10__crf26__run1.ivf,402559,742.4434027510952,99246aefb0a7d8383db105250b02ec65,d6a2ddd9bb5637f737a1699a9134c8f57dc5c5ee439833e09ad1486b1a96f604,/home/od26udiz/miniconda3/bin/SvtAv1EncApp -i /home/od26udiz/Desktop/c/Tuning-Mode-Analysis-for-SVT-AV1/SVT_AV1_Workspace/data/source/a4_360p/SpeedBag_640x360_2997.y4m -b /home/od26udiz/Desktop/c/Tuning-Mode-Analysis-for-SVT-AV1/SVT_AV1_Workspace/data/encoded/meeting/a4_360p/SpeedBag_640x360_2997__MS_SSIM__p10__crf26__run1.ivf --preset 10 --crf 26 --tune 4 --lp 0 --progress 1,0,/home/od26udiz/Desktop/c/Tuning-Mode-Analysis-for-SVT-AV1/SVT_AV1_Workspace/logs/meeting/a4_360p/SpeedBag_640x360_2997__MS_SSIM__p10__crf26__run1.log
487cbef23be01f24ccf8,2026-09-21T10:44:14.938515+00:00,meeting,ok,a4_360p,SpeedBag_640x360_2997.y4m,/home/od26udiz/Desktop/c/Tuning-Mode-Analysis-for-SVT-AV1/SVT_AV1_Workspace/data/source/a4_360p/SpeedBag_640x360_2997.y4m,720p_or_lower,640,360,29.97002997002997,8,420jpeg,44928844,8bfe53f0215b749744b3947e16ab09a4,9f6857a8e782138ce7185b81ca0bed6fda36f7f8d0d176d5e64059faf2566004,MS_SSIM,4,10,35,0,1,0,130,4.337666666666666,184,0.337734,706.622,147091456,140.277,/home/od26udiz/Desktop/c/Tuning-Mode-Analysis-for-SVT-AV1/SVT_AV1_Workspace/data/encoded/meeting/a4_360p/SpeedBag_640x360_2997__MS_SSIM__p10__crf35__run1.ivf,233579,430.7919772535157,09f1adb9a591db694d227c853ce404e7,3573283fcf4ce4df7cd29849f2bda9b5865e69c7eb6bf56b575adc46380b4d13,/home/od26udiz/miniconda3/bin/SvtAv1EncApp -i /home/od26udiz/Desktop/c/Tuning-Mode-Analysis-for-SVT-AV1/SVT_AV1_Workspace/data/source/a4_360p/SpeedBag_640x360_2997.y4m -b /home/od26udiz/Desktop/c/Tuning-Mode-Analysis-for-SVT-AV1/SVT_AV1_Workspace/data/encoded/meeting/a4_360p/SpeedBag_640x360_2997__MS_SSIM__p10__crf35__run1.ivf --preset 10 --crf 35 --tune 4 --lp 0 --progress 1,0,/home/od26udiz/Desktop/c/Tuning-Mode-Analysis-for-SVT-AV1/SVT_AV1_Workspace/logs/meeting/a4_360p/SpeedBag_640x360_2997__MS_SSIM__p10__crf35__run1.log
52fe78e245e58b40f516,2026-09-21T10:44:15.271029+00:00,meeting,ok,a4_360p,SpeedBag_640x360_2997.y4m,/home/od26udiz/Desktop/c/Tuning-Mode-Analysis-for-SVT-AV1/SVT_AV1_Workspace/data/source/a4_360p/SpeedBag_640x360_2997.y4m,720p_or_lower,640,360,29.97002997002997,8,420jpeg,44928844,8bfe53f0215b749744b3947e16ab09a4,9f6857a8e782138ce7185b81ca0bed6fda36f7f8d0d176d5e64059faf2566004,MS_SSIM,4,10,44,0,1,0,130,4.337666666666666,190,0.32172,684.459,144572416,137.875,/home/od26udiz/Desktop/c/Tuning-Mode-Analysis-for-SVT-AV1/SVT_AV1_Workspace/data/encoded/meeting/a4_360p/SpeedBag_640x360_2997__MS_SSIM__p10__crf44__run1.ivf,147913,272.7973564896642,9c62f3cb83c47e5ad830d19c69380a43,f395bd108d28f38d2f96f18462c5b9c8999f921747118ae3e0b3f7dc964acadc,/home/od26udiz/miniconda3/bin/SvtAv1EncApp -i /home/od26udiz/Desktop/c/Tuning-Mode-Analysis-for-SVT-AV1/SVT_AV1_Workspace/data/source/a4_360p/SpeedBag_640x360_2997.y4m -b /home/od26udiz/Desktop/c/Tuning-Mode-Analysis-for-SVT-AV1/SVT_AV1_Workspace/data/encoded/meeting/a4_360p/SpeedBag_640x360_2997__MS_SSIM__p10__crf44__run1.ivf --preset 10 --crf 44 --tune 4 --lp 0 --progress 1,0,/home/od26udiz/Desktop/c/Tuning-Mode-Analysis-for-SVT-AV1/SVT_AV1_Workspace/logs/meeting/a4_360p/SpeedBag_640x360_2997__MS_SSIM__p10__crf44__run1.log
5c0ea11c375086d2dc8b,2026-09-21T10:44:15.605845+00:00,meeting,ok,a4_360p,SpeedBag_640x360_2997.y4m,/home/od26udiz/Desktop/c/Tuning-Mode-Analysis-for-SVT-AV1/SVT_AV1_Workspace/data/source/a4_360p/SpeedBag_640x360_2997.y4m,720p_or_lower,640,360,29.97002997002997,8,420jpeg,44928844,8bfe53f0215b749744b3947e16ab09a4,9f6857a8e782138ce7185b81ca0bed6fda36f7f8d0d176d5e64059faf2566004,MS_SSIM,4,10,52,0,1,0,130,4.337666666666666,183,0.320948,709.964,145690624,138.941,/home/od26udiz/Desktop/c/Tuning-Mode-Analysis-for-SVT-AV1/SVT_AV1_Workspace/data/encoded/meeting/a4_360p/SpeedBag_640x360_2997__MS_SSIM__p10__crf52__run1.ivf,97184,179.23737800660876,61d7cf26c0c25dd802f577337c102b12,f97a0d7668b430b1543860266c26774cd53b4e54dddb400212922b1ab5fe5ac5,/home/od26udiz/miniconda3/bin/SvtAv1EncApp -i /home/od26udiz/Desktop/c/Tuning-Mode-Analysis-for-SVT-AV1/SVT_AV1_Workspace/data/source/a4_360p/SpeedBag_640x360_2997.y4m -b /home/od26udiz/Desktop/c/Tuning-Mode-Analysis-for-SVT-AV1/SVT_AV1_Workspace/data/encoded/meeting/a4_360p/SpeedBag_640x360_2997__MS_SSIM__p10__crf52__run1.ivf --preset 10 --crf 52 --tune 4 --lp 0 --progress 1,0,/home/od26udiz/Desktop/c/Tuning-Mode-Analysis-for-SVT-AV1/SVT_AV1_Workspace/logs/meeting/a4_360p/SpeedBag_640x360_2997__MS_SSIM__p10__crf52__run1.log
04bb7bb50de5ccc35656,2026-09-21T10:44:15.970440+00:00,meeting,ok,a4_360p,SpeedBag_640x360_2997.y4m,/home/od26udiz/Desktop/c/Tuning-Mode-Analysis-for-SVT-AV1/SVT_AV1_Workspace/data/source/a4_360p/SpeedBag_640x360_2997.y4m,720p_or_lower,640,360,29.97002997002997,8,420jpeg,44928844,8bfe53f0215b749744b3947e16ab09a4,9f6857a8e782138ce7185b81ca0bed6fda36f7f8d0d176d5e64059faf2566004,MS_SSIM,4,10,60,0,1,0,130,4.337666666666666,218,0.353856,596.971,141635584,135.074,/home/od26udiz/Desktop/c/Tuning-Mode-Analysis-for-SVT-AV1/SVT_AV1_Workspace/data/encoded/meeting/a4_360p/SpeedBag_640x360_2997__MS_SSIM__p10__crf60__run1.ivf,53388,98.46399754092063,5ebd7a5ef46ed2d177d67e40ee27938d,ca21089f5acd8087a450e6b7c6c53cb859dec0444324ac134ae87cf5330c9872,/home/od26udiz/miniconda3/bin/SvtAv1EncApp -i /home/od26udiz/Desktop/c/Tuning-Mode-Analysis-for-SVT-AV1/SVT_AV1_Workspace/data/source/a4_360p/SpeedBag_640x360_2997.y4m -b /home/od26udiz/Desktop/c/Tuning-Mode-Analysis-for-SVT-AV1/SVT_AV1_Workspace/data/encoded/meeting/a4_360p/SpeedBag_640x360_2997__MS_SSIM__p10__crf60__run1.ivf --preset 10 --crf 60 --tune 4 --lp 0 --progress 1,0,/home/od26udiz/Desktop/c/Tuning-Mode-Analysis-for-SVT-AV1/SVT_AV1_Workspace/logs/meeting/a4_360p/SpeedBag_640x360_2997__MS_SSIM__p10__crf60__run1.log
c9cff61ccda2c5629499,2026-09-21T10:44:21.858999+00:00,meeting,ok,a4_360p,SpeedBag_640x360_2997.y4m,/home/od26udiz/Desktop/c/Tuning-Mode-Analysis-for-SVT-AV1/SVT_AV1_Workspace/data/source/a4_360p/SpeedBag_640x360_2997.y4m,720p_or_lower,640,360,29.97002997002997,8,420jpeg,44928844,8bfe53f0215b749744b3947e16ab09a4,9f6857a8e782138ce7185b81ca0bed6fda36f7f8d0d176d5e64059faf2566004,VMAF,5,1,18,0,1,0,130,4.337666666666666,5723,5.876482,22.714,331616256,316.254,/home/od26udiz/Desktop/c/Tuning-Mode-Analysis-for-SVT-AV1/SVT_AV1_Workspace/data/encoded/meeting/a4_360p/SpeedBag_640x360_2997__VMAF__p1__crf18__run1.ivf,259372,478.3622531314839,8393e5bd7da2cce8914e9a5467df9074,6fe66575e53db0aad1a615d2b130966d3f334c32d8fefd8d9d2ca1c3c64029a7,/home/od26udiz/miniconda3/bin/SvtAv1EncApp -i /home/od26udiz/Desktop/c/Tuning-Mode-Analysis-for-SVT-AV1/SVT_AV1_Workspace/data/source/a4_360p/SpeedBag_640x360_2997.y4m -b /home/od26udiz/Desktop/c/Tuning-Mode-Analysis-for-SVT-AV1/SVT_AV1_Workspace/data/encoded/meeting/a4_360p/SpeedBag_640x360_2997__VMAF__p1__crf18__run1.ivf --preset 1 --crf 18 --tune 5 --lp 0 --progress 1,0,/home/od26udiz/Desktop/c/Tuning-Mode-Analysis-for-SVT-AV1/SVT_AV1_Workspace/logs/meeting/a4_360p/SpeedBag_640x360_2997__VMAF__p1__crf18__run1.log
3b1ea30e1dd7e9c9f5af,2026-09-21T10:44:28.672166+00:00,meeting,ok,a4_360p,SpeedBag_640x360_2997.y4m,/home/od26udiz/Desktop/c/Tuning-Mode-Analysis-for-SVT-AV1/SVT_AV1_Workspace/data/source/a4_360p/SpeedBag_640x360_2997.y4m,720p_or_lower,640,360,29.97002997002997,8,420jpeg,44928844,8bfe53f0215b749744b3947e16ab09a4,9f6857a8e782138ce7185b81ca0bed6fda36f7f8d0d176d5e64059faf2566004,VMAF,5,1,26,0,1,0,130,4.337666666666666,6684,6.79744,19.449,335966208,320.402,/home/od26udiz/Desktop/c/Tuning-Mode-Analysis-for-SVT-AV1/SVT_AV1_Workspace/data/encoded/meeting/a4_360p/SpeedBag_640x360_2997__VMAF__p1__crf26__run1.ivf,167913,309.6835472220088,3fbb30acb2f55aca4a41d39116b44d15,dd1067fe2caf8085566fcdcbed2fb2c24fa26f10d215eda2ef7e04b8f5032eaf,/home/od26udiz/miniconda3/bin/SvtAv1EncApp -i /home/od26udiz/Desktop/c/Tuning-Mode-Analysis-for-SVT-AV1/SVT_AV1_Workspace/data/source/a4_360p/SpeedBag_640x360_2997.y4m -b /home/od26udiz/Desktop/c/Tuning-Mode-Analysis-for-SVT-AV1/SVT_AV1_Workspace/data/encoded/meeting/a4_360p/SpeedBag_640x360_2997__VMAF__p1__crf26__run1.ivf --preset 1 --crf 26 --tune 5 --lp 0 --progress 1,0,/home/od26udiz/Desktop/c/Tuning-Mode-Analysis-for-SVT-AV1/SVT_AV1_Workspace/logs/meeting/a4_360p/SpeedBag_640x360_2997__VMAF__p1__crf26__run1.log
6c1103f1159cb588534d,2026-09-21T10:44:36.050345+00:00,meeting,ok,a4_360p,SpeedBag_640x360_2997.y4m,/home/od26udiz/Desktop/c/Tuning-Mode-Analysis-for-SVT-AV1/SVT_AV1_Workspace/data/source/a4_360p/SpeedBag_640x360_2997.y4m,720p_or_lower,640,360,29.97002997002997,8,420jpeg,44928844,8bfe53f0215b749744b3947e16ab09a4,9f6857a8e782138ce7185b81ca0bed6fda36f7f8d0d176d5e64059faf2566004,VMAF,5,1,35,0,1,0,130,4.337666666666666,7196,7.361775,18.067,349720576,333.52,/home/od26udiz/Desktop/c/Tuning-Mode-Analysis-for-SVT-AV1/SVT_AV1_Workspace/data/encoded/meeting/a4_360p/SpeedBag_640x360_2997__VMAF__p1__crf35__run1.ivf,101561,187.3099208483824,748613e180c64ec45142c3e5cbe45d07,0b41f6e2ea72e72c7d51721b7248e9c56bac50680e5c98c1b430f440f1d6463b,/home/od26udiz/miniconda3/bin/SvtAv1EncApp -i /home/od26udiz/Desktop/c/Tuning-Mode-Analysis-for-SVT-AV1/SVT_AV1_Workspace/data/source/a4_360p/SpeedBag_640x360_2997.y4m -b /home/od26udiz/Desktop/c/Tuning-Mode-Analysis-for-SVT-AV1/SVT_AV1_Workspace/data/encoded/meeting/a4_360p/SpeedBag_640x360_2997__VMAF__p1__crf35__run1.ivf --preset 1 --crf 35 --tune 5 --lp 0 --progress 1,0,/home/od26udiz/Desktop/c/Tuning-Mode-Analysis-for-SVT-AV1/SVT_AV1_Workspace/logs/meeting/a4_360p/SpeedBag_640x360_2997__VMAF__p1__crf35__run1.log
1d19ebfa7548443faa54,2026-09-21T10:44:43.483875+00:00,meeting,ok,a4_360p,SpeedBag_640x360_2997.y4m,/home/od26udiz/Desktop/c/Tuning-Mode-Analysis-for-SVT-AV1/SVT_AV1_Workspace/data/source/a4_360p/SpeedBag_640x360_2997.y4m,720p_or_lower,640,360,29.97002997002997,8,420jpeg,44928844,8bfe53f0215b749744b3947e16ab09a4,9f6857a8e782138ce7185b81ca0bed6fda36f7f8d0d176d5e64059faf2566004,VMAF,5,1,44,0,1,0,130,4.337666666666666,7243,7.419642,17.947,363548672,346.707,/home/od26udiz/Desktop/c/Tuning-Mode-Analysis-for-SVT-AV1/SVT_AV1_Workspace/data/encoded/meeting/a4_360p/SpeedBag_640x360_2997__VMAF__p1__crf44__run1.ivf,62821,115.86136939983095,1bdbdff06d0d9d2af57191dc0fdb0f72,a93e1807b5fddfc8379ec7cf7e8474d003974174ad70ada2d9c86ed4ce740645,/home/od26udiz/miniconda3/bin/SvtAv1EncApp -i /home/od26udiz/Desktop/c/Tuning-Mode-Analysis-for-SVT-AV1/SVT_AV1_Workspace/data/source/a4_360p/SpeedBag_640x360_2997.y4m -b /home/od26udiz/Desktop/c/Tuning-Mode-Analysis-for-SVT-AV1/SVT_AV1_Workspace/data/encoded/meeting/a4_360p/SpeedBag_640x360_2997__VMAF__p1__crf44__run1.ivf --preset 1 --crf 44 --tune 5 --lp 0 --progress 1,0,/home/od26udiz/Desktop/c/Tuning-Mode-Analysis-for-SVT-AV1/SVT_AV1_Workspace/logs/meeting/a4_360p/SpeedBag_640x360_2997__VMAF__p1__crf44__run1.log
c9c650c2bb8d5b1d3c8f,2026-09-21T10:44:51.452666+00:00,meeting,ok,a4_360p,SpeedBag_640x360_2997.y4m,/home/od26udiz/Desktop/c/Tuning-Mode-Analysis-for-SVT-AV1/SVT_AV1_Workspace/data/source/a4_360p/SpeedBag_640x360_2997.y4m,720p_or_lower,640,360,29.97002997002997,8,420jpeg,44928844,8bfe53f0215b749744b3947e16ab09a4,9f6857a8e782138ce7185b81ca0bed6fda36f7f8d0d176d5e64059faf2566004,VMAF,5,1,52,0,1,0,130,4.337666666666666,7816,7.954919,16.632,369094656,351.996,/home/od26udiz/Desktop/c/Tuning-Mode-Analysis-for-SVT-AV1/SVT_AV1_Workspace/data/encoded/meeting/a4_360p/SpeedBag_640x360_2997__VMAF__p1__crf52__run1.ivf,42795,78.92722661953431,8bb3c65f1687d04f3d839e991e41f566,39bfb5d92525a21d9c3f205ed00ce1e56e956f8cdad72d1eff784a1bbedd56ce,/home/od26udiz/miniconda3/bin/SvtAv1EncApp -i /home/od26udiz/Desktop/c/Tuning-Mode-Analysis-for-SVT-AV1/SVT_AV1_Workspace/data/source/a4_360p/SpeedBag_640x360_2997.y4m -b /home/od26udiz/Desktop/c/Tuning-Mode-Analysis-for-SVT-AV1/SVT_AV1_Workspace/data/encoded/meeting/a4_360p/SpeedBag_640x360_2997__VMAF__p1__crf52__run1.ivf --preset 1 --crf 52 --tune 5 --lp 0 --progress 1,0,/home/od26udiz/Desktop/c/Tuning-Mode-Analysis-for-SVT-AV1/SVT_AV1_Workspace/logs/meeting/a4_360p/SpeedBag_640x360_2997__VMAF__p1__crf52__run1.log
54b816c1e75f5b003a16,2026-09-21T10:45:02.421382+00:00,meeting,ok,a4_360p,SpeedBag_640x360_2997.y4m,/home/od26udiz/Desktop/c/Tuning-Mode-Analysis-for-SVT-AV1/SVT_AV1_Workspace/data/source/a4_360p/SpeedBag_640x360_2997.y4m,720p_or_lower,640,360,29.97002997002997,8,420jpeg,44928844,8bfe53f0215b749744b3947e16ab09a4,9f6857a8e782138ce7185b81ca0bed6fda36f7f8d0d176d5e64059faf2566004,VMAF,5,1,60,0,1,0,130,4.337666666666666,10796,10.958257,12.041,578453504,551.656,/home/od26udiz/Desktop/c/Tuning-Mode-Analysis-for-SVT-AV1/SVT_AV1_Workspace/data/encoded/meeting/a4_360p/SpeedBag_640x360_2997__VMAF__p1__crf60__run1.ivf,24705,45.56366710212865,e6bd44dac4f9e0677e4df7a8941c126b,00af62b58b580c710d0c3991c30d6e455f501d94063ed12da95cc956ae7dfdd8,/home/od26udiz/miniconda3/bin/SvtAv1EncApp -i /home/od26udiz/Desktop/c/Tuning-Mode-Analysis-for-SVT-AV1/SVT_AV1_Workspace/data/source/a4_360p/SpeedBag_640x360_2997.y4m -b /home/od26udiz/Desktop/c/Tuning-Mode-Analysis-for-SVT-AV1/SVT_AV1_Workspace/data/encoded/meeting/a4_360p/SpeedBag_640x360_2997__VMAF__p1__crf60__run1.ivf --preset 1 --crf 60 --tune 5 --lp 0 --progress 1,0,/home/od26udiz/Desktop/c/Tuning-Mode-Analysis-for-SVT-AV1/SVT_AV1_Workspace/logs/meeting/a4_360p/SpeedBag_640x360_2997__VMAF__p1__crf60__run1.log
5217b25d6e33b1cd569e,2026-09-21T10:45:02.763219+00:00,meeting,ok,a4_360p,SpeedBag_640x360_2997.y4m,/home/od26udiz/Desktop/c/Tuning-Mode-Analysis-for-SVT-AV1/SVT_AV1_Workspace/data/source/a4_360p/SpeedBag_640x360_2997.y4m,720p_or_lower,640,360,29.97002997002997,8,420jpeg,44928844,8bfe53f0215b749744b3947e16ab09a4,9f6857a8e782138ce7185b81ca0bed6fda36f7f8d0d176d5e64059faf2566004,VMAF,5,10,18,0,1,0,130,4.337666666666666,173,0.333045,750.473,137654272,131.277,/home/od26udiz/Desktop/c/Tuning-Mode-Analysis-for-SVT-AV1/SVT_AV1_Workspace/data/encoded/meeting/a4_360p/SpeedBag_640x360_2997__VMAF__p10__crf18__run1.ivf,514329,948.5818796588028,ab892b981c51bd8c11de9d402694eced,1fd4038ac8922332cd1a5b07ded06c89029e873dfd9c50eeca0a71ca9ed99cb8,/home/od26udiz/miniconda3/bin/SvtAv1EncApp -i /home/od26udiz/Desktop/c/Tuning-Mode-Analysis-for-SVT-AV1/SVT_AV1_Workspace/data/source/a4_360p/SpeedBag_640x360_2997.y4m -b /home/od26udiz/Desktop/c/Tuning-Mode-Analysis-for-SVT-AV1/SVT_AV1_Workspace/data/encoded/meeting/a4_360p/SpeedBag_640x360_2997__VMAF__p10__crf18__run1.ivf --preset 10 --crf 18 --tune 5 --lp 0 --progress 1,0,/home/od26udiz/Desktop/c/Tuning-Mode-Analysis-for-SVT-AV1/SVT_AV1_Workspace/logs/meeting/a4_360p/SpeedBag_640x360_2997__VMAF__p10__crf18__run1.log
99b1e10fa07c65df6f62,2026-09-21T10:45:03.110066+00:00,meeting,ok,a4_360p,SpeedBag_640x360_2997.y4m,/home/od26udiz/Desktop/c/Tuning-Mode-Analysis-for-SVT-AV1/SVT_AV1_Workspace/data/source/a4_360p/SpeedBag_640x360_2997.y4m,720p_or_lower,640,360,29.97002997002997,8,420jpeg,44928844,8bfe53f0215b749744b3947e16ab09a4,9f6857a8e782138ce7185b81ca0bed6fda36f7f8d0d176d5e64059faf2566004,VMAF,5,10,26,0,1,0,130,4.337666666666666,163,0.332934,798.491,141086720,134.551,/home/od26udiz/Desktop/c/Tuning-Mode-Analysis-for-SVT-AV1/SVT_AV1_Workspace/data/encoded/meeting/a4_360p/SpeedBag_640x360_2997__VMAF__p10__crf26__run1.ivf,305848,564.0783831553063,312b4906e7adf84c89d805af145d5851,a610ab132071c4e84aca0da71c7bee7e850722180ed743d0f631c168472b0f82,/home/od26udiz/miniconda3/bin/SvtAv1EncApp -i /home/od26udiz/Desktop/c/Tuning-Mode-Analysis-for-SVT-AV1/SVT_AV1_Workspace/data/source/a4_360p/SpeedBag_640x360_2997.y4m -b /home/od26udiz/Desktop/c/Tuning-Mode-Analysis-for-SVT-AV1/SVT_AV1_Workspace/data/encoded/meeting/a4_360p/SpeedBag_640x360_2997__VMAF__p10__crf26__run1.ivf --preset 10 --crf 26 --tune 5 --lp 0 --progress 1,0,/home/od26udiz/Desktop/c/Tuning-Mode-Analysis-for-SVT-AV1/SVT_AV1_Workspace/logs/meeting/a4_360p/SpeedBag_640x360_2997__VMAF__p10__crf26__run1.log
cdb25705469944794d42,2026-09-21T10:45:03.353111+00:00,meeting,ok,a4_360p,SpeedBag_640x360_2997.y4m,/home/od26udiz/Desktop/c/Tuning-Mode-Analysis-for-SVT-AV1/SVT_AV1_Workspace/data/source/a4_360p/SpeedBag_640x360_2997.y4m,720p_or_lower,640,360,29.97002997002997,8,420jpeg,44928844,8bfe53f0215b749744b3947e16ab09a4,9f6857a8e782138ce7185b81ca0bed6fda36f7f8d0d176d5e64059faf2566004,VMAF,5,10,35,0,1,0,130,4.337666666666666,160,0.229811,813.451,138768384,132.34,/home/od26udiz/Desktop/c/Tuning-Mode-Analysis-for-SVT-AV1/SVT_AV1_Workspace/data/encoded/meeting/a4_360p/SpeedBag_640x360_2997__VMAF__p10__crf35__run1.ivf,163185,300.96365173288257,48f4c426e008af739a9a8ca2fd29905f,1391c695b1e7785eb0479b8e20861560c8d5dbf17e10530187dd0fa0916155a5,/home/od26udiz/miniconda3/bin/SvtAv1EncApp -i /home/od26udiz/Desktop/c/Tuning-Mode-Analysis-for-SVT-AV1/SVT_AV1_Workspace/data/source/a4_360p/SpeedBag_640x360_2997.y4m -b /home/od26udiz/Desktop/c/Tuning-Mode-Analysis-for-SVT-AV1/SVT_AV1_Workspace/data/encoded/meeting/a4_360p/SpeedBag_640x360_2997__VMAF__p10__crf35__run1.ivf --preset 10 --crf 35 --tune 5 --lp 0 --progress 1,0,/home/od26udiz/Desktop/c/Tuning-Mode-Analysis-for-SVT-AV1/SVT_AV1_Workspace/logs/meeting/a4_360p/SpeedBag_640x360_2997__VMAF__p10__crf35__run1.log
ec1c9cb3584673d90785,2026-09-21T10:45:03.574419+00:00,meeting,ok,a4_360p,SpeedBag_640x360_2997.y4m,/home/od26udiz/Desktop/c/Tuning-Mode-Analysis-for-SVT-AV1/SVT_AV1_Workspace/data/source/a4_360p/SpeedBag_640x360_2997.y4m,720p_or_lower,640,360,29.97002997002997,8,420jpeg,44928844,8bfe53f0215b749744b3947e16ab09a4,9f6857a8e782138ce7185b81ca0bed6fda36f7f8d0d176d5e64059faf2566004,VMAF,5,10,44,0,1,0,130,4.337666666666666,161,0.213133,807.052,140152832,133.66,/home/od26udiz/Desktop/c/Tuning-Mode-Analysis-for-SVT-AV1/SVT_AV1_Workspace/data/encoded/meeting/a4_360p/SpeedBag_640x360_2997__VMAF__p10__crf44__run1.ivf,91936,169.5584415584416,05c06a5134227580831cd671e4154787,e01755251ec56dc24123643098742f8b4a76a6f605a6a445d7464d73813d0f45,/home/od26udiz/miniconda3/bin/SvtAv1EncApp -i /home/od26udiz/Desktop/c/Tuning-Mode-Analysis-for-SVT-AV1/SVT_AV1_Workspace/data/source/a4_360p/SpeedBag_640x360_2997.y4m -b /home/od26udiz/Desktop/c/Tuning-Mode-Analysis-for-SVT-AV1/SVT_AV1_Workspace/data/encoded/meeting/a4_360p/SpeedBag_640x360_2997__VMAF__p10__crf44__run1.ivf --preset 10 --crf 44 --tune 5 --lp 0 --progress 1,0,/home/od26udiz/Desktop/c/Tuning-Mode-Analysis-for-SVT-AV1/SVT_AV1_Workspace/logs/meeting/a4_360p/SpeedBag_640x360_2997__VMAF__p10__crf44__run1.log
20276aa79389a2d96bb5,2026-09-21T10:45:03.799027+00:00,meeting,ok,a4_360p,SpeedBag_640x360_2997.y4m,/home/od26udiz/Desktop/c/Tuning-Mode-Analysis-for-SVT-AV1/SVT_AV1_Workspace/data/source/a4_360p/SpeedBag_640x360_2997.y4m,720p_or_lower,640,360,29.97002997002997,8,420jpeg,44928844,8bfe53f0215b749744b3947e16ab09a4,9f6857a8e782138ce7185b81ca0bed6fda36f7f8d0d176d5e64059faf2566004,VMAF,5,10,52,0,1,0,130,4.337666666666666,154,0.214245,842.444,143425536,136.781,/home/od26udiz/Desktop/c/Tuning-Mode-Analysis-for-SVT-AV1/SVT_AV1_Workspace/data/encoded/meeting/a4_360p/SpeedBag_640x360_2997__VMAF__p10__crf52__run1.ivf,57853,106.69883962191656,fd7569d0e6e9a1db3cb1478c791bc8b3,da8faf29b6f2e5c3386122e0045256196935fe9cc2812a1eadaae6cfa3825138,/home/od26udiz/miniconda3/bin/SvtAv1EncApp -i /home/od26udiz/Desktop/c/Tuning-Mode-Analysis-for-SVT-AV1/SVT_AV1_Workspace/data/source/a4_360p/SpeedBag_640x360_2997.y4m -b /home/od26udiz/Desktop/c/Tuning-Mode-Analysis-for-SVT-AV1/SVT_AV1_Workspace/data/encoded/meeting/a4_360p/SpeedBag_640x360_2997__VMAF__p10__crf52__run1.ivf --preset 10 --crf 52 --tune 5 --lp 0 --progress 1,0,/home/od26udiz/Desktop/c/Tuning-Mode-Analysis-for-SVT-AV1/SVT_AV1_Workspace/logs/meeting/a4_360p/SpeedBag_640x360_2997__VMAF__p10__crf52__run1.log
b45747d5fea358057fc1,2026-09-21T10:45:04.021577+00:00,meeting,ok,a4_360p,SpeedBag_640x360_2997.y4m,/home/od26udiz/Desktop/c/Tuning-Mode-Analysis-for-SVT-AV1/SVT_AV1_Workspace/data/source/a4_360p/SpeedBag_640x360_2997.y4m,720p_or_lower,640,360,29.97002997002997,8,420jpeg,44928844,8bfe53f0215b749744b3947e16ab09a4,9f6857a8e782138ce7185b81ca0bed6fda36f7f8d0d176d5e64059faf2566004,VMAF,5,10,60,0,1,0,130,4.337666666666666,138,0.212394,943.602,140824576,134.301,/home/od26udiz/Desktop/c/Tuning-Mode-Analysis-for-SVT-AV1/SVT_AV1_Workspace/data/encoded/meeting/a4_360p/SpeedBag_640x360_2997__VMAF__p10__crf60__run1.ivf,30525,56.29754860524092,a9e3905319f9ef258c07337a7dc14678,5d8a131d5d661b96e4c2e3bc05977f2aca540612ce6a47fa580f3771d743b136,/home/od26udiz/miniconda3/bin/SvtAv1EncApp -i /home/od26udiz/Desktop/c/Tuning-Mode-Analysis-for-SVT-AV1/SVT_AV1_Workspace/data/source/a4_360p/SpeedBag_640x360_2997.y4m -b /home/od26udiz/Desktop/c/Tuning-Mode-Analysis-for-SVT-AV1/SVT_AV1_Workspace/data/encoded/meeting/a4_360p/SpeedBag_640x360_2997__VMAF__p10__crf60__run1.ivf --preset 10 --crf 60 --tune 5 --lp 0 --progress 1,0,/home/od26udiz/Desktop/c/Tuning-Mode-Analysis-for-SVT-AV1/SVT_AV1_Workspace/logs/meeting/a4_360p/SpeedBag_640x360_2997__VMAF__p10__crf60__run1.log
cdad18677c1bbfad18fb,2026-09-21T10:45:11.355908+00:00,meeting,ok,a4_360p,TouchdownPass_640x360_2997.y4m,/home/od26udiz/Desktop/c/Tuning-Mode-Analysis-for-SVT-AV1/SVT_AV1_Workspace/data/source/a4_360p/TouchdownPass_640x360_2997.y4m,720p_or_lower,640,360,29.97002997002997,8,420jpeg,44928844,dd98868ad8286eb0fb0b8c00827098a1,a76ae7ce3826362b5ab062fb3625573aba98f93afca82c471ebb61339ea80a93,VQ,0,1,18,0,1,0,130,4.337666666666666,7190,7.319653,18.081,319717376,304.906,/home/od26udiz/Desktop/c/Tuning-Mode-Analysis-for-SVT-AV1/SVT_AV1_Workspace/data/encoded/meeting/a4_360p/TouchdownPass_640x360_2997__VQ__p1__crf18__run1.ivf,759770,1401.2510566356723,63c7d206c6417217a2d48502b9c17d3c,7f58ae98d4b2ff7f1b9b301ecedad2e653c880c2acd6cad08a805ddb6a942ca7,/home/od26udiz/miniconda3/bin/SvtAv1EncApp -i /home/od26udiz/Desktop/c/Tuning-Mode-Analysis-for-SVT-AV1/SVT_AV1_Workspace/data/source/a4_360p/TouchdownPass_640x360_2997.y4m -b /home/od26udiz/Desktop/c/Tuning-Mode-Analysis-for-SVT-AV1/SVT_AV1_Workspace/data/encoded/meeting/a4_360p/TouchdownPass_640x360_2997__VQ__p1__crf18__run1.ivf --preset 1 --crf 18 --tune 0 --lp 0 --progress 1,0,/home/od26udiz/Desktop/c/Tuning-Mode-Analysis-for-SVT-AV1/SVT_AV1_Workspace/logs/meeting/a4_360p/TouchdownPass_640x360_2997__VQ__p1__crf18__run1.log
6f449bc7504b02543c82,2026-09-21T10:45:19.099283+00:00,meeting,ok,a4_360p,TouchdownPass_640x360_2997.y4m,/home/od26udiz/Desktop/c/Tuning-Mode-Analysis-for-SVT-AV1/SVT_AV1_Workspace/data/source/a4_360p/TouchdownPass_640x360_2997.y4m,720p_or_lower,640,360,29.97002997002997,8,420jpeg,44928844,dd98868ad8286eb0fb0b8c00827098a1,a76ae7ce3826362b5ab062fb3625573aba98f93afca82c471ebb61339ea80a93,VQ,0,1,26,0,1,0,130,4.337666666666666,7545,7.727988,17.23,330588160,315.273,/home/od26udiz/Desktop/c/Tuning-Mode-Analysis-for-SVT-AV1/SVT_AV1_Workspace/data/encoded/meeting/a4_360p/TouchdownPass_640x360_2997__VQ__p1__crf26__run1.ivf,495973,914.727733804657,b7a4d28a610fee91ac0fa9c07a669dad,f3fd35d4a17353a477fb2557acc0008258e5d188783ea62ca7e859957931f0ec,/home/od26udiz/miniconda3/bin/SvtAv1EncApp -i /home/od26udiz/Desktop/c/Tuning-Mode-Analysis-for-SVT-AV1/SVT_AV1_Workspace/data/source/a4_360p/TouchdownPass_640x360_2997.y4m -b /home/od26udiz/Desktop/c/Tuning-Mode-Analysis-for-SVT-AV1/SVT_AV1_Workspace/data/encoded/meeting/a4_360p/TouchdownPass_640x360_2997__VQ__p1__crf26__run1.ivf --preset 1 --crf 26 --tune 0 --lp 0 --progress 1,0,/home/od26udiz/Desktop/c/Tuning-Mode-Analysis-for-SVT-AV1/SVT_AV1_Workspace/logs/meeting/a4_360p/TouchdownPass_640x360_2997__VQ__p1__crf26__run1.log
63e4411841e22984cc7c,2026-09-21T10:45:27.477230+00:00,meeting,ok,a4_360p,TouchdownPass_640x360_2997.y4m,/home/od26udiz/Desktop/c/Tuning-Mode-Analysis-for-SVT-AV1/SVT_AV1_Workspace/data/source/a4_360p/TouchdownPass_640x360_2997.y4m,720p_or_lower,640,360,29.97002997002997,8,420jpeg,44928844,dd98868ad8286eb0fb0b8c00827098a1,a76ae7ce3826362b5ab062fb3625573aba98f93afca82c471ebb61339ea80a93,VQ,0,1,35,0,1,0,130,4.337666666666666,8174,8.359563,15.904,335499264,319.957,/home/od26udiz/Desktop/c/Tuning-Mode-Analysis-for-SVT-AV1/SVT_AV1_Workspace/data/encoded/meeting/a4_360p/TouchdownPass_640x360_2997__VQ__p1__crf35__run1.ivf,303851,560.3952970106817,b28eebce225fabaa8055f3cb81762966,a7dd00c61c06a9b20bd6c219fae13c2e1e05c6414d2f3b8c4bbaaaec43474637,/home/od26udiz/miniconda3/bin/SvtAv1EncApp -i /home/od26udiz/Desktop/c/Tuning-Mode-Analysis-for-SVT-AV1/SVT_AV1_Workspace/data/source/a4_360p/TouchdownPass_640x360_2997.y4m -b /home/od26udiz/Desktop/c/Tuning-Mode-Analysis-for-SVT-AV1/SVT_AV1_Workspace/data/encoded/meeting/a4_360p/TouchdownPass_640x360_2997__VQ__p1__crf35__run1.ivf --preset 1 --crf 35 --tune 0 --lp 0 --progress 1,0,/home/od26udiz/Desktop/c/Tuning-Mode-Analysis-for-SVT-AV1/SVT_AV1_Workspace/logs/meeting/a4_360p/TouchdownPass_640x360_2997__VQ__p1__crf35__run1.log
75a0b9a5648e589af306,2026-09-21T10:45:37.117991+00:00,meeting,ok,a4_360p,TouchdownPass_640x360_2997.y4m,/home/od26udiz/Desktop/c/Tuning-Mode-Analysis-for-SVT-AV1/SVT_AV1_Workspace/data/source/a4_360p/TouchdownPass_640x360_2997.y4m,720p_or_lower,640,360,29.97002997002997,8,420jpeg,44928844,dd98868ad8286eb0fb0b8c00827098a1,a76ae7ce3826362b5ab062fb3625573aba98f93afca82c471ebb61339ea80a93,VQ,0,1,44,0,1,0,130,4.337666666666666,9441,9.622713,13.77,350859264,334.605,/home/od26udiz/Desktop/c/Tuning-Mode-Analysis-for-SVT-AV1/SVT_AV1_Workspace/data/encoded/meeting/a4_360p/TouchdownPass_640x360_2997__VQ__p1__crf44__run1.ivf,188119,346.9496657188965,b71bdc9dbcb07f2df80d0454e985835b,52bda28224ca389ba2a1d45bca8b1f31135555fc631ffa4d676d1805dc9c517c,/home/od26udiz/miniconda3/bin/SvtAv1EncApp -i /home/od26udiz/Desktop/c/Tuning-Mode-Analysis-for-SVT-AV1/SVT_AV1_Workspace/data/source/a4_360p/TouchdownPass_640x360_2997.y4m -b /home/od26udiz/Desktop/c/Tuning-Mode-Analysis-for-SVT-AV1/SVT_AV1_Workspace/data/encoded/meeting/a4_360p/TouchdownPass_640x360_2997__VQ__p1__crf44__run1.ivf --preset 1 --crf 44 --tune 0 --lp 0 --progress 1,0,/home/od26udiz/Desktop/c/Tuning-Mode-Analysis-for-SVT-AV1/SVT_AV1_Workspace/logs/meeting/a4_360p/TouchdownPass_640x360_2997__VQ__p1__crf44__run1.log
bc458db8eeb0a287de1e,2026-09-21T10:45:48.517841+00:00,meeting,ok,a4_360p,TouchdownPass_640x360_2997.y4m,/home/od26udiz/Desktop/c/Tuning-Mode-Analysis-for-SVT-AV1/SVT_AV1_Workspace/data/source/a4_360p/TouchdownPass_640x360_2997.y4m,720p_or_lower,640,360,29.97002997002997,8,420jpeg,44928844,dd98868ad8286eb0fb0b8c00827098a1,a76ae7ce3826362b5ab062fb3625573aba98f93afca82c471ebb61339ea80a93,VQ,0,1,52,0,1,0,130,4.337666666666666,11243,11.38807,11.563,363913216,347.055,/home/od26udiz/Desktop/c/Tuning-Mode-Analysis-for-SVT-AV1/SVT_AV1_Workspace/data/encoded/meeting/a4_360p/TouchdownPass_640x360_2997__VQ__p1__crf52__run1.ivf,117757,217.18035810343505,da3a78fdb5b91921f6af87dcfe75aa98,319ab32dd68641c8e18eb2b014d49a0e99ead070f15558ad259f018dc4e98823,/home/od26udiz/miniconda3/bin/SvtAv1EncApp -i /home/od26udiz/Desktop/c/Tuning-Mode-Analysis-for-SVT-AV1/SVT_AV1_Workspace/data/source/a4_360p/TouchdownPass_640x360_2997.y4m -b /home/od26udiz/Desktop/c/Tuning-Mode-Analysis-for-SVT-AV1/SVT_AV1_Workspace/data/encoded/meeting/a4_360p/TouchdownPass_640x360_2997__VQ__p1__crf52__run1.ivf --preset 1 --crf 52 --tune 0 --lp 0 --progress 1,0,/home/od26udiz/Desktop/c/Tuning-Mode-Analysis-for-SVT-AV1/SVT_AV1_Workspace/logs/meeting/a4_360p/TouchdownPass_640x360_2997__VQ__p1__crf52__run1.log
349b9d8655d81373f8fe,2026-09-21T10:46:04.688594+00:00,meeting,ok,a4_360p,TouchdownPass_640x360_2997.y4m,/home/od26udiz/Desktop/c/Tuning-Mode-Analysis-for-SVT-AV1/SVT_AV1_Workspace/data/source/a4_360p/TouchdownPass_640x360_2997.y4m,720p_or_lower,640,360,29.97002997002997,8,420jpeg,44928844,dd98868ad8286eb0fb0b8c00827098a1,a76ae7ce3826362b5ab062fb3625573aba98f93afca82c471ebb61339ea80a93,VQ,0,1,60,0,1,0,130,4.337666666666666,15993,16.158341,8.128,579825664,552.965,/home/od26udiz/Desktop/c/Tuning-Mode-Analysis-for-SVT-AV1/SVT_AV1_Workspace/data/encoded/meeting/a4_360p/TouchdownPass_640x360_2997__VQ__p1__crf60__run1.ivf,59300,109.36755552140168,a8d9e026688434d732671a3836303cd2,1ff6fd7a1dbfba9117ee0593e011e97c8e86a13bd68ffe3597f01764f7cc5019,/home/od26udiz/miniconda3/bin/SvtAv1EncApp -i /home/od26udiz/Desktop/c/Tuning-Mode-Analysis-for-SVT-AV1/SVT_AV1_Workspace/data/source/a4_360p/TouchdownPass_640x360_2997.y4m -b /home/od26udiz/Desktop/c/Tuning-Mode-Analysis-for-SVT-AV1/SVT_AV1_Workspace/data/encoded/meeting/a4_360p/TouchdownPass_640x360_2997__VQ__p1__crf60__run1.ivf --preset 1 --crf 60 --tune 0 --lp 0 --progress 1,0,/home/od26udiz/Desktop/c/Tuning-Mode-Analysis-for-SVT-AV1/SVT_AV1_Workspace/logs/meeting/a4_360p/TouchdownPass_640x360_2997__VQ__p1__crf60__run1.log
04223305df915fd83613,2026-09-21T10:46:05.027750+00:00,meeting,ok,a4_360p,TouchdownPass_640x360_2997.y4m,/home/od26udiz/Desktop/c/Tuning-Mode-Analysis-for-SVT-AV1/SVT_AV1_Workspace/data/source/a4_360p/TouchdownPass_640x360_2997.y4m,720p_or_lower,640,360,29.97002997002997,8,420jpeg,44928844,dd98868ad8286eb0fb0b8c00827098a1,a76ae7ce3826362b5ab062fb3625573aba98f93afca82c471ebb61339ea80a93,VQ,0,10,18,0,1,0,130,4.337666666666666,212,0.32913,611.828,145678336,138.93,/home/od26udiz/Desktop/c/Tuning-Mode-Analysis-for-SVT-AV1/SVT_AV1_Workspace/data/encoded/meeting/a4_360p/TouchdownPass_640x360_2997__VQ__p10__crf18__run1.ivf,1323919,2441.716437408745,e31d2f7dc153f580fc84ce9e72412944,f84b4f30d7c35e3175536800b4364aad2710941a18d49fd08fde58e9a86ada57,/home/od26udiz/miniconda3/bin/SvtAv1EncApp -i /home/od26udiz/Desktop/c/Tuning-Mode-Analysis-for-SVT-AV1/SVT_AV1_Workspace/data/source/a4_360p/TouchdownPass_640x360_2997.y4m -b /home/od26udiz/Desktop/c/Tuning-Mode-Analysis-for-SVT-AV1/SVT_AV1_Workspace/data/encoded/meeting/a4_360p/TouchdownPass_640x360_2997__VQ__p10__crf18__run1.ivf --preset 10 --crf 18 --tune 0 --lp 0 --progress 1,0,/home/od26udiz/Desktop/c/Tuning-Mode-Analysis-for-SVT-AV1/SVT_AV1_Workspace/logs/meeting/a4_360p/TouchdownPass_640x360_2997__VQ__p10__crf18__run1.log
10bed9bb4bb8524b507f,2026-09-21T10:46:05.364964+00:00,meeting,ok,a4_360p,TouchdownPass_640x360_2997.y4m,/home/od26udiz/Desktop/c/Tuning-Mode-Analysis-for-SVT-AV1/SVT_AV1_Workspace/data/source/a4_360p/TouchdownPass_640x360_2997.y4m,720p_or_lower,640,360,29.97002997002997,8,420jpeg,44928844,dd98868ad8286eb0fb0b8c00827098a1,a76ae7ce3826362b5ab062fb3625573aba98f93afca82c471ebb61339ea80a93,VQ,0,10,26,0,1,0,130,4.337666666666666,203,0.321872,641.605,141381632,134.832,/home/od26udiz/Desktop/c/Tuning-Mode-Analysis-for-SVT-AV1/SVT_AV1_Workspace/data/encoded/meeting/a4_360p/TouchdownPass_640x360_2997__VQ__p10__crf26__run1.ivf,827098,1525.424729117037,c0ba3920d3c8ec97f3875b98da4f4a31,115d22ae2e6ec953af58df0a11d5a2ccbfdf2f1bc7d9a9e03f6f4bf7b92f670e,/home/od26udiz/miniconda3/bin/SvtAv1EncApp -i /home/od26udiz/Desktop/c/Tuning-Mode-Analysis-for-SVT-AV1/SVT_AV1_Workspace/data/source/a4_360p/TouchdownPass_640x360_2997.y4m -b /home/od26udiz/Desktop/c/Tuning-Mode-Analysis-for-SVT-AV1/SVT_AV1_Workspace/data/encoded/meeting/a4_360p/TouchdownPass_640x360_2997__VQ__p10__crf26__run1.ivf --preset 10 --crf 26 --tune 0 --lp 0 --progress 1,0,/home/od26udiz/Desktop/c/Tuning-Mode-Analysis-for-SVT-AV1/SVT_AV1_Workspace/logs/meeting/a4_360p/TouchdownPass_640x360_2997__VQ__p10__crf26__run1.log
d259a3d241b88cfb5e69,2026-09-21T10:46:05.694914+00:00,meeting,ok,a4_360p,TouchdownPass_640x360_2997.y4m,/home/od26udiz/Desktop/c/Tuning-Mode-Analysis-for-SVT-AV1/SVT_AV1_Workspace/data/source/a4_360p/TouchdownPass_640x360_2997.y4m,720p_or_lower,640,360,29.97002997002997,8,420jpeg,44928844,dd98868ad8286eb0fb0b8c00827098a1,a76ae7ce3826362b5ab062fb3625573aba98f93afca82c471ebb61339ea80a93,VQ,0,10,35,0,1,0,130,4.337666666666666,181,0.316998,717.19,139472896,133.012,/home/od26udiz/Desktop/c/Tuning-Mode-Analysis-for-SVT-AV1/SVT_AV1_Workspace/data/encoded/meeting/a4_360p/TouchdownPass_640x360_2997__VQ__p10__crf35__run1.ivf,433809,800.0780757703835,39c04939e212423ed7310c0330c1d24c,2fc0bd0e20e5db81b7ca6cacfab8f989814720d8a1370368dc3614a9c4f74269,/home/od26udiz/miniconda3/bin/SvtAv1EncApp -i /home/od26udiz/Desktop/c/Tuning-Mode-Analysis-for-SVT-AV1/SVT_AV1_Workspace/data/source/a4_360p/TouchdownPass_640x360_2997.y4m -b /home/od26udiz/Desktop/c/Tuning-Mode-Analysis-for-SVT-AV1/SVT_AV1_Workspace/data/encoded/meeting/a4_360p/TouchdownPass_640x360_2997__VQ__p10__crf35__run1.ivf --preset 10 --crf 35 --tune 0 --lp 0 --progress 1,0,/home/od26udiz/Desktop/c/Tuning-Mode-Analysis-for-SVT-AV1/SVT_AV1_Workspace/logs/meeting/a4_360p/TouchdownPass_640x360_2997__VQ__p10__crf35__run1.log
2d41fafced37d1c74f07,2026-09-21T10:46:06.046538+00:00,meeting,ok,a4_360p,TouchdownPass_640x360_2997.y4m,/home/od26udiz/Desktop/c/Tuning-Mode-Analysis-for-SVT-AV1/SVT_AV1_Workspace/data/source/a4_360p/TouchdownPass_640x360_2997.y4m,720p_or_lower,640,360,29.97002997002997,8,420jpeg,44928844,dd98868ad8286eb0fb0b8c00827098a1,a76ae7ce3826362b5ab062fb3625573aba98f93afca82c471ebb61339ea80a93,VQ,0,10,44,0,1,0,130,4.337666666666666,191,0.33496,680.03,138526720,132.109,/home/od26udiz/Desktop/c/Tuning-Mode-Analysis-for-SVT-AV1/SVT_AV1_Workspace/data/encoded/meeting/a4_360p/TouchdownPass_640x360_2997__VQ__p10__crf44__run1.ivf,218510,403.00007684623074,c400b48291eb52550be20b91cd572e7f,0793f61c9f59fd95be2a73349d7f381cb2cc114c13a8a935a94f42662d51cb26,/home/od26udiz/miniconda3/bin/SvtAv1EncApp -i /home/od26udiz/Desktop/c/Tuning-Mode-Analysis-for-SVT-AV1/SVT_AV1_Workspace/data/source/a4_360p/TouchdownPass_640x360_2997.y4m -b /home/od26udiz/Desktop/c/Tuning-Mode-Analysis-for-SVT-AV1/SVT_AV1_Workspace/data/encoded/meeting/a4_360p/TouchdownPass_640x360_2997__VQ__p10__crf44__run1.ivf --preset 10 --crf 44 --tune 0 --lp 0 --progress 1,0,/home/od26udiz/Desktop/c/Tuning-Mode-Analysis-for-SVT-AV1/SVT_AV1_Workspace/logs/meeting/a4_360p/TouchdownPass_640x360_2997__VQ__p10__crf44__run1.log
4e608043216033fe245b,2026-09-21T10:46:06.378285+00:00,meeting,ok,a4_360p,TouchdownPass_640x360_2997.y4m,/home/od26udiz/Desktop/c/Tuning-Mode-Analysis-for-SVT-AV1/SVT_AV1_Workspace/data/source/a4_360p/TouchdownPass_640x360_2997.y4m,720p_or_lower,640,360,29.97002997002997,8,420jpeg,44928844,dd98868ad8286eb0fb0b8c00827098a1,a76ae7ce3826362b5ab062fb3625573aba98f93afca82c471ebb61339ea80a93,VQ,0,10,52,0,1,0,130,4.337666666666666,204,0.320857,637.499,140759040,134.238,/home/od26udiz/Desktop/c/Tuning-Mode-Analysis-for-SVT-AV1/SVT_AV1_Workspace/data/encoded/meeting/a4_360p/TouchdownPass_640x360_2997__VQ__p10__crf52__run1.ivf,124939,230.42618919542,56830da4c17d028ccc84f6792fbfa0f3,8fcbc729af4948ad8d6d97eddb66e5788b5fe5342ad4646a27077f2e47d44b4b,/home/od26udiz/miniconda3/bin/SvtAv1EncApp -i /home/od26udiz/Desktop/c/Tuning-Mode-Analysis-for-SVT-AV1/SVT_AV1_Workspace/data/source/a4_360p/TouchdownPass_640x360_2997.y4m -b /home/od26udiz/Desktop/c/Tuning-Mode-Analysis-for-SVT-AV1/SVT_AV1_Workspace/data/encoded/meeting/a4_360p/TouchdownPass_640x360_2997__VQ__p10__crf52__run1.ivf --preset 10 --crf 52 --tune 0 --lp 0 --progress 1,0,/home/od26udiz/Desktop/c/Tuning-Mode-Analysis-for-SVT-AV1/SVT_AV1_Workspace/logs/meeting/a4_360p/TouchdownPass_640x360_2997__VQ__p10__crf52__run1.log
a54970d9771cb9a3615b,2026-09-21T10:46:06.728178+00:00,meeting,ok,a4_360p,TouchdownPass_640x360_2997.y4m,/home/od26udiz/Desktop/c/Tuning-Mode-Analysis-for-SVT-AV1/SVT_AV1_Workspace/data/source/a4_360p/TouchdownPass_640x360_2997.y4m,720p_or_lower,640,360,29.97002997002997,8,420jpeg,44928844,dd98868ad8286eb0fb0b8c00827098a1,a76ae7ce3826362b5ab062fb3625573aba98f93afca82c471ebb61339ea80a93,VQ,0,10,60,0,1,0,130,4.337666666666666,241,0.335359,540.532,134090752,127.879,/home/od26udiz/Desktop/c/Tuning-Mode-Analysis-for-SVT-AV1/SVT_AV1_Workspace/data/encoded/meeting/a4_360p/TouchdownPass_640x360_2997__VQ__p10__crf60__run1.ivf,55589,102.52332283101515,79807e4f085397c3906bbb8fcf74c01e,8d60adccd0e0c0a5cca8bf021e010049ea159430d1cb62c55933e393e67d9eaa,/home/od26udiz/miniconda3/bin/SvtAv1EncApp -i /home/od26udiz/Desktop/c/Tuning-Mode-Analysis-for-SVT-AV1/SVT_AV1_Workspace/data/source/a4_360p/TouchdownPass_640x360_2997.y4m -b /home/od26udiz/Desktop/c/Tuning-Mode-Analysis-for-SVT-AV1/SVT_AV1_Workspace/data/encoded/meeting/a4_360p/TouchdownPass_640x360_2997__VQ__p10__crf60__run1.ivf --preset 10 --crf 60 --tune 0 --lp 0 --progress 1,0,/home/od26udiz/Desktop/c/Tuning-Mode-Analysis-for-SVT-AV1/SVT_AV1_Workspace/logs/meeting/a4_360p/TouchdownPass_640x360_2997__VQ__p10__crf60__run1.log
4fda1db05e64dacf8922,2026-09-21T10:46:14.843062+00:00,meeting,ok,a4_360p,TouchdownPass_640x360_2997.y4m,/home/od26udiz/Desktop/c/Tuning-Mode-Analysis-for-SVT-AV1/SVT_AV1_Workspace/data/source/a4_360p/TouchdownPass_640x360_2997.y4m,720p_or_lower,640,360,29.97002997002997,8,420jpeg,44928844,dd98868ad8286eb0fb0b8c00827098a1,a76ae7ce3826362b5ab062fb3625573aba98f93afca82c471ebb61339ea80a93,PSNR,1,1,18,0,1,0,130,4.337666666666666,7932,8.097527,16.39,328019968,312.824,/home/od26udiz/Desktop/c/Tuning-Mode-Analysis-for-SVT-AV1/SVT_AV1_Workspace/data/encoded/meeting/a4_360p/TouchdownPass_640x360_2997__PSNR__p1__crf18__run1.ivf,734107,1353.9205409974643,b844dd7ce38e24d76646fb8f0d3610b4,6342a428a7f834f6e47ce67572953bbc5ec8b55fe8bdc394140103e7adf5a673,/home/od26udiz/miniconda3/bin/SvtAv1EncApp -i /home/od26udiz/Desktop/c/Tuning-Mode-Analysis-for-SVT-AV1/SVT_AV1_Workspace/data/source/a4_360p/TouchdownPass_640x360_2997.y4m -b /home/od26udiz/Desktop/c/Tuning-Mode-Analysis-for-SVT-AV1/SVT_AV1_Workspace/data/encoded/meeting/a4_360p/TouchdownPass_640x360_2997__PSNR__p1__crf18__run1.ivf --preset 1 --crf 18 --tune 1 --lp 0 --progress 1,0,/home/od26udiz/Desktop/c/Tuning-Mode-Analysis-for-SVT-AV1/SVT_AV1_Workspace/logs/meeting/a4_360p/TouchdownPass_640x360_2997__PSNR__p1__crf18__run1.log
bb0265c60b8b16eb3fb6,2026-09-21T10:46:23.468628+00:00,meeting,ok,a4_360p,TouchdownPass_640x360_2997.y4m,/home/od26udiz/Desktop/c/Tuning-Mode-Analysis-for-SVT-AV1/SVT_AV1_Workspace/data/source/a4_360p/TouchdownPass_640x360_2997.y4m,720p_or_lower,640,360,29.97002997002997,8,420jpeg,44928844,dd98868ad8286eb0fb0b8c00827098a1,a76ae7ce3826362b5ab062fb3625573aba98f93afca82c471ebb61339ea80a93,PSNR,1,1,26,0,1,0,130,4.337666666666666,8468,8.595383,15.351,329121792,313.875,/home/od26udiz/Desktop/c/Tuning-Mode-Analysis-for-SVT-AV1/SVT_AV1_Workspace/data/encoded/meeting/a4_360p/TouchdownPass_640x360_2997__PSNR__p1__crf26__run1.ivf,476478,878.7729193883041,1fdbcd555d0154f3babe4337740a60bb,733f034af6e9b42af36e6529d91c3be1b5004ea4d0d60cc91e608018fde27413,/home/od26udiz/miniconda3/bin/SvtAv1EncApp -i /home/od26udiz/Desktop/c/Tuning-Mode-Analysis-for-SVT-AV1/SVT_AV1_Workspace/data/source/a4_360p/TouchdownPass_640x360_2997.y4m -b /home/od26udiz/Desktop/c/Tuning-Mode-Analysis-for-SVT-AV1/SVT_AV1_Workspace/data/encoded/meeting/a4_360p/TouchdownPass_640x360_2997__PSNR__p1__crf26__run1.ivf --preset 1 --crf 26 --tune 1 --lp 0 --progress 1,0,/home/od26udiz/Desktop/c/Tuning-Mode-Analysis-for-SVT-AV1/SVT_AV1_Workspace/logs/meeting/a4_360p/TouchdownPass_640x360_2997__PSNR__p1__crf26__run1.log
a25599177335cf317dad,2026-09-21T10:46:32.487463+00:00,meeting,ok,a4_360p,TouchdownPass_640x360_2997.y4m,/home/od26udiz/Desktop/c/Tuning-Mode-Analysis-for-SVT-AV1/SVT_AV1_Workspace/data/source/a4_360p/TouchdownPass_640x360_2997.y4m,720p_or_lower,640,360,29.97002997002997,8,420jpeg,44928844,dd98868ad8286eb0fb0b8c00827098a1,a76ae7ce3826362b5ab062fb3625573aba98f93afca82c471ebb61339ea80a93,PSNR,1,1,35,0,1,0,130,4.337666666666666,8823,8.996669,14.733,345612288,329.602,/home/od26udiz/Desktop/c/Tuning-Mode-Analysis-for-SVT-AV1/SVT_AV1_Workspace/data/encoded/meeting/a4_360p/TouchdownPass_640x360_2997__PSNR__p1__crf35__run1.ivf,285232,526.0560977484055,ab2e1fb357a6e45c0a162d9201c2ccb3,bf971de94603f8114d2d8ccce6b978bcec4e659223b23a57f1432d08c6257b35,/home/od26udiz/miniconda3/bin/SvtAv1EncApp -i /home/od26udiz/Desktop/c/Tuning-Mode-Analysis-for-SVT-AV1/SVT_AV1_Workspace/data/source/a4_360p/TouchdownPass_640x360_2997.y4m -b /home/od26udiz/Desktop/c/Tuning-Mode-Analysis-for-SVT-AV1/SVT_AV1_Workspace/data/encoded/meeting/a4_360p/TouchdownPass_640x360_2997__PSNR__p1__crf35__run1.ivf --preset 1 --crf 35 --tune 1 --lp 0 --progress 1,0,/home/od26udiz/Desktop/c/Tuning-Mode-Analysis-for-SVT-AV1/SVT_AV1_Workspace/logs/meeting/a4_360p/TouchdownPass_640x360_2997__PSNR__p1__crf35__run1.log
91d1146d162406ff794e,2026-09-21T10:46:42.653047+00:00,meeting,ok,a4_360p,TouchdownPass_640x360_2997.y4m,/home/od26udiz/Desktop/c/Tuning-Mode-Analysis-for-SVT-AV1/SVT_AV1_Workspace/data/source/a4_360p/TouchdownPass_640x360_2997.y4m,720p_or_lower,640,360,29.97002997002997,8,420jpeg,44928844,dd98868ad8286eb0fb0b8c00827098a1,a76ae7ce3826362b5ab062fb3625573aba98f93afca82c471ebb61339ea80a93,PSNR,1,1,44,0,1,0,130,4.337666666666666,10025,10.144712,12.967,353640448,337.258,/home/od26udiz/Desktop/c/Tuning-Mode-Analysis-for-SVT-AV1/SVT_AV1_Workspace/data/encoded/meeting/a4_360p/TouchdownPass_640x360_2997__PSNR__p1__crf44__run1.ivf,173518,320.02090217474836,7a1d0950d1998705f1014042c41e8411,8b5121f4634cbabb03d973e4f6af3b5680633cac428959e4f648b7de2af7f0ed,/home/od26udiz/miniconda3/bin/SvtAv1EncApp -i /home/od26udiz/Desktop/c/Tuning-Mode-Analysis-for-SVT-AV1/SVT_AV1_Workspace/data/source/a4_360p/TouchdownPass_640x360_2997.y4m -b /home/od26udiz/Desktop/c/Tuning-Mode-Analysis-for-SVT-AV1/SVT_AV1_Workspace/data/encoded/meeting/a4_360p/TouchdownPass_640x360_2997__PSNR__p1__crf44__run1.ivf --preset 1 --crf 44 --tune 1 --lp 0 --progress 1,0,/home/od26udiz/Desktop/c/Tuning-Mode-Analysis-for-SVT-AV1/SVT_AV1_Workspace/logs/meeting/a4_360p/TouchdownPass_640x360_2997__PSNR__p1__crf44__run1.log
577ffe31e9656bc6f318,2026-09-21T10:46:54.680153+00:00,meeting,ok,a4_360p,TouchdownPass_640x360_2997.y4m,/home/od26udiz/Desktop/c/Tuning-Mode-Analysis-for-SVT-AV1/SVT_AV1_Workspace/data/source/a4_360p/TouchdownPass_640x360_2997.y4m,720p_or_lower,640,360,29.97002997002997,8,420jpeg,44928844,dd98868ad8286eb0fb0b8c00827098a1,a76ae7ce3826362b5ab062fb3625573aba98f93afca82c471ebb61339ea80a93,PSNR,1,1,52,0,1,0,130,4.337666666666666,11823,12.013737,10.996,366534656,349.555,/home/od26udiz/Desktop/c/Tuning-Mode-Analysis-for-SVT-AV1/SVT_AV1_Workspace/data/encoded/meeting/a4_360p/TouchdownPass_640x360_2997__PSNR__p1__crf52__run1.ivf,109501,201.9537385691232,717fe669b66845d735496b00cec6d83e,3cf5e74b97503e896659958a3d2f4dde2de1a3ef93fb7298bc3834ac02420621,/home/od26udiz/miniconda3/bin/SvtAv1EncApp -i /home/od26udiz/Desktop/c/Tuning-Mode-Analysis-for-SVT-AV1/SVT_AV1_Workspace/data/source/a4_360p/TouchdownPass_640x360_2997.y4m -b /home/od26udiz/Desktop/c/Tuning-Mode-Analysis-for-SVT-AV1/SVT_AV1_Workspace/data/encoded/meeting/a4_360p/TouchdownPass_640x360_2997__PSNR__p1__crf52__run1.ivf --preset 1 --crf 52 --tune 1 --lp 0 --progress 1,0,/home/od26udiz/Desktop/c/Tuning-Mode-Analysis-for-SVT-AV1/SVT_AV1_Workspace/logs/meeting/a4_360p/TouchdownPass_640x360_2997__PSNR__p1__crf52__run1.log
6e9d18d3a98fe122db17,2026-09-21T10:47:11.291645+00:00,meeting,ok,a4_360p,TouchdownPass_640x360_2997.y4m,/home/od26udiz/Desktop/c/Tuning-Mode-Analysis-for-SVT-AV1/SVT_AV1_Workspace/data/source/a4_360p/TouchdownPass_640x360_2997.y4m,720p_or_lower,640,360,29.97002997002997,8,420jpeg,44928844,dd98868ad8286eb0fb0b8c00827098a1,a76ae7ce3826362b5ab062fb3625573aba98f93afca82c471ebb61339ea80a93,PSNR,1,1,60,0,1,0,130,4.337666666666666,16397,16.598554,7.928,565710848,539.504,/home/od26udiz/Desktop/c/Tuning-Mode-Analysis-for-SVT-AV1/SVT_AV1_Workspace/data/encoded/meeting/a4_360p/TouchdownPass_640x360_2997__PSNR__p1__crf60__run1.ivf,54256,100.06485821870437,7405409202480d820d6596ee81986398,2f21fa6d41aa964122e5f5338b3506041add5887217cdf7d3fefbe61214270dc,/home/od26udiz/miniconda3/bin/SvtAv1EncApp -i /home/od26udiz/Desktop/c/Tuning-Mode-Analysis-for-SVT-AV1/SVT_AV1_Workspace/data/source/a4_360p/TouchdownPass_640x360_2997.y4m -b /home/od26udiz/Desktop/c/Tuning-Mode-Analysis-for-SVT-AV1/SVT_AV1_Workspace/data/encoded/meeting/a4_360p/TouchdownPass_640x360_2997__PSNR__p1__crf60__run1.ivf --preset 1 --crf 60 --tune 1 --lp 0 --progress 1,0,/home/od26udiz/Desktop/c/Tuning-Mode-Analysis-for-SVT-AV1/SVT_AV1_Workspace/logs/meeting/a4_360p/TouchdownPass_640x360_2997__PSNR__p1__crf60__run1.log
1cb3e7e7b3d341437886,2026-09-21T10:47:11.623047+00:00,meeting,ok,a4_360p,TouchdownPass_640x360_2997.y4m,/home/od26udiz/Desktop/c/Tuning-Mode-Analysis-for-SVT-AV1/SVT_AV1_Workspace/data/source/a4_360p/TouchdownPass_640x360_2997.y4m,720p_or_lower,640,360,29.97002997002997,8,420jpeg,44928844,dd98868ad8286eb0fb0b8c00827098a1,a76ae7ce3826362b5ab062fb3625573aba98f93afca82c471ebb61339ea80a93,PSNR,1,10,18,0,1,0,130,4.337666666666666,208,0.321913,624.091,143953920,137.285,/home/od26udiz/Desktop/c/Tuning-Mode-Analysis-for-SVT-AV1/SVT_AV1_Workspace/data/encoded/meeting/a4_360p/TouchdownPass_640x360_2997__PSNR__p10__crf18__run1.ivf,1271913,2345.80127564743,732b3127997ed61c5fb3f9ae3019ae3b,9728a38af4f96ab322daa25fa1ea1b4cf0aa6c27364a90ca1e33acae7024c837,/home/od26udiz/miniconda3/bin/SvtAv1EncApp -i /home/od26udiz/Desktop/c/Tuning-Mode-Analysis-for-SVT-AV1/SVT_AV1_Workspace/data/source/a4_360p/TouchdownPass_640x360_2997.y4m -b /home/od26udiz/Desktop/c/Tuning-Mode-Analysis-for-SVT-AV1/SVT_AV1_Workspace/data/encoded/meeting/a4_360p/TouchdownPass_640x360_2997__PSNR__p10__crf18__run1.ivf --preset 10 --crf 18 --tune 1 --lp 0 --progress 1,0,/home/od26udiz/Desktop/c/Tuning-Mode-Analysis-for-SVT-AV1/SVT_AV1_Workspace/logs/meeting/a4_360p/TouchdownPass_640x360_2997__PSNR__p10__crf18__run1.log
e6b219395fbcacda5198,2026-09-21T10:47:11.961068+00:00,meeting,ok,a4_360p,TouchdownPass_640x360_2997.y4m,/home/od26udiz/Desktop/c/Tuning-Mode-Analysis-for-SVT-AV1/SVT_AV1_Workspace/data/source/a4_360p/TouchdownPass_640x360_2997.y4m,720p_or_lower,640,360,29.97002997002997,8,420jpeg,44928844,dd98868ad8286eb0fb0b8c00827098a1,a76ae7ce3826362b5ab062fb3625573aba98f93afca82c471ebb61339ea80a93,PSNR,1,10,26,0,1,0,130,4.337666666666666,203,0.322842,641.75,142991360,136.367,/home/od26udiz/Desktop/c/Tuning-Mode-Analysis-for-SVT-AV1/SVT_AV1_Workspace/data/encoded/meeting/a4_360p/TouchdownPass_640x360_2997__PSNR__p10__crf26__run1.ivf,793333,1463.151617613156,6c17a40cf726cc1c54f526b9ad5e43fa,c2c3a39442c0b0b6efffe4619823f139fbef2958adc02341c35f40b60bec0ac4,/home/od26udiz/miniconda3/bin/SvtAv1EncApp -i /home/od26udiz/Desktop/c/Tuning-Mode-Analysis-for-SVT-AV1/SVT_AV1_Workspace/data/source/a4_360p/TouchdownPass_640x360_2997.y4m -b /home/od26udiz/Desktop/c/Tuning-Mode-Analysis-for-SVT-AV1/SVT_AV1_Workspace/data/encoded/meeting/a4_360p/TouchdownPass_640x360_2997__PSNR__p10__crf26__run1.ivf --preset 10 --crf 26 --tune 1 --lp 0 --progress 1,0,/home/od26udiz/Desktop/c/Tuning-Mode-Analysis-for-SVT-AV1/SVT_AV1_Workspace/logs/meeting/a4_360p/TouchdownPass_640x360_2997__PSNR__p10__crf26__run1.log
0287dbe018ec713d5973,2026-09-21T10:47:12.297973+00:00,meeting,ok,a4_360p,TouchdownPass_640x360_2997.y4m,/home/od26udiz/Desktop/c/Tuning-Mode-Analysis-for-SVT-AV1/SVT_AV1_Workspace/data/source/a4_360p/TouchdownPass_640x360_2997.y4m,720p_or_lower,640,360,29.97002997002997,8,420jpeg,44928844,dd98868ad8286eb0fb0b8c00827098a1,a76ae7ce3826362b5ab062fb3625573aba98f93afca82c471ebb61339ea80a93,PSNR,1,10,35,0,1,0,130,4.337666666666666,188,0.322477,691.397,141328384,134.781,/home/od26udiz/Desktop/c/Tuning-Mode-Analysis-for-SVT-AV1/SVT_AV1_Workspace/data/encoded/meeting/a4_360p/TouchdownPass_640x360_2997__PSNR__p10__crf35__run1.ivf,403997,745.0955198647507,f2c736a5c5d679b6626ba661bf9f06bd,d6b0d4c7c988166f2af5294a9b6d305e41743b3538903db278ef73b77c933f83,/home/od26udiz/miniconda3/bin/SvtAv1EncApp -i /home/od26udiz/Desktop/c/Tuning-Mode-Analysis-for-SVT-AV1/SVT_AV1_Workspace/data/source/a4_360p/TouchdownPass_640x360_2997.y4m -b /home/od26udiz/Desktop/c/Tuning-Mode-Analysis-for-SVT-AV1/SVT_AV1_Workspace/data/encoded/meeting/a4_360p/TouchdownPass_640x360_2997__PSNR__p10__crf35__run1.ivf --preset 10 --crf 35 --tune 1 --lp 0 --progress 1,0,/home/od26udiz/Desktop/c/Tuning-Mode-Analysis-for-SVT-AV1/SVT_AV1_Workspace/logs/meeting/a4_360p/TouchdownPass_640x360_2997__PSNR__p10__crf35__run1.log
8b40aa6b228f50dcedad,2026-09-21T10:47:12.632320+00:00,meeting,ok,a4_360p,TouchdownPass_640x360_2997.y4m,/home/od26udiz/Desktop/c/Tuning-Mode-Analysis-for-SVT-AV1/SVT_AV1_Workspace/data/source/a4_360p/TouchdownPass_640x360_2997.y4m,720p_or_lower,640,360,29.97002997002997,8,420jpeg,44928844,dd98868ad8286eb0fb0b8c00827098a1,a76ae7ce3826362b5ab062fb3625573aba98f93afca82c471ebb61339ea80a93,PSNR,1,10,44,0,1,0,130,4.337666666666666,190,0.316631,683.955,134832128,128.586,/home/od26udiz/Desktop/c/Tuning-Mode-Analysis-for-SVT-AV1/SVT_AV1_Workspace/data/encoded/meeting/a4_360p/TouchdownPass_640x360_2997__PSNR__p10__crf44__run1.ivf,198460,366.0216706370553,5f8da492010d4f6a93f4a992e6996d91,943026b964f12356c45e917ca8d6fd3b0609457d1000ba469d5601bc85cfced9,/home/od26udiz/miniconda3/bin/SvtAv1EncApp -i /home/od26udiz/Desktop/c/Tuning-Mode-Analysis-for-SVT-AV1/SVT_AV1_Workspace/data/source/a4_360p/TouchdownPass_640x360_2997.y4m -b /home/od26udiz/Desktop/c/Tuning-Mode-Analysis-for-SVT-AV1/SVT_AV1_Workspace/data/encoded/meeting/a4_360p/TouchdownPass_640x360_2997__PSNR__p10__crf44__run1.ivf --preset 10 --crf 44 --tune 1 --lp 0 --progress 1,0,/home/od26udiz/Desktop/c/Tuning-Mode-Analysis-for-SVT-AV1/SVT_AV1_Workspace/logs/meeting/a4_360p/TouchdownPass_640x360_2997__PSNR__p10__crf44__run1.log
b80587fe2ca6b688ad8a,2026-09-21T10:47:12.982228+00:00,meeting,ok,a4_360p,TouchdownPass_640x360_2997.y4m,/home/od26udiz/Desktop/c/Tuning-Mode-Analysis-for-SVT-AV1/SVT_AV1_Workspace/data/source/a4_360p/TouchdownPass_640x360_2997.y4m,720p_or_lower,640,360,29.97002997002997,8,420jpeg,44928844,dd98868ad8286eb0fb0b8c00827098a1,a76ae7ce3826362b5ab062fb3625573aba98f93afca82c471ebb61339ea80a93,PSNR,1,10,52,0,1,0,130,4.337666666666666,198,0.334945,656.987,139071488,132.629,/home/od26udiz/Desktop/c/Tuning-Mode-Analysis-for-SVT-AV1/SVT_AV1_Workspace/data/encoded/meeting/a4_360p/TouchdownPass_640x360_2997__PSNR__p10__crf52__run1.ivf,110414,203.63759317605474,b11425ac532e47f83a5d828594dc5cf7,21bd05abac3ba68e24409e990ab01fe6ae5056d0117661af15cf27035a7de9bd,/home/od26udiz/miniconda3/bin/SvtAv1EncApp -i /home/od26udiz/Desktop/c/Tuning-Mode-Analysis-for-SVT-AV1/SVT_AV1_Workspace/data/source/a4_360p/TouchdownPass_640x360_2997.y4m -b /home/od26udiz/Desktop/c/Tuning-Mode-Analysis-for-SVT-AV1/SVT_AV1_Workspace/data/encoded/meeting/a4_360p/TouchdownPass_640x360_2997__PSNR__p10__crf52__run1.ivf --preset 10 --crf 52 --tune 1 --lp 0 --progress 1,0,/home/od26udiz/Desktop/c/Tuning-Mode-Analysis-for-SVT-AV1/SVT_AV1_Workspace/logs/meeting/a4_360p/TouchdownPass_640x360_2997__PSNR__p10__crf52__run1.log
33781d84484e2ddc7f2c,2026-09-21T10:47:13.332174+00:00,meeting,ok,a4_360p,TouchdownPass_640x360_2997.y4m,/home/od26udiz/Desktop/c/Tuning-Mode-Analysis-for-SVT-AV1/SVT_AV1_Workspace/data/source/a4_360p/TouchdownPass_640x360_2997.y4m,720p_or_lower,640,360,29.97002997002997,8,420jpeg,44928844,dd98868ad8286eb0fb0b8c00827098a1,a76ae7ce3826362b5ab062fb3625573aba98f93afca82c471ebb61339ea80a93,PSNR,1,10,60,0,1,0,130,4.337666666666666,187,0.336048,693.829,136638464,130.309,/home/od26udiz/Desktop/c/Tuning-Mode-Analysis-for-SVT-AV1/SVT_AV1_Workspace/data/encoded/meeting/a4_360p/TouchdownPass_640x360_2997__PSNR__p10__crf60__run1.ivf,48693,89.80496426650274,ebb7f6ab426805c4a34446779d9e9ad9,38baf6e2c14efdc336388e2a300e7f67289753d9c7257e18fe2d88b65edee4ec,/home/od26udiz/miniconda3/bin/SvtAv1EncApp -i /home/od26udiz/Desktop/c/Tuning-Mode-Analysis-for-SVT-AV1/SVT_AV1_Workspace/data/source/a4_360p/TouchdownPass_640x360_2997.y4m -b /home/od26udiz/Desktop/c/Tuning-Mode-Analysis-for-SVT-AV1/SVT_AV1_Workspace/data/encoded/meeting/a4_360p/TouchdownPass_640x360_2997__PSNR__p10__crf60__run1.ivf --preset 10 --crf 60 --tune 1 --lp 0 --progress 1,0,/home/od26udiz/Desktop/c/Tuning-Mode-Analysis-for-SVT-AV1/SVT_AV1_Workspace/logs/meeting/a4_360p/TouchdownPass_640x360_2997__PSNR__p10__crf60__run1.log
af2e90f510f38a174693,2026-09-21T10:47:21.387994+00:00,meeting,ok,a4_360p,TouchdownPass_640x360_2997.y4m,/home/od26udiz/Desktop/c/Tuning-Mode-Analysis-for-SVT-AV1/SVT_AV1_Workspace/data/source/a4_360p/TouchdownPass_640x360_2997.y4m,720p_or_lower,640,360,29.97002997002997,8,420jpeg,44928844,dd98868ad8286eb0fb0b8c00827098a1,a76ae7ce3826362b5ab062fb3625573aba98f93afca82c471ebb61339ea80a93,SSIM,2,1,18,0,1,0,130,4.337666666666666,7923,8.043091,16.409,328605696,313.383,/home/od26udiz/Desktop/c/Tuning-Mode-Analysis-for-SVT-AV1/SVT_AV1_Workspace/data/encoded/meeting/a4_360p/TouchdownPass_640x360_2997__SSIM__p1__crf18__run1.ivf,643832,1187.4254975793438,4a0f1885d83f0ede623f34a9b0b47153,f602766e71256cf81e6c2d1b3f001d4a0e92a357d742de81a7000bd1c17cff07,/home/od26udiz/miniconda3/bin/SvtAv1EncApp -i /home/od26udiz/Desktop/c/Tuning-Mode-Analysis-for-SVT-AV1/SVT_AV1_Workspace/data/source/a4_360p/TouchdownPass_640x360_2997.y4m -b /home/od26udiz/Desktop/c/Tuning-Mode-Analysis-for-SVT-AV1/SVT_AV1_Workspace/data/encoded/meeting/a4_360p/TouchdownPass_640x360_2997__SSIM__p1__crf18__run1.ivf --preset 1 --crf 18 --tune 2 --lp 0 --progress 1,0,/home/od26udiz/Desktop/c/Tuning-Mode-Analysis-for-SVT-AV1/SVT_AV1_Workspace/logs/meeting/a4_360p/TouchdownPass_640x360_2997__SSIM__p1__crf18__run1.log
09fdb066899330bbaefe,2026-09-21T10:47:29.974788+00:00,meeting,ok,a4_360p,TouchdownPass_640x360_2997.y4m,/home/od26udiz/Desktop/c/Tuning-Mode-Analysis-for-SVT-AV1/SVT_AV1_Workspace/data/source/a4_360p/TouchdownPass_640x360_2997.y4m,720p_or_lower,640,360,29.97002997002997,8,420jpeg,44928844,dd98868ad8286eb0fb0b8c00827098a1,a76ae7ce3826362b5ab062fb3625573aba98f93afca82c471ebb61339ea80a93,SSIM,2,1,26,0,1,0,130,4.337666666666666,8480,8.566961,15.33,331444224,316.09,/home/od26udiz/Desktop/c/Tuning-Mode-Analysis-for-SVT-AV1/SVT_AV1_Workspace/data/encoded/meeting/a4_360p/TouchdownPass_640x360_2997__SSIM__p1__crf26__run1.ivf,420222,775.0194420963653,6b616b77f1c83e2d80178f4234e59394,3099981e71921a9eafcee2a6d9af31396654be4eff0c2e083cd9cb8f61096c08,/home/od26udiz/miniconda3/bin/SvtAv1EncApp -i /home/od26udiz/Desktop/c/Tuning-Mode-Analysis-for-SVT-AV1/SVT_AV1_Workspace/data/source/a4_360p/TouchdownPass_640x360_2997.y4m -b /home/od26udiz/Desktop/c/Tuning-Mode-Analysis-for-SVT-AV1/SVT_AV1_Workspace/data/encoded/meeting/a4_360p/TouchdownPass_640x360_2997__SSIM__p1__crf26__run1.ivf --preset 1 --crf 26 --tune 2 --lp 0 --progress 1,0,/home/od26udiz/Desktop/c/Tuning-Mode-Analysis-for-SVT-AV1/SVT_AV1_Workspace/logs/meeting/a4_360p/TouchdownPass_640x360_2997__SSIM__p1__crf26__run1.log
873d7b4f0c125d9bb475,2026-09-21T10:47:38.855330+00:00,meeting,ok,a4_360p,TouchdownPass_640x360_2997.y4m,/home/od26udiz/Desktop/c/Tuning-Mode-Analysis-for-SVT-AV1/SVT_AV1_Workspace/data/source/a4_360p/TouchdownPass_640x360_2997.y4m,720p_or_lower,640,360,29.97002997002997,8,420jpeg,44928844,dd98868ad8286eb0fb0b8c00827098a1,a76ae7ce3826362b5ab062fb3625573aba98f93afca82c471ebb61339ea80a93,SSIM,2,1,35,0,1,0,130,4.337666666666666,8758,8.864895,14.843,343076864,327.184,/home/od26udiz/Desktop/c/Tuning-Mode-Analysis-for-SVT-AV1/SVT_AV1_Workspace/data/encoded/meeting/a4_360p/TouchdownPass_640x360_2997__SSIM__p1__crf35__run1.ivf,250909,462.7538615230923,00ae6337e60445238bb6b7350d16df1c,9dc98a0bdb653673e33cb34d098d55375499dd71c949b326b7a95f20a906954e,/home/od26udiz/miniconda3/bin/SvtAv1EncApp -i /home/od26udiz/Desktop/c/Tuning-Mode-Analysis-for-SVT-AV1/SVT_AV1_Workspace/data/source/a4_360p/TouchdownPass_640x360_2997.y4m -b /home/od26udiz/Desktop/c/Tuning-Mode-Analysis-for-SVT-AV1/SVT_AV1_Workspace/data/encoded/meeting/a4_360p/TouchdownPass_640x360_2997__SSIM__p1__crf35__run1.ivf --preset 1 --crf 35 --tune 2 --lp 0 --progress 1,0,/home/od26udiz/Desktop/c/Tuning-Mode-Analysis-for-SVT-AV1/SVT_AV1_Workspace/logs/meeting/a4_360p/TouchdownPass_640x360_2997__SSIM__p1__crf35__run1.log
e1ba16e44e90c2f3f1c5,2026-09-21T10:47:49.327011+00:00,meeting,ok,a4_360p,TouchdownPass_640x360_2997.y4m,/home/od26udiz/Desktop/c/Tuning-Mode-Analysis-for-SVT-AV1/SVT_AV1_Workspace/data/source/a4_360p/TouchdownPass_640x360_2997.y4m,720p_or_lower,640,360,29.97002997002997,8,420jpeg,44928844,dd98868ad8286eb0fb0b8c00827098a1,a76ae7ce3826362b5ab062fb3625573aba98f93afca82c471ebb61339ea80a93,SSIM,2,1,44,0,1,0,130,4.337666666666666,10266,10.456144,12.663,349736960,333.535,/home/od26udiz/Desktop/c/Tuning-Mode-Analysis-for-SVT-AV1/SVT_AV1_Workspace/data/encoded/meeting/a4_360p/TouchdownPass_640x360_2997__SSIM__p1__crf44__run1.ivf,156282,288.23238300161375,6a31282a1d630496242447e7637c3aa0,a17d6184842c81e5381d74bceeadeabd91e8f4622153fa89bba2487ce0d18152,/home/od26udiz/miniconda3/bin/SvtAv1EncApp -i /home/od26udiz/Desktop/c/Tuning-Mode-Analysis-for-SVT-AV1/SVT_AV1_Workspace/data/source/a4_360p/TouchdownPass_640x360_2997.y4m -b /home/od26udiz/Desktop/c/Tuning-Mode-Analysis-for-SVT-AV1/SVT_AV1_Workspace/data/encoded/meeting/a4_360p/TouchdownPass_640x360_2997__SSIM__p1__crf44__run1.ivf --preset 1 --crf 44 --tune 2 --lp 0 --progress 1,0,/home/od26udiz/Desktop/c/Tuning-Mode-Analysis-for-SVT-AV1/SVT_AV1_Workspace/logs/meeting/a4_360p/TouchdownPass_640x360_2997__SSIM__p1__crf44__run1.log
b2af475e9b2d6414113d,2026-09-21T10:48:01.651817+00:00,meeting,ok,a4_360p,TouchdownPass_640x360_2997.y4m,/home/od26udiz/Desktop/c/Tuning-Mode-Analysis-for-SVT-AV1/SVT_AV1_Workspace/data/source/a4_360p/TouchdownPass_640x360_2997.y4m,720p_or_lower,640,360,29.97002997002997,8,420jpeg,44928844,dd98868ad8286eb0fb0b8c00827098a1,a76ae7ce3826362b5ab062fb3625573aba98f93afca82c471ebb61339ea80a93,SSIM,2,1,52,0,1,0,130,4.337666666666666,12170,12.313078,10.682,364306432,347.43,/home/od26udiz/Desktop/c/Tuning-Mode-Analysis-for-SVT-AV1/SVT_AV1_Workspace/data/encoded/meeting/a4_360p/TouchdownPass_640x360_2997__SSIM__p1__crf52__run1.ivf,99789,184.04180434949666,6ab09ff6bed8d61dfc2adf98d68629f0,82e0ef4439f54817b56ee17ab5f9c5a26f36a14a8f94d2199ec50a10e83e396f,/home/od26udiz/miniconda3/bin/SvtAv1EncApp -i /home/od26udiz/Desktop/c/Tuning-Mode-Analysis-for-SVT-AV1/SVT_AV1_Workspace/data/source/a4_360p/TouchdownPass_640x360_2997.y4m -b /home/od26udiz/Desktop/c/Tuning-Mode-Analysis-for-SVT-AV1/SVT_AV1_Workspace/data/encoded/meeting/a4_360p/TouchdownPass_640x360_2997__SSIM__p1__crf52__run1.ivf --preset 1 --crf 52 --tune 2 --lp 0 --progress 1,0,/home/od26udiz/Desktop/c/Tuning-Mode-Analysis-for-SVT-AV1/SVT_AV1_Workspace/logs/meeting/a4_360p/TouchdownPass_640x360_2997__SSIM__p1__crf52__run1.log
a753f489006b3a03b3fd,2026-09-21T10:48:19.079829+00:00,meeting,ok,a4_360p,TouchdownPass_640x360_2997.y4m,/home/od26udiz/Desktop/c/Tuning-Mode-Analysis-for-SVT-AV1/SVT_AV1_Workspace/data/source/a4_360p/TouchdownPass_640x360_2997.y4m,720p_or_lower,640,360,29.97002997002997,8,420jpeg,44928844,dd98868ad8286eb0fb0b8c00827098a1,a76ae7ce3826362b5ab062fb3625573aba98f93afca82c471ebb61339ea80a93,SSIM,2,1,60,0,1,0,130,4.337666666666666,17271,17.415336,7.527,573661184,547.086,/home/od26udiz/Desktop/c/Tuning-Mode-Analysis-for-SVT-AV1/SVT_AV1_Workspace/data/encoded/meeting/a4_360p/TouchdownPass_640x360_2997__SSIM__p1__crf60__run1.ivf,49576,91.43348958733574,873264544542ed94fb278f19197270b0,5b3610dd35bd9764e4f5bb153b5d9535746c02c70abf1d90554f4168639e99f3,/home/od26udiz/miniconda3/bin/SvtAv1EncApp -i /home/od26udiz/Desktop/c/Tuning-Mode-Analysis-for-SVT-AV1/SVT_AV1_Workspace/data/source/a4_360p/TouchdownPass_640x360_2997.y4m -b /home/od26udiz/Desktop/c/Tuning-Mode-Analysis-for-SVT-AV1/SVT_AV1_Workspace/data/encoded/meeting/a4_360p/TouchdownPass_640x360_2997__SSIM__p1__crf60__run1.ivf --preset 1 --crf 60 --tune 2 --lp 0 --progress 1,0,/home/od26udiz/Desktop/c/Tuning-Mode-Analysis-for-SVT-AV1/SVT_AV1_Workspace/logs/meeting/a4_360p/TouchdownPass_640x360_2997__SSIM__p1__crf60__run1.log
0add7ad9bc986d63e7f3,2026-09-21T10:48:19.421732+00:00,meeting,ok,a4_360p,TouchdownPass_640x360_2997.y4m,/home/od26udiz/Desktop/c/Tuning-Mode-Analysis-for-SVT-AV1/SVT_AV1_Workspace/data/source/a4_360p/TouchdownPass_640x360_2997.y4m,720p_or_lower,640,360,29.97002997002997,8,420jpeg,44928844,dd98868ad8286eb0fb0b8c00827098a1,a76ae7ce3826362b5ab062fb3625573aba98f93afca82c471ebb61339ea80a93,SSIM,2,10,18,0,1,0,130,4.337666666666666,216,0.330939,600.87,144392192,137.703,/home/od26udiz/Desktop/c/Tuning-Mode-Analysis-for-SVT-AV1/SVT_AV1_Workspace/data/encoded/meeting/a4_360p/TouchdownPass_640x360_2997__SSIM__p10__crf18__run1.ivf,1227306,2263.532160147545,c3b8382ca815ff035fe9169cf0b9633d,c645ac278bf10c26c8c121e64ce57b13784bc6852b240efcbf12be70b0ee64cc,/home/od26udiz/miniconda3/bin/SvtAv1EncApp -i /home/od26udiz/Desktop/c/Tuning-Mode-Analysis-for-SVT-AV1/SVT_AV1_Workspace/data/source/a4_360p/TouchdownPass_640x360_2997.y4m -b /home/od26udiz/Desktop/c/Tuning-Mode-Analysis-for-SVT-AV1/SVT_AV1_Workspace/data/encoded/meeting/a4_360p/TouchdownPass_640x360_2997__SSIM__p10__crf18__run1.ivf --preset 10 --crf 18 --tune 2 --lp 0 --progress 1,0,/home/od26udiz/Desktop/c/Tuning-Mode-Analysis-for-SVT-AV1/SVT_AV1_Workspace/logs/meeting/a4_360p/TouchdownPass_640x360_2997__SSIM__p10__crf18__run1.log
ef4d3327abeb58ca470b,2026-09-21T10:48:19.758162+00:00,meeting,ok,a4_360p,TouchdownPass_640x360_2997.y4m,/home/od26udiz/Desktop/c/Tuning-Mode-Analysis-for-SVT-AV1/SVT_AV1_Workspace/data/source/a4_360p/TouchdownPass_640x360_2997.y4m,720p_or_lower,640,360,29.97002997002997,8,420jpeg,44928844,dd98868ad8286eb0fb0b8c00827098a1,a76ae7ce3826362b5ab062fb3625573aba98f93afca82c471ebb61339ea80a93,SSIM,2,10,26,0,1,0,130,4.337666666666666,206,0.31942,630.028,142979072,136.355,/home/od26udiz/Desktop/c/Tuning-Mode-Analysis-for-SVT-AV1/SVT_AV1_Workspace/data/encoded/meeting/a4_360p/TouchdownPass_640x360_2997__SSIM__p10__crf26__run1.ivf,737084,1359.4110504879736,17f5a6302f0857dc456573847a8bb71b,369c99b38513d5ff6cbbd98995cb11ab9bca454b9682a63859376c7f69e4ac2f,/home/od26udiz/miniconda3/bin/SvtAv1EncApp -i /home/od26udiz/Desktop/c/Tuning-Mode-Analysis-for-SVT-AV1/SVT_AV1_Workspace/data/source/a4_360p/TouchdownPass_640x360_2997.y4m -b /home/od26udiz/Desktop/c/Tuning-Mode-Analysis-for-SVT-AV1/SVT_AV1_Workspace/data/encoded/meeting/a4_360p/TouchdownPass_640x360_2997__SSIM__p10__crf26__run1.ivf --preset 10 --crf 26 --tune 2 --lp 0 --progress 1,0,/home/od26udiz/Desktop/c/Tuning-Mode-Analysis-for-SVT-AV1/SVT_AV1_Workspace/logs/meeting/a4_360p/TouchdownPass_640x360_2997__SSIM__p10__crf26__run1.log
3a0e9a496977a500831c,2026-09-21T10:48:20.112066+00:00,meeting,ok,a4_360p,TouchdownPass_640x360_2997.y4m,/home/od26udiz/Desktop/c/Tuning-Mode-Analysis-for-SVT-AV1/SVT_AV1_Workspace/data/source/a4_360p/TouchdownPass_640x360_2997.y4m,720p_or_lower,640,360,29.97002997002997,8,420jpeg,44928844,dd98868ad8286eb0fb0b8c00827098a1,a76ae7ce3826362b5ab062fb3625573aba98f93afca82c471ebb61339ea80a93,SSIM,2,10,35,0,1,0,130,4.337666666666666,186,0.332321,697.077,142123008,135.539,/home/od26udiz/Desktop/c/Tuning-Mode-Analysis-for-SVT-AV1/SVT_AV1_Workspace/data/encoded/meeting/a4_360p/TouchdownPass_640x360_2997__SSIM__p10__crf35__run1.ivf,359086,662.2657342657343,e802ea1ec25a54019a0165a201acb2d1,8d15a0440596609735ee204c04ebcb2f8904f9035c9b4df4dae566bf16de5580,/home/od26udiz/miniconda3/bin/SvtAv1EncApp -i /home/od26udiz/Desktop/c/Tuning-Mode-Analysis-for-SVT-AV1/SVT_AV1_Workspace/data/source/a4_360p/TouchdownPass_640x360_2997.y4m -b /home/od26udiz/Desktop/c/Tuning-Mode-Analysis-for-SVT-AV1/SVT_AV1_Workspace/data/encoded/meeting/a4_360p/TouchdownPass_640x360_2997__SSIM__p10__crf35__run1.ivf --preset 10 --crf 35 --tune 2 --lp 0 --progress 1,0,/home/od26udiz/Desktop/c/Tuning-Mode-Analysis-for-SVT-AV1/SVT_AV1_Workspace/logs/meeting/a4_360p/TouchdownPass_640x360_2997__SSIM__p10__crf35__run1.log
bfcc060181d5003285e1,2026-09-21T10:48:20.440319+00:00,meeting,ok,a4_360p,TouchdownPass_640x360_2997.y4m,/home/od26udiz/Desktop/c/Tuning-Mode-Analysis-for-SVT-AV1/SVT_AV1_Workspace/data/source/a4_360p/TouchdownPass_640x360_2997.y4m,720p_or_lower,640,360,29.97002997002997,8,420jpeg,44928844,dd98868ad8286eb0fb0b8c00827098a1,a76ae7ce3826362b5ab062fb3625573aba98f93afca82c471ebb61339ea80a93,SSIM,2,10,44,0,1,0,130,4.337666666666666,200,0.316795,648.641,142716928,136.105,/home/od26udiz/Desktop/c/Tuning-Mode-Analysis-for-SVT-AV1/SVT_AV1_Workspace/data/encoded/meeting/a4_360p/TouchdownPass_640x360_2997__SSIM__p10__crf44__run1.ivf,167395,308.72819488204107,c5e71a973fceca24c2c3ef0b615a7b2c,5e8ef7b2266590b8227fe2e62b13d23790ed38027005ffadc5cb73075931d6de,/home/od26udiz/miniconda3/bin/SvtAv1EncApp -i /home/od26udiz/Desktop/c/Tuning-Mode-Analysis-for-SVT-AV1/SVT_AV1_Workspace/data/source/a4_360p/TouchdownPass_640x360_2997.y4m -b /home/od26udiz/Desktop/c/Tuning-Mode-Analysis-for-SVT-AV1/SVT_AV1_Workspace/data/encoded/meeting/a4_360p/TouchdownPass_640x360_2997__SSIM__p10__crf44__run1.ivf --preset 10 --crf 44 --tune 2 --lp 0 --progress 1,0,/home/od26udiz/Desktop/c/Tuning-Mode-Analysis-for-SVT-AV1/SVT_AV1_Workspace/logs/meeting/a4_360p/TouchdownPass_640x360_2997__SSIM__p10__crf44__run1.log
6c69f5fbdfb7c13b85f0,2026-09-21T10:48:20.785004+00:00,meeting,ok,a4_360p,TouchdownPass_640x360_2997.y4m,/home/od26udiz/Desktop/c/Tuning-Mode-Analysis-for-SVT-AV1/SVT_AV1_Workspace/data/source/a4_360p/TouchdownPass_640x360_2997.y4m,720p_or_lower,640,360,29.97002997002997,8,420jpeg,44928844,dd98868ad8286eb0fb0b8c00827098a1,a76ae7ce3826362b5ab062fb3625573aba98f93afca82c471ebb61339ea80a93,SSIM,2,10,52,0,1,0,130,4.337666666666666,193,0.33416,672.231,142405632,135.809,/home/od26udiz/Desktop/c/Tuning-Mode-Analysis-for-SVT-AV1/SVT_AV1_Workspace/data/encoded/meeting/a4_360p/TouchdownPass_640x360_2997__SSIM__p10__crf52__run1.ivf,93411,172.27879812495198,1adcb2fcdb6a188646f782aaccb5d4d7,d9fb82a7fa449f654f694bb509cd950b5a6590934c55bc9a32eecd7ae21e239a,/home/od26udiz/miniconda3/bin/SvtAv1EncApp -i /home/od26udiz/Desktop/c/Tuning-Mode-Analysis-for-SVT-AV1/SVT_AV1_Workspace/data/source/a4_360p/TouchdownPass_640x360_2997.y4m -b /home/od26udiz/Desktop/c/Tuning-Mode-Analysis-for-SVT-AV1/SVT_AV1_Workspace/data/encoded/meeting/a4_360p/TouchdownPass_640x360_2997__SSIM__p10__crf52__run1.ivf --preset 10 --crf 52 --tune 2 --lp 0 --progress 1,0,/home/od26udiz/Desktop/c/Tuning-Mode-Analysis-for-SVT-AV1/SVT_AV1_Workspace/logs/meeting/a4_360p/TouchdownPass_640x360_2997__SSIM__p10__crf52__run1.log
d3bddbcf049bed9407a8,2026-09-21T10:48:21.132089+00:00,meeting,ok,a4_360p,TouchdownPass_640x360_2997.y4m,/home/od26udiz/Desktop/c/Tuning-Mode-Analysis-for-SVT-AV1/SVT_AV1_Workspace/data/source/a4_360p/TouchdownPass_640x360_2997.y4m,720p_or_lower,640,360,29.97002997002997,8,420jpeg,44928844,dd98868ad8286eb0fb0b8c00827098a1,a76ae7ce3826362b5ab062fb3625573aba98f93afca82c471ebb61339ea80a93,SSIM,2,10,60,0,1,0,130,4.337666666666666,182,0.334413,715.457,139804672,133.328,/home/od26udiz/Desktop/c/Tuning-Mode-Analysis-for-SVT-AV1/SVT_AV1_Workspace/data/encoded/meeting/a4_360p/TouchdownPass_640x360_2997__SSIM__p10__crf60__run1.ivf,41195,75.97633136094674,74a3300033f5f9310b073300015dc3b7,11d9ab68abc4d3a91ace0cdbec7b78738991744c0596080b167ebd9b98f504fe,/home/od26udiz/miniconda3/bin/SvtAv1EncApp -i /home/od26udiz/Desktop/c/Tuning-Mode-Analysis-for-SVT-AV1/SVT_AV1_Workspace/data/source/a4_360p/TouchdownPass_640x360_2997.y4m -b /home/od26udiz/Desktop/c/Tuning-Mode-Analysis-for-SVT-AV1/SVT_AV1_Workspace/data/encoded/meeting/a4_360p/TouchdownPass_640x360_2997__SSIM__p10__crf60__run1.ivf --preset 10 --crf 60 --tune 2 --lp 0 --progress 1,0,/home/od26udiz/Desktop/c/Tuning-Mode-Analysis-for-SVT-AV1/SVT_AV1_Workspace/logs/meeting/a4_360p/TouchdownPass_640x360_2997__SSIM__p10__crf60__run1.log
f30b4011517b01857eb9,2026-09-21T10:48:29.206013+00:00,meeting,ok,a4_360p,TouchdownPass_640x360_2997.y4m,/home/od26udiz/Desktop/c/Tuning-Mode-Analysis-for-SVT-AV1/SVT_AV1_Workspace/data/source/a4_360p/TouchdownPass_640x360_2997.y4m,720p_or_lower,640,360,29.97002997002997,8,420jpeg,44928844,dd98868ad8286eb0fb0b8c00827098a1,a76ae7ce3826362b5ab062fb3625573aba98f93afca82c471ebb61339ea80a93,MS_SSIM,4,1,18,0,1,0,130,4.337666666666666,7921,8.062093,16.413,331300864,315.953,/home/od26udiz/Desktop/c/Tuning-Mode-Analysis-for-SVT-AV1/SVT_AV1_Workspace/data/encoded/meeting/a4_360p/TouchdownPass_640x360_2997__MS_SSIM__p1__crf18__run1.ivf,1021462,1883.8921078921082,6e3c90d3931ebd128884ed141c87b941,f9400702766796e9c6afa6a8e93165c815f5e28cab6014e88916e459522e889b,/home/od26udiz/miniconda3/bin/SvtAv1EncApp -i /home/od26udiz/Desktop/c/Tuning-Mode-Analysis-for-SVT-AV1/SVT_AV1_Workspace/data/source/a4_360p/TouchdownPass_640x360_2997.y4m -b /home/od26udiz/Desktop/c/Tuning-Mode-Analysis-for-SVT-AV1/SVT_AV1_Workspace/data/encoded/meeting/a4_360p/TouchdownPass_640x360_2997__MS_SSIM__p1__crf18__run1.ivf --preset 1 --crf 18 --tune 4 --lp 0 --progress 1,0,/home/od26udiz/Desktop/c/Tuning-Mode-Analysis-for-SVT-AV1/SVT_AV1_Workspace/logs/meeting/a4_360p/TouchdownPass_640x360_2997__MS_SSIM__p1__crf18__run1.log
2d337732488ce4d4a34d,2026-09-21T10:48:37.887142+00:00,meeting,ok,a4_360p,TouchdownPass_640x360_2997.y4m,/home/od26udiz/Desktop/c/Tuning-Mode-Analysis-for-SVT-AV1/SVT_AV1_Workspace/data/source/a4_360p/TouchdownPass_640x360_2997.y4m,720p_or_lower,640,360,29.97002997002997,8,420jpeg,44928844,dd98868ad8286eb0fb0b8c00827098a1,a76ae7ce3826362b5ab062fb3625573aba98f93afca82c471ebb61339ea80a93,MS_SSIM,4,1,26,0,1,0,130,4.337666666666666,8544,8.66383,15.215,334311424,318.824,/home/od26udiz/Desktop/c/Tuning-Mode-Analysis-for-SVT-AV1/SVT_AV1_Workspace/data/encoded/meeting/a4_360p/TouchdownPass_640x360_2997__MS_SSIM__p1__crf26__run1.ivf,632645,1166.793206793207,647877b0697a4fa4022a9317e4757fbb,ff8094c55ec8d3a19f516845a38a07e0bc9fa4ad9632c1ae7f89fa435cda39f1,/home/od26udiz/miniconda3/bin/SvtAv1EncApp -i /home/od26udiz/Desktop/c/Tuning-Mode-Analysis-for-SVT-AV1/SVT_AV1_Workspace/data/source/a4_360p/TouchdownPass_640x360_2997.y4m -b /home/od26udiz/Desktop/c/Tuning-Mode-Analysis-for-SVT-AV1/SVT_AV1_Workspace/data/encoded/meeting/a4_360p/TouchdownPass_640x360_2997__MS_SSIM__p1__crf26__run1.ivf --preset 1 --crf 26 --tune 4 --lp 0 --progress 1,0,/home/od26udiz/Desktop/c/Tuning-Mode-Analysis-for-SVT-AV1/SVT_AV1_Workspace/logs/meeting/a4_360p/TouchdownPass_640x360_2997__MS_SSIM__p1__crf26__run1.log
000686c063712e218598,2026-09-21T10:48:47.007177+00:00,meeting,ok,a4_360p,TouchdownPass_640x360_2997.y4m,/home/od26udiz/Desktop/c/Tuning-Mode-Analysis-for-SVT-AV1/SVT_AV1_Workspace/data/source/a4_360p/TouchdownPass_640x360_2997.y4m,720p_or_lower,640,360,29.97002997002997,8,420jpeg,44928844,dd98868ad8286eb0fb0b8c00827098a1,a76ae7ce3826362b5ab062fb3625573aba98f93afca82c471ebb61339ea80a93,MS_SSIM,4,1,35,0,1,0,130,4.337666666666666,8945,9.100565,14.533,345169920,329.18,/home/od26udiz/Desktop/c/Tuning-Mode-Analysis-for-SVT-AV1/SVT_AV1_Workspace/data/encoded/meeting/a4_360p/TouchdownPass_640x360_2997__MS_SSIM__p1__crf35__run1.ivf,390484,720.173365096442,6a14fe84558b4d6170d8456f7c907030,bf1e56706e28141131ad03501d3e40b0b62be21da25b6c781d834149cbe42e06,/home/od26udiz/miniconda3/bin/SvtAv1EncApp -i /home/od26udiz/Desktop/c/Tuning-Mode-Analysis-for-SVT-AV1/SVT_AV1_Workspace/data/source/a4_360p/TouchdownPass_640x360_2997.y4m -b /home/od26udiz/Desktop/c/Tuning-Mode-Analysis-for-SVT-AV1/SVT_AV1_Workspace/data/encoded/meeting/a4_360p/TouchdownPass_640x360_2997__MS_SSIM__p1__crf35__run1.ivf --preset 1 --crf 35 --tune 4 --lp 0 --progress 1,0,/home/od26udiz/Desktop/c/Tuning-Mode-Analysis-for-SVT-AV1/SVT_AV1_Workspace/logs/meeting/a4_360p/TouchdownPass_640x360_2997__MS_SSIM__p1__crf35__run1.log
5905dc30cabb761ba902,2026-09-21T10:48:57.678051+00:00,meeting,ok,a4_360p,TouchdownPass_640x360_2997.y4m,/home/od26udiz/Desktop/c/Tuning-Mode-Analysis-for-SVT-AV1/SVT_AV1_Workspace/data/source/a4_360p/TouchdownPass_640x360_2997.y4m,720p_or_lower,640,360,29.97002997002997,8,420jpeg,44928844,dd98868ad8286eb0fb0b8c00827098a1,a76ae7ce3826362b5ab062fb3625573aba98f93afca82c471ebb61339ea80a93,MS_SSIM,4,1,44,0,1,0,130,4.337666666666666,10534,10.653575,12.341,360837120,344.121,/home/od26udiz/Desktop/c/Tuning-Mode-Analysis-for-SVT-AV1/SVT_AV1_Workspace/data/encoded/meeting/a4_360p/TouchdownPass_640x360_2997__MS_SSIM__p1__crf44__run1.ivf,244330,450.62014908168754,7e96bd2d66de9c0e86d3117a802cb0ca,42409abce32b6989b211433354747ee017d1e42d9774f8f18fa3405c62773de4,/home/od26udiz/miniconda3/bin/SvtAv1EncApp -i /home/od26udiz/Desktop/c/Tuning-Mode-Analysis-for-SVT-AV1/SVT_AV1_Workspace/data/source/a4_360p/TouchdownPass_640x360_2997.y4m -b /home/od26udiz/Desktop/c/Tuning-Mode-Analysis-for-SVT-AV1/SVT_AV1_Workspace/data/encoded/meeting/a4_360p/TouchdownPass_640x360_2997__MS_SSIM__p1__crf44__run1.ivf --preset 1 --crf 44 --tune 4 --lp 0 --progress 1,0,/home/od26udiz/Desktop/c/Tuning-Mode-Analysis-for-SVT-AV1/SVT_AV1_Workspace/logs/meeting/a4_360p/TouchdownPass_640x360_2997__MS_SSIM__p1__crf44__run1.log
eae341ed4e1242e44a97,2026-09-21T10:49:10.970130+00:00,meeting,ok,a4_360p,TouchdownPass_640x360_2997.y4m,/home/od26udiz/Desktop/c/Tuning-Mode-Analysis-for-SVT-AV1/SVT_AV1_Workspace/data/source/a4_360p/TouchdownPass_640x360_2997.y4m,720p_or_lower,640,360,29.97002997002997,8,420jpeg,44928844,dd98868ad8286eb0fb0b8c00827098a1,a76ae7ce3826362b5ab062fb3625573aba98f93afca82c471ebb61339ea80a93,MS_SSIM,4,1,52,0,1,0,130,4.337666666666666,13170,13.278055,9.871,364548096,347.66,/home/od26udiz/Desktop/c/Tuning-Mode-Analysis-for-SVT-AV1/SVT_AV1_Workspace/data/encoded/meeting/a4_360p/TouchdownPass_640x360_2997__MS_SSIM__p1__crf52__run1.ivf,159017,293.2765695842619,60f0ed4f8d7397427b81bb1f0e529ce9,e45838b9084ae2abba3c8400f2859cf8bf4a1f2df4060499a6c6052c0de9261a,/home/od26udiz/miniconda3/bin/SvtAv1EncApp -i /home/od26udiz/Desktop/c/Tuning-Mode-Analysis-for-SVT-AV1/SVT_AV1_Workspace/data/source/a4_360p/TouchdownPass_640x360_2997.y4m -b /home/od26udiz/Desktop/c/Tuning-Mode-Analysis-for-SVT-AV1/SVT_AV1_Workspace/data/encoded/meeting/a4_360p/TouchdownPass_640x360_2997__MS_SSIM__p1__crf52__run1.ivf --preset 1 --crf 52 --tune 4 --lp 0 --progress 1,0,/home/od26udiz/Desktop/c/Tuning-Mode-Analysis-for-SVT-AV1/SVT_AV1_Workspace/logs/meeting/a4_360p/TouchdownPass_640x360_2997__MS_SSIM__p1__crf52__run1.log
f0abe0b8afddefdade82,2026-09-21T10:49:24.257180+00:00,meeting,ok,a4_360p,TouchdownPass_640x360_2997.y4m,/home/od26udiz/Desktop/c/Tuning-Mode-Analysis-for-SVT-AV1/SVT_AV1_Workspace/data/source/a4_360p/TouchdownPass_640x360_2997.y4m,720p_or_lower,640,360,29.97002997002997,8,420jpeg,44928844,dd98868ad8286eb0fb0b8c00827098a1,a76ae7ce3826362b5ab062fb3625573aba98f93afca82c471ebb61339ea80a93,MS_SSIM,4,1,60,0,1,0,130,4.337666666666666,13167,13.27539,9.873,372903936,355.629,/home/od26udiz/Desktop/c/Tuning-Mode-Analysis-for-SVT-AV1/SVT_AV1_Workspace/data/encoded/meeting/a4_360p/TouchdownPass_640x360_2997__MS_SSIM__p1__crf60__run1.ivf,91025,167.87827557058327,d0f84196657152c9119ddb3db52cb185,473ca5ea9bac706b297a3d5c45ea22e1f2080909ef84cf6eaed0da2327180e8f,/home/od26udiz/miniconda3/bin/SvtAv1EncApp -i /home/od26udiz/Desktop/c/Tuning-Mode-Analysis-for-SVT-AV1/SVT_AV1_Workspace/data/source/a4_360p/TouchdownPass_640x360_2997.y4m -b /home/od26udiz/Desktop/c/Tuning-Mode-Analysis-for-SVT-AV1/SVT_AV1_Workspace/data/encoded/meeting/a4_360p/TouchdownPass_640x360_2997__MS_SSIM__p1__crf60__run1.ivf --preset 1 --crf 60 --tune 4 --lp 0 --progress 1,0,/home/od26udiz/Desktop/c/Tuning-Mode-Analysis-for-SVT-AV1/SVT_AV1_Workspace/logs/meeting/a4_360p/TouchdownPass_640x360_2997__MS_SSIM__p1__crf60__run1.log
814c0a4d17977b4eb60c,2026-09-21T10:49:24.706283+00:00,meeting,ok,a4_360p,TouchdownPass_640x360_2997.y4m,/home/od26udiz/Desktop/c/Tuning-Mode-Analysis-for-SVT-AV1/SVT_AV1_Workspace/data/source/a4_360p/TouchdownPass_640x360_2997.y4m,720p_or_lower,640,360,29.97002997002997,8,420jpeg,44928844,dd98868ad8286eb0fb0b8c00827098a1,a76ae7ce3826362b5ab062fb3625573aba98f93afca82c471ebb61339ea80a93,MS_SSIM,4,10,18,0,1,0,130,4.337666666666666,288,0.436926,452.087,145141760,138.418,/home/od26udiz/Desktop/c/Tuning-Mode-Analysis-for-SVT-AV1/SVT_AV1_Workspace/data/encoded/meeting/a4_360p/TouchdownPass_640x360_2997__MS_SSIM__p10__crf18__run1.ivf,1500758,2767.8622915545993,11bf5a352d23764d2ed7be2509bd0a42,cb4bea1c4febe6808da16b6541a56dcc066ec647a8e7f95c202808848b5ccf8d,/home/od26udiz/miniconda3/bin/SvtAv1EncApp -i /home/od26udiz/Desktop/c/Tuning-Mode-Analysis-for-SVT-AV1/SVT_AV1_Workspace/data/source/a4_360p/TouchdownPass_640x360_2997.y4m -b /home/od26udiz/Desktop/c/Tuning-Mode-Analysis-for-SVT-AV1/SVT_AV1_Workspace/data/encoded/meeting/a4_360p/TouchdownPass_640x360_2997__MS_SSIM__p10__crf18__run1.ivf --preset 10 --crf 18 --tune 4 --lp 0 --progress 1,0,/home/od26udiz/Desktop/c/Tuning-Mode-Analysis-for-SVT-AV1/SVT_AV1_Workspace/logs/meeting/a4_360p/TouchdownPass_640x360_2997__MS_SSIM__p10__crf18__run1.log
3a6925d45c754e9706a6,2026-09-21T10:49:25.174298+00:00,meeting,ok,a4_360p,TouchdownPass_640x360_2997.y4m,/home/od26udiz/Desktop/c/Tuning-Mode-Analysis-for-SVT-AV1/SVT_AV1_Workspace/data/source/a4_360p/TouchdownPass_640x360_2997.y4m,720p_or_lower,640,360,29.97002997002997,8,420jpeg,44928844,dd98868ad8286eb0fb0b8c00827098a1,a76ae7ce3826362b5ab062fb3625573aba98f93afca82c471ebb61339ea80a93,MS_SSIM,4,10,26,0,1,0,130,4.337666666666666,270,0.4363,482.015,142143488,135.559,/home/od26udiz/Desktop/c/Tuning-Mode-Analysis-for-SVT-AV1/SVT_AV1_Workspace/data/encoded/meeting/a4_360p/TouchdownPass_640x360_2997__MS_SSIM__p10__crf26__run1.ivf,908379,1675.332052562822,a34b9b9bc2d2b6f6b86527189fcd93c6,697be3fad91b8955b8c2b26967ffb26e829711023a8cf17468abe91b26cf5b42,/home/od26udiz/miniconda3/bin/SvtAv1EncApp -i /home/od26udiz/Desktop/c/Tuning-Mode-Analysis-for-SVT-AV1/SVT_AV1_Workspace/data/source/a4_360p/TouchdownPass_640x360_2997.y4m -b /home/od26udiz/Desktop/c/Tuning-Mode-Analysis-for-SVT-AV1/SVT_AV1_Workspace/data/encoded/meeting/a4_360p/TouchdownPass_640x360_2997__MS_SSIM__p10__crf26__run1.ivf --preset 10 --crf 26 --tune 4 --lp 0 --progress 1,0,/home/od26udiz/Desktop/c/Tuning-Mode-Analysis-for-SVT-AV1/SVT_AV1_Workspace/logs/meeting/a4_360p/TouchdownPass_640x360_2997__MS_SSIM__p10__crf26__run1.log
37beeaf81d6402ec520e,2026-09-21T10:49:25.636207+00:00,meeting,ok,a4_360p,TouchdownPass_640x360_2997.y4m,/home/od26udiz/Desktop/c/Tuning-Mode-Analysis-for-SVT-AV1/SVT_AV1_Workspace/data/source/a4_360p/TouchdownPass_640x360_2997.y4m,720p_or_lower,640,360,29.97002997002997,8,420jpeg,44928844,dd98868ad8286eb0fb0b8c00827098a1,a76ae7ce3826362b5ab062fb3625573aba98f93afca82c471ebb61339ea80a93,MS_SSIM,4,10,35,0,1,0,130,4.337666666666666,257,0.438224,506.008,142422016,135.824,/home/od26udiz/Desktop/c/Tuning-Mode-Analysis-for-SVT-AV1/SVT_AV1_Workspace/data/encoded/meeting/a4_360p/TouchdownPass_640x360_2997__MS_SSIM__p10__crf35__run1.ivf,489712,903.1805117958965,65b46c3a89c12414fd6f0a5b862f7715,cb96263547c334c5851e5fbd5ed5501b1df8fde616613df4ad78b5ff636f2279,/home/od26udiz/miniconda3/bin/SvtAv1EncApp -i /home/od26udiz/Desktop/c/Tuning-Mode-Analysis-for-SVT-AV1/SVT_AV1_Workspace/data/source/a4_360p/TouchdownPass_640x360_2997.y4m -b /home/od26udiz/Desktop/c/Tuning-Mode-Analysis-for-SVT-AV1/SVT_AV1_Workspace/data/encoded/meeting/a4_360p/TouchdownPass_640x360_2997__MS_SSIM__p10__crf35__run1.ivf --preset 10 --crf 35 --tune 4 --lp 0 --progress 1,0,/home/od26udiz/Desktop/c/Tuning-Mode-Analysis-for-SVT-AV1/SVT_AV1_Workspace/logs/meeting/a4_360p/TouchdownPass_640x360_2997__MS_SSIM__p10__crf35__run1.log
a94bda8cd1eebca7c927,2026-09-21T10:49:25.974223+00:00,meeting,ok,a4_360p,TouchdownPass_640x360_2997.y4m,/home/od26udiz/Desktop/c/Tuning-Mode-Analysis-for-SVT-AV1/SVT_AV1_Workspace/data/source/a4_360p/TouchdownPass_640x360_2997.y4m,720p_or_lower,640,360,29.97002997002997,8,420jpeg,44928844,dd98868ad8286eb0fb0b8c00827098a1,a76ae7ce3826362b5ab062fb3625573aba98f93afca82c471ebb61339ea80a93,MS_SSIM,4,10,44,0,1,0,130,4.337666666666666,248,0.326046,523.592,140709888,134.191,/home/od26udiz/Desktop/c/Tuning-Mode-Analysis-for-SVT-AV1/SVT_AV1_Workspace/data/encoded/meeting/a4_360p/TouchdownPass_640x360_2997__MS_SSIM__p10__crf44__run1.ivf,265045,488.82502113271346,1e751dd9e4e2ae3a5608639ce67ef3d0,dbbc8ff5d1b65c7fce359a7f71db711d65955ec372f36ab461b110e87a10564f,/home/od26udiz/miniconda3/bin/SvtAv1EncApp -i /home/od26udiz/Desktop/c/Tuning-Mode-Analysis-for-SVT-AV1/SVT_AV1_Workspace/data/source/a4_360p/TouchdownPass_640x360_2997.y4m -b /home/od26udiz/Desktop/c/Tuning-Mode-Analysis-for-SVT-AV1/SVT_AV1_Workspace/data/encoded/meeting/a4_360p/TouchdownPass_640x360_2997__MS_SSIM__p10__crf44__run1.ivf --preset 10 --crf 44 --tune 4 --lp 0 --progress 1,0,/home/od26udiz/Desktop/c/Tuning-Mode-Analysis-for-SVT-AV1/SVT_AV1_Workspace/logs/meeting/a4_360p/TouchdownPass_640x360_2997__MS_SSIM__p10__crf44__run1.log
a5c99e6a821be5087758,2026-09-21T10:49:26.300585+00:00,meeting,ok,a4_360p,TouchdownPass_640x360_2997.y4m,/home/od26udiz/Desktop/c/Tuning-Mode-Analysis-for-SVT-AV1/SVT_AV1_Workspace/data/source/a4_360p/TouchdownPass_640x360_2997.y4m,720p_or_lower,640,360,29.97002997002997,8,420jpeg,44928844,dd98868ad8286eb0fb0b8c00827098a1,a76ae7ce3826362b5ab062fb3625573aba98f93afca82c471ebb61339ea80a93,MS_SSIM,4,10,52,0,1,0,130,4.337666666666666,239,0.317808,542.949,141086720,134.551,/home/od26udiz/Desktop/c/Tuning-Mode-Analysis-for-SVT-AV1/SVT_AV1_Workspace/data/encoded/meeting/a4_360p/TouchdownPass_640x360_2997__MS_SSIM__p10__crf52__run1.ivf,163836,302.16429724122037,bb8167f93b6a8004bc2e24aa4576222a,2396cb324db323692f761ffacc54a74dd0011a411fb18500169d8d77dc2a2f56,/home/od26udiz/miniconda3/bin/SvtAv1EncApp -i /home/od26udiz/Desktop/c/Tuning-Mode-Analysis-for-SVT-AV1/SVT_AV1_Workspace/data/source/a4_360p/TouchdownPass_640x360_2997.y4m -b /home/od26udiz/Desktop/c/Tuning-Mode-Analysis-for-SVT-AV1/SVT_AV1_Workspace/data/encoded/meeting/a4_360p/TouchdownPass_640x360_2997__MS_SSIM__p10__crf52__run1.ivf --preset 10 --crf 52 --tune 4 --lp 0 --progress 1,0,/home/od26udiz/Desktop/c/Tuning-Mode-Analysis-for-SVT-AV1/SVT_AV1_Workspace/logs/meeting/a4_360p/TouchdownPass_640x360_2997__MS_SSIM__p10__crf52__run1.log
463ca21c89037697d0a5,2026-09-21T10:49:26.626310+00:00,meeting,ok,a4_360p,TouchdownPass_640x360_2997.y4m,/home/od26udiz/Desktop/c/Tuning-Mode-Analysis-for-SVT-AV1/SVT_AV1_Workspace/data/source/a4_360p/TouchdownPass_640x360_2997.y4m,720p_or_lower,640,360,29.97002997002997,8,420jpeg,44928844,dd98868ad8286eb0fb0b8c00827098a1,a76ae7ce3826362b5ab062fb3625573aba98f93afca82c471ebb61339ea80a93,MS_SSIM,4,10,60,0,1,0,130,4.337666666666666,205,0.317595,633.528,143392768,136.75,/home/od26udiz/Desktop/c/Tuning-Mode-Analysis-for-SVT-AV1/SVT_AV1_Workspace/data/encoded/meeting/a4_360p/TouchdownPass_640x360_2997__MS_SSIM__p10__crf60__run1.ivf,79198,146.0656266810113,4ddf394d6eac2989207cd11e5b733ecd,2d7d6b3de4e56ac8b68a90e3ea1a98b18e36911f59822bac4351751d6ddce883,/home/od26udiz/miniconda3/bin/SvtAv1EncApp -i /home/od26udiz/Desktop/c/Tuning-Mode-Analysis-for-SVT-AV1/SVT_AV1_Workspace/data/source/a4_360p/TouchdownPass_640x360_2997.y4m -b /home/od26udiz/Desktop/c/Tuning-Mode-Analysis-for-SVT-AV1/SVT_AV1_Workspace/data/encoded/meeting/a4_360p/TouchdownPass_640x360_2997__MS_SSIM__p10__crf60__run1.ivf --preset 10 --crf 60 --tune 4 --lp 0 --progress 1,0,/home/od26udiz/Desktop/c/Tuning-Mode-Analysis-for-SVT-AV1/SVT_AV1_Workspace/logs/meeting/a4_360p/TouchdownPass_640x360_2997__MS_SSIM__p10__crf60__run1.log
6de1d09d552cf8bbff83,2026-09-21T10:49:34.809768+00:00,meeting,ok,a4_360p,TouchdownPass_640x360_2997.y4m,/home/od26udiz/Desktop/c/Tuning-Mode-Analysis-for-SVT-AV1/SVT_AV1_Workspace/data/source/a4_360p/TouchdownPass_640x360_2997.y4m,720p_or_lower,640,360,29.97002997002997,8,420jpeg,44928844,dd98868ad8286eb0fb0b8c00827098a1,a76ae7ce3826362b5ab062fb3625573aba98f93afca82c471ebb61339ea80a93,VMAF,5,1,18,0,1,0,130,4.337666666666666,7999,8.173089,16.252,324419584,309.391,/home/od26udiz/Desktop/c/Tuning-Mode-Analysis-for-SVT-AV1/SVT_AV1_Workspace/data/encoded/meeting/a4_360p/TouchdownPass_640x360_2997__VMAF__p1__crf18__run1.ivf,750516,1384.1838161838161,492e6bb65a13e07d5a26ea4861beb327,7e2a8769f342748a60eb47c37809dda39f9a5289e7e0bb530366cec88eb395c3,/home/od26udiz/miniconda3/bin/SvtAv1EncApp -i /home/od26udiz/Desktop/c/Tuning-Mode-Analysis-for-SVT-AV1/SVT_AV1_Workspace/data/source/a4_360p/TouchdownPass_640x360_2997.y4m -b /home/od26udiz/Desktop/c/Tuning-Mode-Analysis-for-SVT-AV1/SVT_AV1_Workspace/data/encoded/meeting/a4_360p/TouchdownPass_640x360_2997__VMAF__p1__crf18__run1.ivf --preset 1 --crf 18 --tune 5 --lp 0 --progress 1,0,/home/od26udiz/Desktop/c/Tuning-Mode-Analysis-for-SVT-AV1/SVT_AV1_Workspace/logs/meeting/a4_360p/TouchdownPass_640x360_2997__VMAF__p1__crf18__run1.log
979f657c773f71f0ee9a,2026-09-21T10:49:43.493498+00:00,meeting,ok,a4_360p,TouchdownPass_640x360_2997.y4m,/home/od26udiz/Desktop/c/Tuning-Mode-Analysis-for-SVT-AV1/SVT_AV1_Workspace/data/source/a4_360p/TouchdownPass_640x360_2997.y4m,720p_or_lower,640,360,29.97002997002997,8,420jpeg,44928844,dd98868ad8286eb0fb0b8c00827098a1,a76ae7ce3826362b5ab062fb3625573aba98f93afca82c471ebb61339ea80a93,VMAF,5,1,26,0,1,0,130,4.337666666666666,8597,8.668887,15.122,337313792,321.688,/home/od26udiz/Desktop/c/Tuning-Mode-Analysis-for-SVT-AV1/SVT_AV1_Workspace/data/encoded/meeting/a4_360p/TouchdownPass_640x360_2997__VMAF__p1__crf26__run1.ivf,491986,907.374471682164,240a6b00c13f0d315d37d81d22812685,5d14a93ae1fe5b2312c7a3746f6953a5cd014d9bfb876259efab4dcc96137ea6,/home/od26udiz/miniconda3/bin/SvtAv1EncApp -i /home/od26udiz/Desktop/c/Tuning-Mode-Analysis-for-SVT-AV1/SVT_AV1_Workspace/data/source/a4_360p/TouchdownPass_640x360_2997.y4m -b /home/od26udiz/Desktop/c/Tuning-Mode-Analysis-for-SVT-AV1/SVT_AV1_Workspace/data/encoded/meeting/a4_360p/TouchdownPass_640x360_2997__VMAF__p1__crf26__run1.ivf --preset 1 --crf 26 --tune 5 --lp 0 --progress 1,0,/home/od26udiz/Desktop/c/Tuning-Mode-Analysis-for-SVT-AV1/SVT_AV1_Workspace/logs/meeting/a4_360p/TouchdownPass_640x360_2997__VMAF__p1__crf26__run1.log
9172cefcbf34d54b59e8,2026-09-21T10:49:52.492976+00:00,meeting,ok,a4_360p,TouchdownPass_640x360_2997.y4m,/home/od26udiz/Desktop/c/Tuning-Mode-Analysis-for-SVT-AV1/SVT_AV1_Workspace/data/source/a4_360p/TouchdownPass_640x360_2997.y4m,720p_or_lower,640,360,29.97002997002997,8,420jpeg,44928844,dd98868ad8286eb0fb0b8c00827098a1,a76ae7ce3826362b5ab062fb3625573aba98f93afca82c471ebb61339ea80a93,VMAF,5,1,35,0,1,0,130,4.337666666666666,8771,8.982402,14.821,339873792,324.129,/home/od26udiz/Desktop/c/Tuning-Mode-Analysis-for-SVT-AV1/SVT_AV1_Workspace/data/encoded/meeting/a4_360p/TouchdownPass_640x360_2997__VMAF__p1__crf35__run1.ivf,294345,542.8632905555984,6ef4b04cbaccdb2a3c93c773ac963a69,3f9687d39490cb8702152242a164b5a57761ba6c2a2e3c9bb9a1c5075dd84950,/home/od26udiz/miniconda3/bin/SvtAv1EncApp -i /home/od26udiz/Desktop/c/Tuning-Mode-Analysis-for-SVT-AV1/SVT_AV1_Workspace/data/source/a4_360p/TouchdownPass_640x360_2997.y4m -b /home/od26udiz/Desktop/c/Tuning-Mode-Analysis-for-SVT-AV1/SVT_AV1_Workspace/data/encoded/meeting/a4_360p/TouchdownPass_640x360_2997__VMAF__p1__crf35__run1.ivf --preset 1 --crf 35 --tune 5 --lp 0 --progress 1,0,/home/od26udiz/Desktop/c/Tuning-Mode-Analysis-for-SVT-AV1/SVT_AV1_Workspace/logs/meeting/a4_360p/TouchdownPass_640x360_2997__VMAF__p1__crf35__run1.log
13be55161be72805c77f,2026-09-21T10:50:02.840315+00:00,meeting,ok,a4_360p,TouchdownPass_640x360_2997.y4m,/home/od26udiz/Desktop/c/Tuning-Mode-Analysis-for-SVT-AV1/SVT_AV1_Workspace/data/source/a4_360p/TouchdownPass_640x360_2997.y4m,720p_or_lower,640,360,29.97002997002997,8,420jpeg,44928844,dd98868ad8286eb0fb0b8c00827098a1,a76ae7ce3826362b5ab062fb3625573aba98f93afca82c471ebb61339ea80a93,VMAF,5,1,44,0,1,0,130,4.337666666666666,10237,10.333788,12.699,357531648,340.969,/home/od26udiz/Desktop/c/Tuning-Mode-Analysis-for-SVT-AV1/SVT_AV1_Workspace/data/encoded/meeting/a4_360p/TouchdownPass_640x360_2997__VMAF__p1__crf44__run1.ivf,179758,331.5293936832399,65e2821b3e05df7ad3ca9b3c62f4efac,195f9f8ec0f296c327bbef8d2685735219cd6a4459335b762bae9ef327d59d35,/home/od26udiz/miniconda3/bin/SvtAv1EncApp -i /home/od26udiz/Desktop/c/Tuning-Mode-Analysis-for-SVT-AV1/SVT_AV1_Workspace/data/source/a4_360p/TouchdownPass_640x360_2997.y4m -b /home/od26udiz/Desktop/c/Tuning-Mode-Analysis-for-SVT-AV1/SVT_AV1_Workspace/data/encoded/meeting/a4_360p/TouchdownPass_640x360_2997__VMAF__p1__crf44__run1.ivf --preset 1 --crf 44 --tune 5 --lp 0 --progress 1,0,/home/od26udiz/Desktop/c/Tuning-Mode-Analysis-for-SVT-AV1/SVT_AV1_Workspace/logs/meeting/a4_360p/TouchdownPass_640x360_2997__VMAF__p1__crf44__run1.log
e17839cf4099fb10577f,2026-09-21T10:50:14.846832+00:00,meeting,ok,a4_360p,TouchdownPass_640x360_2997.y4m,/home/od26udiz/Desktop/c/Tuning-Mode-Analysis-for-SVT-AV1/SVT_AV1_Workspace/data/source/a4_360p/TouchdownPass_640x360_2997.y4m,720p_or_lower,640,360,29.97002997002997,8,420jpeg,44928844,dd98868ad8286eb0fb0b8c00827098a1,a76ae7ce3826362b5ab062fb3625573aba98f93afca82c471ebb61339ea80a93,VMAF,5,1,52,0,1,0,130,4.337666666666666,11857,11.99631,10.964,363134976,346.312,/home/od26udiz/Desktop/c/Tuning-Mode-Analysis-for-SVT-AV1/SVT_AV1_Workspace/data/encoded/meeting/a4_360p/TouchdownPass_640x360_2997__VMAF__p1__crf52__run1.ivf,114197,210.61461615307772,b8d3ccf5f9c13de67c5dc842ca2fa4e3,386dbeee8e7d05965b8d46de98a64f76b438f9c75043af1530b69d507422d6d6,/home/od26udiz/miniconda3/bin/SvtAv1EncApp -i /home/od26udiz/Desktop/c/Tuning-Mode-Analysis-for-SVT-AV1/SVT_AV1_Workspace/data/source/a4_360p/TouchdownPass_640x360_2997.y4m -b /home/od26udiz/Desktop/c/Tuning-Mode-Analysis-for-SVT-AV1/SVT_AV1_Workspace/data/encoded/meeting/a4_360p/TouchdownPass_640x360_2997__VMAF__p1__crf52__run1.ivf --preset 1 --crf 52 --tune 5 --lp 0 --progress 1,0,/home/od26udiz/Desktop/c/Tuning-Mode-Analysis-for-SVT-AV1/SVT_AV1_Workspace/logs/meeting/a4_360p/TouchdownPass_640x360_2997__VMAF__p1__crf52__run1.log
708ff11168cf40a6157a,2026-09-21T10:50:32.619122+00:00,meeting,ok,a4_360p,TouchdownPass_640x360_2997.y4m,/home/od26udiz/Desktop/c/Tuning-Mode-Analysis-for-SVT-AV1/SVT_AV1_Workspace/data/source/a4_360p/TouchdownPass_640x360_2997.y4m,720p_or_lower,640,360,29.97002997002997,8,420jpeg,44928844,dd98868ad8286eb0fb0b8c00827098a1,a76ae7ce3826362b5ab062fb3625573aba98f93afca82c471ebb61339ea80a93,VMAF,5,1,60,0,1,0,130,4.337666666666666,17544,17.75928,7.41,587202560,560.0,/home/od26udiz/Desktop/c/Tuning-Mode-Analysis-for-SVT-AV1/SVT_AV1_Workspace/data/encoded/meeting/a4_360p/TouchdownPass_640x360_2997__VMAF__p1__crf60__run1.ivf,56628,104.43956043956045,7e9e156615b8dd8a7660f0431586eef2,4870602b8a1af1499597dd5d70328fdf0e641a168cc5e50b71618f03eece430e,/home/od26udiz/miniconda3/bin/SvtAv1EncApp -i /home/od26udiz/Desktop/c/Tuning-Mode-Analysis-for-SVT-AV1/SVT_AV1_Workspace/data/source/a4_360p/TouchdownPass_640x360_2997.y4m -b /home/od26udiz/Desktop/c/Tuning-Mode-Analysis-for-SVT-AV1/SVT_AV1_Workspace/data/encoded/meeting/a4_360p/TouchdownPass_640x360_2997__VMAF__p1__crf60__run1.ivf --preset 1 --crf 60 --tune 5 --lp 0 --progress 1,0,/home/od26udiz/Desktop/c/Tuning-Mode-Analysis-for-SVT-AV1/SVT_AV1_Workspace/logs/meeting/a4_360p/TouchdownPass_640x360_2997__VMAF__p1__crf60__run1.log
ffb766f1e1da408349f1,2026-09-21T10:50:32.961849+00:00,meeting,ok,a4_360p,TouchdownPass_640x360_2997.y4m,/home/od26udiz/Desktop/c/Tuning-Mode-Analysis-for-SVT-AV1/SVT_AV1_Workspace/data/source/a4_360p/TouchdownPass_640x360_2997.y4m,720p_or_lower,640,360,29.97002997002997,8,420jpeg,44928844,dd98868ad8286eb0fb0b8c00827098a1,a76ae7ce3826362b5ab062fb3625573aba98f93afca82c471ebb61339ea80a93,VMAF,5,10,18,0,1,0,130,4.337666666666666,221,0.331859,587.653,143720448,137.062,/home/od26udiz/Desktop/c/Tuning-Mode-Analysis-for-SVT-AV1/SVT_AV1_Workspace/data/encoded/meeting/a4_360p/TouchdownPass_640x360_2997__VMAF__p10__crf18__run1.ivf,1365736,2518.8399293014677,ab32a10a763ae4d4679df6f5d478c749,3946d1eaaab51f0633d2aa7d72932b1ac84f0c971601e94e5b8205f3ab70de25,/home/od26udiz/miniconda3/bin/SvtAv1EncApp -i /home/od26udiz/Desktop/c/Tuning-Mode-Analysis-for-SVT-AV1/SVT_AV1_Workspace/data/source/a4_360p/TouchdownPass_640x360_2997.y4m -b /home/od26udiz/Desktop/c/Tuning-Mode-Analysis-for-SVT-AV1/SVT_AV1_Workspace/data/encoded/meeting/a4_360p/TouchdownPass_640x360_2997__VMAF__p10__crf18__run1.ivf --preset 10 --crf 18 --tune 5 --lp 0 --progress 1,0,/home/od26udiz/Desktop/c/Tuning-Mode-Analysis-for-SVT-AV1/SVT_AV1_Workspace/logs/meeting/a4_360p/TouchdownPass_640x360_2997__VMAF__p10__crf18__run1.log
78bc810ca958deb02d6f,2026-09-21T10:50:33.298360+00:00,meeting,ok,a4_360p,TouchdownPass_640x360_2997.y4m,/home/od26udiz/Desktop/c/Tuning-Mode-Analysis-for-SVT-AV1/SVT_AV1_Workspace/data/source/a4_360p/TouchdownPass_640x360_2997.y4m,720p_or_lower,640,360,29.97002997002997,8,420jpeg,44928844,dd98868ad8286eb0fb0b8c00827098a1,a76ae7ce3826362b5ab062fb3625573aba98f93afca82c471ebb61339ea80a93,VMAF,5,10,26,0,1,0,130,4.337666666666666,214,0.32099,606.247,144470016,137.777,/home/od26udiz/Desktop/c/Tuning-Mode-Analysis-for-SVT-AV1/SVT_AV1_Workspace/data/encoded/meeting/a4_360p/TouchdownPass_640x360_2997__VMAF__p10__crf26__run1.ivf,831565,1533.663259817106,60dd9f6c3217e586e0b48a6a0f96e92e,368b26c326ed29f2d7cd8d752734f5c11093b2d8eb7f076f191b95b6263236c1,/home/od26udiz/miniconda3/bin/SvtAv1EncApp -i /home/od26udiz/Desktop/c/Tuning-Mode-Analysis-for-SVT-AV1/SVT_AV1_Workspace/data/source/a4_360p/TouchdownPass_640x360_2997.y4m -b /home/od26udiz/Desktop/c/Tuning-Mode-Analysis-for-SVT-AV1/SVT_AV1_Workspace/data/encoded/meeting/a4_360p/TouchdownPass_640x360_2997__VMAF__p10__crf26__run1.ivf --preset 10 --crf 26 --tune 5 --lp 0 --progress 1,0,/home/od26udiz/Desktop/c/Tuning-Mode-Analysis-for-SVT-AV1/SVT_AV1_Workspace/logs/meeting/a4_360p/TouchdownPass_640x360_2997__VMAF__p10__crf26__run1.log
dab6c04e1a886242fb07,2026-09-21T10:50:33.630078+00:00,meeting,ok,a4_360p,TouchdownPass_640x360_2997.y4m,/home/od26udiz/Desktop/c/Tuning-Mode-Analysis-for-SVT-AV1/SVT_AV1_Workspace/data/source/a4_360p/TouchdownPass_640x360_2997.y4m,720p_or_lower,640,360,29.97002997002997,8,420jpeg,44928844,dd98868ad8286eb0fb0b8c00827098a1,a76ae7ce3826362b5ab062fb3625573aba98f93afca82c471ebb61339ea80a93,VMAF,5,10,35,0,1,0,130,4.337666666666666,192,0.318926,676.006,144560128,137.863,/home/od26udiz/Desktop/c/Tuning-Mode-Analysis-for-SVT-AV1/SVT_AV1_Workspace/data/encoded/meeting/a4_360p/TouchdownPass_640x360_2997__VMAF__p10__crf35__run1.ivf,422524,779.2650426496581,f8de7e506566be05bc63b5a0fce8260f,a8ae53d300493c1a8210217c99ec566c0b56414eee5ae4c1ac6ca257d0491f85,/home/od26udiz/miniconda3/bin/SvtAv1EncApp -i /home/od26udiz/Desktop/c/Tuning-Mode-Analysis-for-SVT-AV1/SVT_AV1_Workspace/data/source/a4_360p/TouchdownPass_640x360_2997.y4m -b /home/od26udiz/Desktop/c/Tuning-Mode-Analysis-for-SVT-AV1/SVT_AV1_Workspace/data/encoded/meeting/a4_360p/TouchdownPass_640x360_2997__VMAF__p10__crf35__run1.ivf --preset 10 --crf 35 --tune 5 --lp 0 --progress 1,0,/home/od26udiz/Desktop/c/Tuning-Mode-Analysis-for-SVT-AV1/SVT_AV1_Workspace/logs/meeting/a4_360p/TouchdownPass_640x360_2997__VMAF__p10__crf35__run1.log
1d3a38172c1c361d3aa1,2026-09-21T10:50:33.982181+00:00,meeting,ok,a4_360p,TouchdownPass_640x360_2997.y4m,/home/od26udiz/Desktop/c/Tuning-Mode-Analysis-for-SVT-AV1/SVT_AV1_Workspace/data/source/a4_360p/TouchdownPass_640x360_2997.y4m,720p_or_lower,640,360,29.97002997002997,8,420jpeg,44928844,dd98868ad8286eb0fb0b8c00827098a1,a76ae7ce3826362b5ab062fb3625573aba98f93afca82c471ebb61339ea80a93,VMAF,5,10,44,0,1,0,130,4.337666666666666,197,0.334877,658.818,141369344,134.82,/home/od26udiz/Desktop/c/Tuning-Mode-Analysis-for-SVT-AV1/SVT_AV1_Workspace/data/encoded/meeting/a4_360p/TouchdownPass_640x360_2997__VMAF__p10__crf44__run1.ivf,211193,389.50526396680243,920a9ef848f1a6aead56d5395648df28,e9df918ae0740f21a19eec1a23bba03d4694c2b1dea7f87687cdd4afbb6aa1a8,/home/od26udiz/miniconda3/bin/SvtAv1EncApp -i /home/od26udiz/Desktop/c/Tuning-Mode-Analysis-for-SVT-AV1/SVT_AV1_Workspace/data/source/a4_360p/TouchdownPass_640x360_2997.y4m -b /home/od26udiz/Desktop/c/Tuning-Mode-Analysis-for-SVT-AV1/SVT_AV1_Workspace/data/encoded/meeting/a4_360p/TouchdownPass_640x360_2997__VMAF__p10__crf44__run1.ivf --preset 10 --crf 44 --tune 5 --lp 0 --progress 1,0,/home/od26udiz/Desktop/c/Tuning-Mode-Analysis-for-SVT-AV1/SVT_AV1_Workspace/logs/meeting/a4_360p/TouchdownPass_640x360_2997__VMAF__p10__crf44__run1.log
79974e9b3b110e9fa584,2026-09-21T10:50:34.331388+00:00,meeting,ok,a4_360p,TouchdownPass_640x360_2997.y4m,/home/od26udiz/Desktop/c/Tuning-Mode-Analysis-for-SVT-AV1/SVT_AV1_Workspace/data/source/a4_360p/TouchdownPass_640x360_2997.y4m,720p_or_lower,640,360,29.97002997002997,8,420jpeg,44928844,dd98868ad8286eb0fb0b8c00827098a1,a76ae7ce3826362b5ab062fb3625573aba98f93afca82c471ebb61339ea80a93,VMAF,5,10,52,0,1,0,130,4.337666666666666,202,0.335042,644.758,140406784,133.902,/home/od26udiz/Desktop/c/Tuning-Mode-Analysis-for-SVT-AV1/SVT_AV1_Workspace/data/encoded/meeting/a4_360p/TouchdownPass_640x360_2997__VMAF__p10__crf52__run1.ivf,115669,213.32943979097828,58e2fa3b6441cda4c832ae9db548a78c,aea074b950602c206e2a109bc13d82f557126b63ba4eab85ceedbc0b795456e7,/home/od26udiz/miniconda3/bin/SvtAv1EncApp -i /home/od26udiz/Desktop/c/Tuning-Mode-Analysis-for-SVT-AV1/SVT_AV1_Workspace/data/source/a4_360p/TouchdownPass_640x360_2997.y4m -b /home/od26udiz/Desktop/c/Tuning-Mode-Analysis-for-SVT-AV1/SVT_AV1_Workspace/data/encoded/meeting/a4_360p/TouchdownPass_640x360_2997__VMAF__p10__crf52__run1.ivf --preset 10 --crf 52 --tune 5 --lp 0 --progress 1,0,/home/od26udiz/Desktop/c/Tuning-Mode-Analysis-for-SVT-AV1/SVT_AV1_Workspace/logs/meeting/a4_360p/TouchdownPass_640x360_2997__VMAF__p10__crf52__run1.log
df278c8e87b1b6ce082d,2026-09-21T10:50:34.658672+00:00,meeting,ok,a4_360p,TouchdownPass_640x360_2997.y4m,/home/od26udiz/Desktop/c/Tuning-Mode-Analysis-for-SVT-AV1/SVT_AV1_Workspace/data/source/a4_360p/TouchdownPass_640x360_2997.y4m,720p_or_lower,640,360,29.97002997002997,8,420jpeg,44928844,dd98868ad8286eb0fb0b8c00827098a1,a76ae7ce3826362b5ab062fb3625573aba98f93afca82c471ebb61339ea80a93,VMAF,5,10,60,0,1,0,130,4.337666666666666,187,0.319013,696.058,133402624,127.223,/home/od26udiz/Desktop/c/Tuning-Mode-Analysis-for-SVT-AV1/SVT_AV1_Workspace/data/encoded/meeting/a4_360p/TouchdownPass_640x360_2997__VMAF__p10__crf60__run1.ivf,50594,93.31099669561209,2a77e8f96724acb491144a1178218c22,9d93d38e94de58446e0c70b666dee04417a2940065261a38924852401c1ec962,/home/od26udiz/miniconda3/bin/SvtAv1EncApp -i /home/od26udiz/Desktop/c/Tuning-Mode-Analysis-for-SVT-AV1/SVT_AV1_Workspace/data/source/a4_360p/TouchdownPass_640x360_2997.y4m -b /home/od26udiz/Desktop/c/Tuning-Mode-Analysis-for-SVT-AV1/SVT_AV1_Workspace/data/encoded/meeting/a4_360p/TouchdownPass_640x360_2997__VMAF__p10__crf60__run1.ivf --preset 10 --crf 60 --tune 5 --lp 0 --progress 1,0,/home/od26udiz/Desktop/c/Tuning-Mode-Analysis-for-SVT-AV1/SVT_AV1_Workspace/logs/meeting/a4_360p/TouchdownPass_640x360_2997__VMAF__p10__crf60__run1.log
408482431f2fd17ccf71,2026-09-21T15:05:42.322212+00:00,confidence,ok,a4_360p,BlueSky_360p25.y4m,/home/od26udiz/Desktop/c/Tuning-Mode-Analysis-for-SVT-AV1/SVT_AV1_Workspace/data/source/a4_360p/BlueSky_360p25.y4m,720p_or_lower,640,360,25.0,8,420jpeg,44928838,b3ab86eb59559ede1c28dbcc9e7683ca,2c1e3f2e4eb9c92189d7dbcb606b562fa06eca0e9f373c1e59eaec190138c6eb,PSNR,1,1,26,0,1,1,130,5.2,13591,13.686456,9.565,295755776,282.055,/home/od26udiz/Desktop/c/Tuning-Mode-Analysis-for-SVT-AV1/SVT_AV1_Workspace/data/encoded/confidence/a4_360p/BlueSky_360p25__PSNR__p1__crf26__warmup1.ivf,556810,856.6307692307693,f51bd4f8d9c62a165294c36f5b8fb488,953c6e053d4af112d1ee6f1bfa1df59a3eac508c1b76bcd3ac96812913d3e3d8,/home/od26udiz/miniconda3/bin/SvtAv1EncApp -i /home/od26udiz/Desktop/c/Tuning-Mode-Analysis-for-SVT-AV1/SVT_AV1_Workspace/data/source/a4_360p/BlueSky_360p25.y4m -b /home/od26udiz/Desktop/c/Tuning-Mode-Analysis-for-SVT-AV1/SVT_AV1_Workspace/data/encoded/confidence/a4_360p/BlueSky_360p25__PSNR__p1__crf26__warmup1.ivf --preset 1 --crf 26 --tune 1 --lp 0 --progress 1,0,/home/od26udiz/Desktop/c/Tuning-Mode-Analysis-for-SVT-AV1/SVT_AV1_Workspace/logs/confidence/a4_360p/BlueSky_360p25__PSNR__p1__crf26__warmup1.log
d1905a873cac774316c4,2026-09-21T15:05:55.065305+00:00,confidence,ok,a4_360p,BlueSky_360p25.y4m,/home/od26udiz/Desktop/c/Tuning-Mode-Analysis-for-SVT-AV1/SVT_AV1_Workspace/data/source/a4_360p/BlueSky_360p25.y4m,720p_or_lower,640,360,25.0,8,420jpeg,44928838,b3ab86eb59559ede1c28dbcc9e7683ca,2c1e3f2e4eb9c92189d7dbcb606b562fa06eca0e9f373c1e59eaec190138c6eb,PSNR,1,1,26,0,1,0,130,5.2,12570,12.719114,10.342,303493120,289.434,/home/od26udiz/Desktop/c/Tuning-Mode-Analysis-for-SVT-AV1/SVT_AV1_Workspace/data/encoded/confidence/a4_360p/BlueSky_360p25__PSNR__p1__crf26__run1.ivf,556810,856.6307692307693,f51bd4f8d9c62a165294c36f5b8fb488,953c6e053d4af112d1ee6f1bfa1df59a3eac508c1b76bcd3ac96812913d3e3d8,/home/od26udiz/miniconda3/bin/SvtAv1EncApp -i /home/od26udiz/Desktop/c/Tuning-Mode-Analysis-for-SVT-AV1/SVT_AV1_Workspace/data/source/a4_360p/BlueSky_360p25.y4m -b /home/od26udiz/Desktop/c/Tuning-Mode-Analysis-for-SVT-AV1/SVT_AV1_Workspace/data/encoded/confidence/a4_360p/BlueSky_360p25__PSNR__p1__crf26__run1.ivf --preset 1 --crf 26 --tune 1 --lp 0 --progress 1,0,/home/od26udiz/Desktop/c/Tuning-Mode-Analysis-for-SVT-AV1/SVT_AV1_Workspace/logs/confidence/a4_360p/BlueSky_360p25__PSNR__p1__crf26__run1.log
b3dae79698fb2e22c24e,2026-09-21T15:06:06.671198+00:00,confidence,ok,a4_360p,BlueSky_360p25.y4m,/home/od26udiz/Desktop/c/Tuning-Mode-Analysis-for-SVT-AV1/SVT_AV1_Workspace/data/source/a4_360p/BlueSky_360p25.y4m,720p_or_lower,640,360,25.0,8,420jpeg,44928838,b3ab86eb59559ede1c28dbcc9e7683ca,2c1e3f2e4eb9c92189d7dbcb606b562fa06eca0e9f373c1e59eaec190138c6eb,PSNR,1,1,26,0,2,0,130,5.2,11453,11.586864,11.351,307695616,293.441,/home/od26udiz/Desktop/c/Tuning-Mode-Analysis-for-SVT-AV1/SVT_AV1_Workspace/data/encoded/confidence/a4_360p/BlueSky_360p25__PSNR__p1__crf26__run2.ivf,556810,856.6307692307693,f51bd4f8d9c62a165294c36f5b8fb488,953c6e053d4af112d1ee6f1bfa1df59a3eac508c1b76bcd3ac96812913d3e3d8,/home/od26udiz/miniconda3/bin/SvtAv1EncApp -i /home/od26udiz/Desktop/c/Tuning-Mode-Analysis-for-SVT-AV1/SVT_AV1_Workspace/data/source/a4_360p/BlueSky_360p25.y4m -b /home/od26udiz/Desktop/c/Tuning-Mode-Analysis-for-SVT-AV1/SVT_AV1_Workspace/data/encoded/confidence/a4_360p/BlueSky_360p25__PSNR__p1__crf26__run2.ivf --preset 1 --crf 26 --tune 1 --lp 0 --progress 1,0,/home/od26udiz/Desktop/c/Tuning-Mode-Analysis-for-SVT-AV1/SVT_AV1_Workspace/logs/confidence/a4_360p/BlueSky_360p25__PSNR__p1__crf26__run2.log
b2e9aeffaced8bf821ad,2026-09-21T15:06:18.266511+00:00,confidence,ok,a4_360p,BlueSky_360p25.y4m,/home/od26udiz/Desktop/c/Tuning-Mode-Analysis-for-SVT-AV1/SVT_AV1_Workspace/data/source/a4_360p/BlueSky_360p25.y4m,720p_or_lower,640,360,25.0,8,420jpeg,44928838,b3ab86eb59559ede1c28dbcc9e7683ca,2c1e3f2e4eb9c92189d7dbcb606b562fa06eca0e9f373c1e59eaec190138c6eb,PSNR,1,1,26,0,3,0,130,5.2,11443,11.580104,11.361,308842496,294.535,/home/od26udiz/Desktop/c/Tuning-Mode-Analysis-for-SVT-AV1/SVT_AV1_Workspace/data/encoded/confidence/a4_360p/BlueSky_360p25__PSNR__p1__crf26__run3.ivf,556810,856.6307692307693,f51bd4f8d9c62a165294c36f5b8fb488,953c6e053d4af112d1ee6f1bfa1df59a3eac508c1b76bcd3ac96812913d3e3d8,/home/od26udiz/miniconda3/bin/SvtAv1EncApp -i /home/od26udiz/Desktop/c/Tuning-Mode-Analysis-for-SVT-AV1/SVT_AV1_Workspace/data/source/a4_360p/BlueSky_360p25.y4m -b /home/od26udiz/Desktop/c/Tuning-Mode-Analysis-for-SVT-AV1/SVT_AV1_Workspace/data/encoded/confidence/a4_360p/BlueSky_360p25__PSNR__p1__crf26__run3.ivf --preset 1 --crf 26 --tune 1 --lp 0 --progress 1,0,/home/od26udiz/Desktop/c/Tuning-Mode-Analysis-for-SVT-AV1/SVT_AV1_Workspace/logs/confidence/a4_360p/BlueSky_360p25__PSNR__p1__crf26__run3.log
7e0243a7a266f9fed7c3,2026-09-21T15:06:29.856602+00:00,confidence,ok,a4_360p,BlueSky_360p25.y4m,/home/od26udiz/Desktop/c/Tuning-Mode-Analysis-for-SVT-AV1/SVT_AV1_Workspace/data/source/a4_360p/BlueSky_360p25.y4m,720p_or_lower,640,360,25.0,8,420jpeg,44928838,b3ab86eb59559ede1c28dbcc9e7683ca,2c1e3f2e4eb9c92189d7dbcb606b562fa06eca0e9f373c1e59eaec190138c6eb,PSNR,1,1,26,0,4,0,130,5.2,11413,11.573033,11.39,294064128,280.441,/home/od26udiz/Desktop/c/Tuning-Mode-Analysis-for-SVT-AV1/SVT_AV1_Workspace/data/encoded/confidence/a4_360p/BlueSky_360p25__PSNR__p1__crf26__run4.ivf,556810,856.6307692307693,f51bd4f8d9c62a165294c36f5b8fb488,953c6e053d4af112d1ee6f1bfa1df59a3eac508c1b76bcd3ac96812913d3e3d8,/home/od26udiz/miniconda3/bin/SvtAv1EncApp -i /home/od26udiz/Desktop/c/Tuning-Mode-Analysis-for-SVT-AV1/SVT_AV1_Workspace/data/source/a4_360p/BlueSky_360p25.y4m -b /home/od26udiz/Desktop/c/Tuning-Mode-Analysis-for-SVT-AV1/SVT_AV1_Workspace/data/encoded/confidence/a4_360p/BlueSky_360p25__PSNR__p1__crf26__run4.ivf --preset 1 --crf 26 --tune 1 --lp 0 --progress 1,0,/home/od26udiz/Desktop/c/Tuning-Mode-Analysis-for-SVT-AV1/SVT_AV1_Workspace/logs/confidence/a4_360p/BlueSky_360p25__PSNR__p1__crf26__run4.log
e348e8a9db8eb517ae6c,2026-09-21T15:06:41.486214+00:00,confidence,ok,a4_360p,BlueSky_360p25.y4m,/home/od26udiz/Desktop/c/Tuning-Mode-Analysis-for-SVT-AV1/SVT_AV1_Workspace/data/source/a4_360p/BlueSky_360p25.y4m,720p_or_lower,640,360,25.0,8,420jpeg,44928838,b3ab86eb59559ede1c28dbcc9e7683ca,2c1e3f2e4eb9c92189d7dbcb606b562fa06eca0e9f373c1e59eaec190138c6eb,PSNR,1,1,26,0,5,0,130,5.2,11505,11.610782,11.299,307085312,292.859,/home/od26udiz/Desktop/c/Tuning-Mode-Analysis-for-SVT-AV1/SVT_AV1_Workspace/data/encoded/confidence/a4_360p/BlueSky_360p25__PSNR__p1__crf26__run5.ivf,556810,856.6307692307693,f51bd4f8d9c62a165294c36f5b8fb488,953c6e053d4af112d1ee6f1bfa1df59a3eac508c1b76bcd3ac96812913d3e3d8,/home/od26udiz/miniconda3/bin/SvtAv1EncApp -i /home/od26udiz/Desktop/c/Tuning-Mode-Analysis-for-SVT-AV1/SVT_AV1_Workspace/data/source/a4_360p/BlueSky_360p25.y4m -b /home/od26udiz/Desktop/c/Tuning-Mode-Analysis-for-SVT-AV1/SVT_AV1_Workspace/data/encoded/confidence/a4_360p/BlueSky_360p25__PSNR__p1__crf26__run5.ivf --preset 1 --crf 26 --tune 1 --lp 0 --progress 1,0,/home/od26udiz/Desktop/c/Tuning-Mode-Analysis-for-SVT-AV1/SVT_AV1_Workspace/logs/confidence/a4_360p/BlueSky_360p25__PSNR__p1__crf26__run5.log
4bec2aeb4458cf1534f6,2026-09-21T15:06:53.033573+00:00,confidence,ok,a4_360p,BlueSky_360p25.y4m,/home/od26udiz/Desktop/c/Tuning-Mode-Analysis-for-SVT-AV1/SVT_AV1_Workspace/data/source/a4_360p/BlueSky_360p25.y4m,720p_or_lower,640,360,25.0,8,420jpeg,44928838,b3ab86eb59559ede1c28dbcc9e7683ca,2c1e3f2e4eb9c92189d7dbcb606b562fa06eca0e9f373c1e59eaec190138c6eb,PSNR,1,1,35,0,1,1,130,5.2,11456,11.534776,11.348,309010432,294.695,/home/od26udiz/Desktop/c/Tuning-Mode-Analysis-for-SVT-AV1/SVT_AV1_Workspace/data/encoded/confidence/a4_360p/BlueSky_360p25__PSNR__p1__crf35__warmup1.ivf,328194,504.9138461538461,3221a3e139f251772a02561868a2bc11,db571c149ae650ee9ea14d59facec128ea8e8405c2f226151c981ee98001b1be,/home/od26udiz/miniconda3/bin/SvtAv1EncApp -i /home/od26udiz/Desktop/c/Tuning-Mode-Analysis-for-SVT-AV1/SVT_AV1_Workspace/data/source/a4_360p/BlueSky_360p25.y4m -b /home/od26udiz/Desktop/c/Tuning-Mode-Analysis-for-SVT-AV1/SVT_AV1_Workspace/data/encoded/confidence/a4_360p/BlueSky_360p25__PSNR__p1__crf35__warmup1.ivf --preset 1 --crf 35 --tune 1 --lp 0 --progress 1,0,/home/od26udiz/Desktop/c/Tuning-Mode-Analysis-for-SVT-AV1/SVT_AV1_Workspace/logs/confidence/a4_360p/BlueSky_360p25__PSNR__p1__crf35__warmup1.log
10a8e7904c1a0a3c4368,2026-09-21T15:07:04.660101+00:00,confidence,ok,a4_360p,BlueSky_360p25.y4m,/home/od26udiz/Desktop/c/Tuning-Mode-Analysis-for-SVT-AV1/SVT_AV1_Workspace/data/source/a4_360p/BlueSky_360p25.y4m,720p_or_lower,640,360,25.0,8,420jpeg,44928838,b3ab86eb59559ede1c28dbcc9e7683ca,2c1e3f2e4eb9c92189d7dbcb606b562fa06eca0e9f373c1e59eaec190138c6eb,PSNR,1,1,35,0,1,0,130,5.2,11473,11.613558,11.331,317714432,302.996,/home/od26udiz/Desktop/c/Tuning-Mode-Analysis-for-SVT-AV1/SVT_AV1_Workspace/data/encoded/confidence/a4_360p/BlueSky_360p25__PSNR__p1__crf35__run1.ivf,328194,504.9138461538461,3221a3e139f251772a02561868a2bc11,db571c149ae650ee9ea14d59facec128ea8e8405c2f226151c981ee98001b1be,/home/od26udiz/miniconda3/bin/SvtAv1EncApp -i /home/od26udiz/Desktop/c/Tuning-Mode-Analysis-for-SVT-AV1/SVT_AV1_Workspace/data/source/a4_360p/BlueSky_360p25.y4m -b /home/od26udiz/Desktop/c/Tuning-Mode-Analysis-for-SVT-AV1/SVT_AV1_Workspace/data/encoded/confidence/a4_360p/BlueSky_360p25__PSNR__p1__crf35__run1.ivf --preset 1 --crf 35 --tune 1 --lp 0 --progress 1,0,/home/od26udiz/Desktop/c/Tuning-Mode-Analysis-for-SVT-AV1/SVT_AV1_Workspace/logs/confidence/a4_360p/BlueSky_360p25__PSNR__p1__crf35__run1.log
dc51c758e88c9fba4c89,2026-09-21T15:07:16.560789+00:00,confidence,ok,a4_360p,BlueSky_360p25.y4m,/home/od26udiz/Desktop/c/Tuning-Mode-Analysis-for-SVT-AV1/SVT_AV1_Workspace/data/source/a4_360p/BlueSky_360p25.y4m,720p_or_lower,640,360,25.0,8,420jpeg,44928838,b3ab86eb59559ede1c28dbcc9e7683ca,2c1e3f2e4eb9c92189d7dbcb606b562fa06eca0e9f373c1e59eaec190138c6eb,PSNR,1,1,35,0,2,0,130,5.2,11715,11.884476,11.096,304562176,290.453,/home/od26udiz/Desktop/c/Tuning-Mode-Analysis-for-SVT-AV1/SVT_AV1_Workspace/data/encoded/confidence/a4_360p/BlueSky_360p25__PSNR__p1__crf35__run2.ivf,328194,504.9138461538461,3221a3e139f251772a02561868a2bc11,db571c149ae650ee9ea14d59facec128ea8e8405c2f226151c981ee98001b1be,/home/od26udiz/miniconda3/bin/SvtAv1EncApp -i /home/od26udiz/Desktop/c/Tuning-Mode-Analysis-for-SVT-AV1/SVT_AV1_Workspace/data/source/a4_360p/BlueSky_360p25.y4m -b /home/od26udiz/Desktop/c/Tuning-Mode-Analysis-for-SVT-AV1/SVT_AV1_Workspace/data/encoded/confidence/a4_360p/BlueSky_360p25__PSNR__p1__crf35__run2.ivf --preset 1 --crf 35 --tune 1 --lp 0 --progress 1,0,/home/od26udiz/Desktop/c/Tuning-Mode-Analysis-for-SVT-AV1/SVT_AV1_Workspace/logs/confidence/a4_360p/BlueSky_360p25__PSNR__p1__crf35__run2.log
a835c584b5f17a9614ba,2026-09-21T15:07:28.215755+00:00,confidence,ok,a4_360p,BlueSky_360p25.y4m,/home/od26udiz/Desktop/c/Tuning-Mode-Analysis-for-SVT-AV1/SVT_AV1_Workspace/data/source/a4_360p/BlueSky_360p25.y4m,720p_or_lower,640,360,25.0,8,420jpeg,44928838,b3ab86eb59559ede1c28dbcc9e7683ca,2c1e3f2e4eb9c92189d7dbcb606b562fa06eca0e9f373c1e59eaec190138c6eb,PSNR,1,1,35,0,3,0,130,5.2,11460,11.63787,11.344,304705536,290.59,/home/od26udiz/Desktop/c/Tuning-Mode-Analysis-for-SVT-AV1/SVT_AV1_Workspace/data/encoded/confidence/a4_360p/BlueSky_360p25__PSNR__p1__crf35__run3.ivf,328194,504.9138461538461,3221a3e139f251772a02561868a2bc11,db571c149ae650ee9ea14d59facec128ea8e8405c2f226151c981ee98001b1be,/home/od26udiz/miniconda3/bin/SvtAv1EncApp -i /home/od26udiz/Desktop/c/Tuning-Mode-Analysis-for-SVT-AV1/SVT_AV1_Workspace/data/source/a4_360p/BlueSky_360p25.y4m -b /home/od26udiz/Desktop/c/Tuning-Mode-Analysis-for-SVT-AV1/SVT_AV1_Workspace/data/encoded/confidence/a4_360p/BlueSky_360p25__PSNR__p1__crf35__run3.ivf --preset 1 --crf 35 --tune 1 --lp 0 --progress 1,0,/home/od26udiz/Desktop/c/Tuning-Mode-Analysis-for-SVT-AV1/SVT_AV1_Workspace/logs/confidence/a4_360p/BlueSky_360p25__PSNR__p1__crf35__run3.log
9d2731d941f06d686018,2026-09-21T15:07:39.855221+00:00,confidence,ok,a4_360p,BlueSky_360p25.y4m,/home/od26udiz/Desktop/c/Tuning-Mode-Analysis-for-SVT-AV1/SVT_AV1_Workspace/data/source/a4_360p/BlueSky_360p25.y4m,720p_or_lower,640,360,25.0,8,420jpeg,44928838,b3ab86eb59559ede1c28dbcc9e7683ca,2c1e3f2e4eb9c92189d7dbcb606b562fa06eca0e9f373c1e59eaec190138c6eb,PSNR,1,1,35,0,4,0,130,5.2,11549,11.622515,11.256,297263104,283.492,/home/od26udiz/Desktop/c/Tuning-Mode-Analysis-for-SVT-AV1/SVT_AV1_Workspace/data/encoded/confidence/a4_360p/BlueSky_360p25__PSNR__p1__crf35__run4.ivf,328194,504.9138461538461,3221a3e139f251772a02561868a2bc11,db571c149ae650ee9ea14d59facec128ea8e8405c2f226151c981ee98001b1be,/home/od26udiz/miniconda3/bin/SvtAv1EncApp -i /home/od26udiz/Desktop/c/Tuning-Mode-Analysis-for-SVT-AV1/SVT_AV1_Workspace/data/source/a4_360p/BlueSky_360p25.y4m -b /home/od26udiz/Desktop/c/Tuning-Mode-Analysis-for-SVT-AV1/SVT_AV1_Workspace/data/encoded/confidence/a4_360p/BlueSky_360p25__PSNR__p1__crf35__run4.ivf --preset 1 --crf 35 --tune 1 --lp 0 --progress 1,0,/home/od26udiz/Desktop/c/Tuning-Mode-Analysis-for-SVT-AV1/SVT_AV1_Workspace/logs/confidence/a4_360p/BlueSky_360p25__PSNR__p1__crf35__run4.log
15e36dfb01eebb558cb7,2026-09-21T15:07:51.461925+00:00,confidence,ok,a4_360p,BlueSky_360p25.y4m,/home/od26udiz/Desktop/c/Tuning-Mode-Analysis-for-SVT-AV1/SVT_AV1_Workspace/data/source/a4_360p/BlueSky_360p25.y4m,720p_or_lower,640,360,25.0,8,420jpeg,44928838,b3ab86eb59559ede1c28dbcc9e7683ca,2c1e3f2e4eb9c92189d7dbcb606b562fa06eca0e9f373c1e59eaec190138c6eb,PSNR,1,1,35,0,5,0,130,5.2,11450,11.591493,11.353,299446272,285.574,/home/od26udiz/Desktop/c/Tuning-Mode-Analysis-for-SVT-AV1/SVT_AV1_Workspace/data/encoded/confidence/a4_360p/BlueSky_360p25__PSNR__p1__crf35__run5.ivf,328194,504.9138461538461,3221a3e139f251772a02561868a2bc11,db571c149ae650ee9ea14d59facec128ea8e8405c2f226151c981ee98001b1be,/home/od26udiz/miniconda3/bin/SvtAv1EncApp -i /home/od26udiz/Desktop/c/Tuning-Mode-Analysis-for-SVT-AV1/SVT_AV1_Workspace/data/source/a4_360p/BlueSky_360p25.y4m -b /home/od26udiz/Desktop/c/Tuning-Mode-Analysis-for-SVT-AV1/SVT_AV1_Workspace/data/encoded/confidence/a4_360p/BlueSky_360p25__PSNR__p1__crf35__run5.ivf --preset 1 --crf 35 --tune 1 --lp 0 --progress 1,0,/home/od26udiz/Desktop/c/Tuning-Mode-Analysis-for-SVT-AV1/SVT_AV1_Workspace/logs/confidence/a4_360p/BlueSky_360p25__PSNR__p1__crf35__run5.log
ca61933b5669ccf81135,2026-09-21T15:08:03.634235+00:00,confidence,ok,a4_360p,BlueSky_360p25.y4m,/home/od26udiz/Desktop/c/Tuning-Mode-Analysis-for-SVT-AV1/SVT_AV1_Workspace/data/source/a4_360p/BlueSky_360p25.y4m,720p_or_lower,640,360,25.0,8,420jpeg,44928838,b3ab86eb59559ede1c28dbcc9e7683ca,2c1e3f2e4eb9c92189d7dbcb606b562fa06eca0e9f373c1e59eaec190138c6eb,PSNR,1,1,44,0,1,1,130,5.2,11982,12.153588,10.85,311566336,297.133,/home/od26udiz/Desktop/c/Tuning-Mode-Analysis-for-SVT-AV1/SVT_AV1_Workspace/data/encoded/confidence/a4_360p/BlueSky_360p25__PSNR__p1__crf44__warmup1.ivf,200405,308.31538461538463,afa4b3a19dab0a30c0f4c67d8f5cb674,88dcb520e961b3a1e5d93f515c446a8c84921441a8199199ac186889b178ffc7,/home/od26udiz/miniconda3/bin/SvtAv1EncApp -i /home/od26udiz/Desktop/c/Tuning-Mode-Analysis-for-SVT-AV1/SVT_AV1_Workspace/data/source/a4_360p/BlueSky_360p25.y4m -b /home/od26udiz/Desktop/c/Tuning-Mode-Analysis-for-SVT-AV1/SVT_AV1_Workspace/data/encoded/confidence/a4_360p/BlueSky_360p25__PSNR__p1__crf44__warmup1.ivf --preset 1 --crf 44 --tune 1 --lp 0 --progress 1,0,/home/od26udiz/Desktop/c/Tuning-Mode-Analysis-for-SVT-AV1/SVT_AV1_Workspace/logs/confidence/a4_360p/BlueSky_360p25__PSNR__p1__crf44__warmup1.log
12849ae12fae750b273e,2026-09-21T15:08:15.729242+00:00,confidence,ok,a4_360p,BlueSky_360p25.y4m,/home/od26udiz/Desktop/c/Tuning-Mode-Analysis-for-SVT-AV1/SVT_AV1_Workspace/data/source/a4_360p/BlueSky_360p25.y4m,720p_or_lower,640,360,25.0,8,420jpeg,44928838,b3ab86eb59559ede1c28dbcc9e7683ca,2c1e3f2e4eb9c92189d7dbcb606b562fa06eca0e9f373c1e59eaec190138c6eb,PSNR,1,1,44,0,1,0,130,5.2,11998,12.079687,10.835,298065920,284.258,/home/od26udiz/Desktop/c/Tuning-Mode-Analysis-for-SVT-AV1/SVT_AV1_Workspace/data/encoded/confidence/a4_360p/BlueSky_360p25__PSNR__p1__crf44__run1.ivf,200405,308.31538461538463,afa4b3a19dab0a30c0f4c67d8f5cb674,88dcb520e961b3a1e5d93f515c446a8c84921441a8199199ac186889b178ffc7,/home/od26udiz/miniconda3/bin/SvtAv1EncApp -i /home/od26udiz/Desktop/c/Tuning-Mode-Analysis-for-SVT-AV1/SVT_AV1_Workspace/data/source/a4_360p/BlueSky_360p25.y4m -b /home/od26udiz/Desktop/c/Tuning-Mode-Analysis-for-SVT-AV1/SVT_AV1_Workspace/data/encoded/confidence/a4_360p/BlueSky_360p25__PSNR__p1__crf44__run1.ivf --preset 1 --crf 44 --tune 1 --lp 0 --progress 1,0,/home/od26udiz/Desktop/c/Tuning-Mode-Analysis-for-SVT-AV1/SVT_AV1_Workspace/logs/confidence/a4_360p/BlueSky_360p25__PSNR__p1__crf44__run1.log
d50c0c3eaab0dc92e80f,2026-09-21T15:08:28.304515+00:00,confidence,ok,a4_360p,BlueSky_360p25.y4m,/home/od26udiz/Desktop/c/Tuning-Mode-Analysis-for-SVT-AV1/SVT_AV1_Workspace/data/source/a4_360p/BlueSky_360p25.y4m,720p_or_lower,640,360,25.0,8,420jpeg,44928838,b3ab86eb59559ede1c28dbcc9e7683ca,2c1e3f2e4eb9c92189d7dbcb606b562fa06eca0e9f373c1e59eaec190138c6eb,PSNR,1,1,44,0,2,0,130,5.2,12385,12.565762,10.496,305971200,291.797,/home/od26udiz/Desktop/c/Tuning-Mode-Analysis-for-SVT-AV1/SVT_AV1_Workspace/data/encoded/confidence/a4_360p/BlueSky_360p25__PSNR__p1__crf44__run2.ivf,200405,308.31538461538463,afa4b3a19dab0a30c0f4c67d8f5cb674,88dcb520e961b3a1e5d93f515c446a8c84921441a8199199ac186889b178ffc7,/home/od26udiz/miniconda3/bin/SvtAv1EncApp -i /home/od26udiz/Desktop/c/Tuning-Mode-Analysis-for-SVT-AV1/SVT_AV1_Workspace/data/source/a4_360p/BlueSky_360p25.y4m -b /home/od26udiz/Desktop/c/Tuning-Mode-Analysis-for-SVT-AV1/SVT_AV1_Workspace/data/encoded/confidence/a4_360p/BlueSky_360p25__PSNR__p1__crf44__run2.ivf --preset 1 --crf 44 --tune 1 --lp 0 --progress 1,0,/home/od26udiz/Desktop/c/Tuning-Mode-Analysis-for-SVT-AV1/SVT_AV1_Workspace/logs/confidence/a4_360p/BlueSky_360p25__PSNR__p1__crf44__run2.log
c17d290a3e056597df2b,2026-09-21T15:08:40.491765+00:00,confidence,ok,a4_360p,BlueSky_360p25.y4m,/home/od26udiz/Desktop/c/Tuning-Mode-Analysis-for-SVT-AV1/SVT_AV1_Workspace/data/source/a4_360p/BlueSky_360p25.y4m,720p_or_lower,640,360,25.0,8,420jpeg,44928838,b3ab86eb59559ede1c28dbcc9e7683ca,2c1e3f2e4eb9c92189d7dbcb606b562fa06eca0e9f373c1e59eaec190138c6eb,PSNR,1,1,44,0,3,0,130,5.2,12036,12.173848,10.801,311975936,297.523,/home/od26udiz/Desktop/c/Tuning-Mode-Analysis-for-SVT-AV1/SVT_AV1_Workspace/data/encoded/confidence/a4_360p/BlueSky_360p25__PSNR__p1__crf44__run3.ivf,200405,308.31538461538463,afa4b3a19dab0a30c0f4c67d8f5cb674,88dcb520e961b3a1e5d93f515c446a8c84921441a8199199ac186889b178ffc7,/home/od26udiz/miniconda3/bin/SvtAv1EncApp -i /home/od26udiz/Desktop/c/Tuning-Mode-Analysis-for-SVT-AV1/SVT_AV1_Workspace/data/source/a4_360p/BlueSky_360p25.y4m -b /home/od26udiz/Desktop/c/Tuning-Mode-Analysis-for-SVT-AV1/SVT_AV1_Workspace/data/encoded/confidence/a4_360p/BlueSky_360p25__PSNR__p1__crf44__run3.ivf --preset 1 --crf 44 --tune 1 --lp 0 --progress 1,0,/home/od26udiz/Desktop/c/Tuning-Mode-Analysis-for-SVT-AV1/SVT_AV1_Workspace/logs/confidence/a4_360p/BlueSky_360p25__PSNR__p1__crf44__run3.log
c84f2d9b8c58ecb30151,2026-09-21T15:08:52.645597+00:00,confidence,ok,a4_360p,BlueSky_360p25.y4m,/home/od26udiz/Desktop/c/Tuning-Mode-Analysis-for-SVT-AV1/SVT_AV1_Workspace/data/source/a4_360p/BlueSky_360p25.y4m,720p_or_lower,640,360,25.0,8,420jpeg,44928838,b3ab86eb59559ede1c28dbcc9e7683ca,2c1e3f2e4eb9c92189d7dbcb606b562fa06eca0e9f373c1e59eaec190138c6eb,PSNR,1,1,44,0,4,0,130,5.2,11956,12.137169,10.874,298606592,284.773,/home/od26udiz/Desktop/c/Tuning-Mode-Analysis-for-SVT-AV1/SVT_AV1_Workspace/data/encoded/confidence/a4_360p/BlueSky_360p25__PSNR__p1__crf44__run4.ivf,200405,308.31538461538463,afa4b3a19dab0a30c0f4c67d8f5cb674,88dcb520e961b3a1e5d93f515c446a8c84921441a8199199ac186889b178ffc7,/home/od26udiz/miniconda3/bin/SvtAv1EncApp -i /home/od26udiz/Desktop/c/Tuning-Mode-Analysis-for-SVT-AV1/SVT_AV1_Workspace/data/source/a4_360p/BlueSky_360p25.y4m -b /home/od26udiz/Desktop/c/Tuning-Mode-Analysis-for-SVT-AV1/SVT_AV1_Workspace/data/encoded/confidence/a4_360p/BlueSky_360p25__PSNR__p1__crf44__run4.ivf --preset 1 --crf 44 --tune 1 --lp 0 --progress 1,0,/home/od26udiz/Desktop/c/Tuning-Mode-Analysis-for-SVT-AV1/SVT_AV1_Workspace/logs/confidence/a4_360p/BlueSky_360p25__PSNR__p1__crf44__run4.log
5115fd2e7286b1abbb9f,2026-09-21T15:09:05.079376+00:00,confidence,ok,a4_360p,BlueSky_360p25.y4m,/home/od26udiz/Desktop/c/Tuning-Mode-Analysis-for-SVT-AV1/SVT_AV1_Workspace/data/source/a4_360p/BlueSky_360p25.y4m,720p_or_lower,640,360,25.0,8,420jpeg,44928838,b3ab86eb59559ede1c28dbcc9e7683ca,2c1e3f2e4eb9c92189d7dbcb606b562fa06eca0e9f373c1e59eaec190138c6eb,PSNR,1,1,44,0,5,0,130,5.2,12281,12.416538,10.585,300056576,286.156,/home/od26udiz/Desktop/c/Tuning-Mode-Analysis-for-SVT-AV1/SVT_AV1_Workspace/data/encoded/confidence/a4_360p/BlueSky_360p25__PSNR__p1__crf44__run5.ivf,200405,308.31538461538463,afa4b3a19dab0a30c0f4c67d8f5cb674,88dcb520e961b3a1e5d93f515c446a8c84921441a8199199ac186889b178ffc7,/home/od26udiz/miniconda3/bin/SvtAv1EncApp -i /home/od26udiz/Desktop/c/Tuning-Mode-Analysis-for-SVT-AV1/SVT_AV1_Workspace/data/source/a4_360p/BlueSky_360p25.y4m -b /home/od26udiz/Desktop/c/Tuning-Mode-Analysis-for-SVT-AV1/SVT_AV1_Workspace/data/encoded/confidence/a4_360p/BlueSky_360p25__PSNR__p1__crf44__run5.ivf --preset 1 --crf 44 --tune 1 --lp 0 --progress 1,0,/home/od26udiz/Desktop/c/Tuning-Mode-Analysis-for-SVT-AV1/SVT_AV1_Workspace/logs/confidence/a4_360p/BlueSky_360p25__PSNR__p1__crf44__run5.log
85181f1e475c924fc959,2026-09-21T15:09:05.417299+00:00,confidence,ok,a4_360p,BlueSky_360p25.y4m,/home/od26udiz/Desktop/c/Tuning-Mode-Analysis-for-SVT-AV1/SVT_AV1_Workspace/data/source/a4_360p/BlueSky_360p25.y4m,720p_or_lower,640,360,25.0,8,420jpeg,44928838,b3ab86eb59559ede1c28dbcc9e7683ca,2c1e3f2e4eb9c92189d7dbcb606b562fa06eca0e9f373c1e59eaec190138c6eb,PSNR,1,10,26,0,1,1,130,5.2,271,0.32384,480.453,137900032,131.512,/home/od26udiz/Desktop/c/Tuning-Mode-Analysis-for-SVT-AV1/SVT_AV1_Workspace/data/encoded/confidence/a4_360p/BlueSky_360p25__PSNR__p10__crf26__warmup1.ivf,929438,1429.9046153846152,612f161c013785a1272647eb92a477bf,23961084ed3b64e1d3061e66f9c0711e9e0d11264de4e896d746ca70c702b9ce,/home/od26udiz/miniconda3/bin/SvtAv1EncApp -i /home/od26udiz/Desktop/c/Tuning-Mode-Analysis-for-SVT-AV1/SVT_AV1_Workspace/data/source/a4_360p/BlueSky_360p25.y4m -b /home/od26udiz/Desktop/c/Tuning-Mode-Analysis-for-SVT-AV1/SVT_AV1_Workspace/data/encoded/confidence/a4_360p/BlueSky_360p25__PSNR__p10__crf26__warmup1.ivf --preset 10 --crf 26 --tune 1 --lp 0 --progress 1,0,/home/od26udiz/Desktop/c/Tuning-Mode-Analysis-for-SVT-AV1/SVT_AV1_Workspace/logs/confidence/a4_360p/BlueSky_360p25__PSNR__p10__crf26__warmup1.log
d7292d3ee8d3d9876cf3,2026-09-21T15:09:05.749112+00:00,confidence,ok,a4_360p,BlueSky_360p25.y4m,/home/od26udiz/Desktop/c/Tuning-Mode-Analysis-for-SVT-AV1/SVT_AV1_Workspace/data/source/a4_360p/BlueSky_360p25.y4m,720p_or_lower,640,360,25.0,8,420jpeg,44928838,b3ab86eb59559ede1c28dbcc9e7683ca,2c1e3f2e4eb9c92189d7dbcb606b562fa06eca0e9f373c1e59eaec190138c6eb,PSNR,1,10,26,0,1,0,130,5.2,216,0.319124,601.685,143687680,137.031,/home/od26udiz/Desktop/c/Tuning-Mode-Analysis-for-SVT-AV1/SVT_AV1_Workspace/data/encoded/confidence/a4_360p/BlueSky_360p25__PSNR__p10__crf26__run1.ivf,929438,1429.9046153846152,612f161c013785a1272647eb92a477bf,23961084ed3b64e1d3061e66f9c0711e9e0d11264de4e896d746ca70c702b9ce,/home/od26udiz/miniconda3/bin/SvtAv1EncApp -i /home/od26udiz/Desktop/c/Tuning-Mode-Analysis-for-SVT-AV1/SVT_AV1_Workspace/data/source/a4_360p/BlueSky_360p25.y4m -b /home/od26udiz/Desktop/c/Tuning-Mode-Analysis-for-SVT-AV1/SVT_AV1_Workspace/data/encoded/confidence/a4_360p/BlueSky_360p25__PSNR__p10__crf26__run1.ivf --preset 10 --crf 26 --tune 1 --lp 0 --progress 1,0,/home/od26udiz/Desktop/c/Tuning-Mode-Analysis-for-SVT-AV1/SVT_AV1_Workspace/logs/confidence/a4_360p/BlueSky_360p25__PSNR__p10__crf26__run1.log
5c498eb79e48dfa80107,2026-09-21T15:09:06.108086+00:00,confidence,ok,a4_360p,BlueSky_360p25.y4m,/home/od26udiz/Desktop/c/Tuning-Mode-Analysis-for-SVT-AV1/SVT_AV1_Workspace/data/source/a4_360p/BlueSky_360p25.y4m,720p_or_lower,640,360,25.0,8,420jpeg,44928838,b3ab86eb59559ede1c28dbcc9e7683ca,2c1e3f2e4eb9c92189d7dbcb606b562fa06eca0e9f373c1e59eaec190138c6eb,PSNR,1,10,26,0,2,0,130,5.2,215,0.336312,605.665,140795904,134.273,/home/od26udiz/Desktop/c/Tuning-Mode-Analysis-for-SVT-AV1/SVT_AV1_Workspace/data/encoded/confidence/a4_360p/BlueSky_360p25__PSNR__p10__crf26__run2.ivf,929438,1429.9046153846152,612f161c013785a1272647eb92a477bf,23961084ed3b64e1d3061e66f9c0711e9e0d11264de4e896d746ca70c702b9ce,/home/od26udiz/miniconda3/bin/SvtAv1EncApp -i /home/od26udiz/Desktop/c/Tuning-Mode-Analysis-for-SVT-AV1/SVT_AV1_Workspace/data/source/a4_360p/BlueSky_360p25.y4m -b /home/od26udiz/Desktop/c/Tuning-Mode-Analysis-for-SVT-AV1/SVT_AV1_Workspace/data/encoded/confidence/a4_360p/BlueSky_360p25__PSNR__p10__crf26__run2.ivf --preset 10 --crf 26 --tune 1 --lp 0 --progress 1,0,/home/od26udiz/Desktop/c/Tuning-Mode-Analysis-for-SVT-AV1/SVT_AV1_Workspace/logs/confidence/a4_360p/BlueSky_360p25__PSNR__p10__crf26__run2.log
83dc1ca9f39081a6ef48,2026-09-21T15:09:06.442315+00:00,confidence,ok,a4_360p,BlueSky_360p25.y4m,/home/od26udiz/Desktop/c/Tuning-Mode-Analysis-for-SVT-AV1/SVT_AV1_Workspace/data/source/a4_360p/BlueSky_360p25.y4m,720p_or_lower,640,360,25.0,8,420jpeg,44928838,b3ab86eb59559ede1c28dbcc9e7683ca,2c1e3f2e4eb9c92189d7dbcb606b562fa06eca0e9f373c1e59eaec190138c6eb,PSNR,1,10,26,0,3,0,130,5.2,220,0.320881,591.684,140513280,134.004,/home/od26udiz/Desktop/c/Tuning-Mode-Analysis-for-SVT-AV1/SVT_AV1_Workspace/data/encoded/confidence/a4_360p/BlueSky_360p25__PSNR__p10__crf26__run3.ivf,929438,1429.9046153846152,612f161c013785a1272647eb92a477bf,23961084ed3b64e1d3061e66f9c0711e9e0d11264de4e896d746ca70c702b9ce,/home/od26udiz/miniconda3/bin/SvtAv1EncApp -i /home/od26udiz/Desktop/c/Tuning-Mode-Analysis-for-SVT-AV1/SVT_AV1_Workspace/data/source/a4_360p/BlueSky_360p25.y4m -b /home/od26udiz/Desktop/c/Tuning-Mode-Analysis-for-SVT-AV1/SVT_AV1_Workspace/data/encoded/confidence/a4_360p/BlueSky_360p25__PSNR__p10__crf26__run3.ivf --preset 10 --crf 26 --tune 1 --lp 0 --progress 1,0,/home/od26udiz/Desktop/c/Tuning-Mode-Analysis-for-SVT-AV1/SVT_AV1_Workspace/logs/confidence/a4_360p/BlueSky_360p25__PSNR__p10__crf26__run3.log
78e444e461a92f8b7054,2026-09-21T15:09:06.780112+00:00,confidence,ok,a4_360p,BlueSky_360p25.y4m,/home/od26udiz/Desktop/c/Tuning-Mode-Analysis-for-SVT-AV1/SVT_AV1_Workspace/data/source/a4_360p/BlueSky_360p25.y4m,720p_or_lower,640,360,25.0,8,420jpeg,44928838,b3ab86eb59559ede1c28dbcc9e7683ca,2c1e3f2e4eb9c92189d7dbcb606b562fa06eca0e9f373c1e59eaec190138c6eb,PSNR,1,10,26,0,4,0,130,5.2,219,0.320981,593.29,140173312,133.68,/home/od26udiz/Desktop/c/Tuning-Mode-Analysis-for-SVT-AV1/SVT_AV1_Workspace/data/encoded/confidence/a4_360p/BlueSky_360p25__PSNR__p10__crf26__run4.ivf,929438,1429.9046153846152,612f161c013785a1272647eb92a477bf,23961084ed3b64e1d3061e66f9c0711e9e0d11264de4e896d746ca70c702b9ce,/home/od26udiz/miniconda3/bin/SvtAv1EncApp -i /home/od26udiz/Desktop/c/Tuning-Mode-Analysis-for-SVT-AV1/SVT_AV1_Workspace/data/source/a4_360p/BlueSky_360p25.y4m -b /home/od26udiz/Desktop/c/Tuning-Mode-Analysis-for-SVT-AV1/SVT_AV1_Workspace/data/encoded/confidence/a4_360p/BlueSky_360p25__PSNR__p10__crf26__run4.ivf --preset 10 --crf 26 --tune 1 --lp 0 --progress 1,0,/home/od26udiz/Desktop/c/Tuning-Mode-Analysis-for-SVT-AV1/SVT_AV1_Workspace/logs/confidence/a4_360p/BlueSky_360p25__PSNR__p10__crf26__run4.log
375a6bb4dae9702e42a1,2026-09-21T15:09:07.121161+00:00,confidence,ok,a4_360p,BlueSky_360p25.y4m,/home/od26udiz/Desktop/c/Tuning-Mode-Analysis-for-SVT-AV1/SVT_AV1_Workspace/data/source/a4_360p/BlueSky_360p25.y4m,720p_or_lower,640,360,25.0,8,420jpeg,44928838,b3ab86eb59559ede1c28dbcc9e7683ca,2c1e3f2e4eb9c92189d7dbcb606b562fa06eca0e9f373c1e59eaec190138c6eb,PSNR,1,10,26,0,5,0,130,5.2,214,0.324841,607.925,142139392,135.555,/home/od26udiz/Desktop/c/Tuning-Mode-Analysis-for-SVT-AV1/SVT_AV1_Workspace/data/encoded/confidence/a4_360p/BlueSky_360p25__PSNR__p10__crf26__run5.ivf,929438,1429.9046153846152,612f161c013785a1272647eb92a477bf,23961084ed3b64e1d3061e66f9c0711e9e0d11264de4e896d746ca70c702b9ce,/home/od26udiz/miniconda3/bin/SvtAv1EncApp -i /home/od26udiz/Desktop/c/Tuning-Mode-Analysis-for-SVT-AV1/SVT_AV1_Workspace/data/source/a4_360p/BlueSky_360p25.y4m -b /home/od26udiz/Desktop/c/Tuning-Mode-Analysis-for-SVT-AV1/SVT_AV1_Workspace/data/encoded/confidence/a4_360p/BlueSky_360p25__PSNR__p10__crf26__run5.ivf --preset 10 --crf 26 --tune 1 --lp 0 --progress 1,0,/home/od26udiz/Desktop/c/Tuning-Mode-Analysis-for-SVT-AV1/SVT_AV1_Workspace/logs/confidence/a4_360p/BlueSky_360p25__PSNR__p10__crf26__run5.log
a75f6befe52abeecdd95,2026-09-21T15:09:07.470412+00:00,confidence,ok,a4_360p,BlueSky_360p25.y4m,/home/od26udiz/Desktop/c/Tuning-Mode-Analysis-for-SVT-AV1/SVT_AV1_Workspace/data/source/a4_360p/BlueSky_360p25.y4m,720p_or_lower,640,360,25.0,8,420jpeg,44928838,b3ab86eb59559ede1c28dbcc9e7683ca,2c1e3f2e4eb9c92189d7dbcb606b562fa06eca0e9f373c1e59eaec190138c6eb,PSNR,1,10,35,0,1,1,130,5.2,208,0.330672,625.06,139010048,132.57,/home/od26udiz/Desktop/c/Tuning-Mode-Analysis-for-SVT-AV1/SVT_AV1_Workspace/data/encoded/confidence/a4_360p/BlueSky_360p25__PSNR__p10__crf35__warmup1.ivf,462322,711.2646153846154,76e65bfad919bf11838a31f9ac9d4551,17efce068212f59abaf84aa93e2a4874308d53bd6f23134c929c3495ce8aadcd,/home/od26udiz/miniconda3/bin/SvtAv1EncApp -i /home/od26udiz/Desktop/c/Tuning-Mode-Analysis-for-SVT-AV1/SVT_AV1_Workspace/data/source/a4_360p/BlueSky_360p25.y4m -b /home/od26udiz/Desktop/c/Tuning-Mode-Analysis-for-SVT-AV1/SVT_AV1_Workspace/data/encoded/confidence/a4_360p/BlueSky_360p25__PSNR__p10__crf35__warmup1.ivf --preset 10 --crf 35 --tune 1 --lp 0 --progress 1,0,/home/od26udiz/Desktop/c/Tuning-Mode-Analysis-for-SVT-AV1/SVT_AV1_Workspace/logs/confidence/a4_360p/BlueSky_360p25__PSNR__p10__crf35__warmup1.log
8144c1ebdc5b135b6aff,2026-09-21T15:09:07.812941+00:00,confidence,ok,a4_360p,BlueSky_360p25.y4m,/home/od26udiz/Desktop/c/Tuning-Mode-Analysis-for-SVT-AV1/SVT_AV1_Workspace/data/source/a4_360p/BlueSky_360p25.y4m,720p_or_lower,640,360,25.0,8,420jpeg,44928838,b3ab86eb59559ede1c28dbcc9e7683ca,2c1e3f2e4eb9c92189d7dbcb606b562fa06eca0e9f373c1e59eaec190138c6eb,PSNR,1,10,35,0,1,0,130,5.2,198,0.329251,655.192,139386880,132.93,/home/od26udiz/Desktop/c/Tuning-Mode-Analysis-for-SVT-AV1/SVT_AV1_Workspace/data/encoded/confidence/a4_360p/BlueSky_360p25__PSNR__p10__crf35__run1.ivf,462322,711.2646153846154,76e65bfad919bf11838a31f9ac9d4551,17efce068212f59abaf84aa93e2a4874308d53bd6f23134c929c3495ce8aadcd,/home/od26udiz/miniconda3/bin/SvtAv1EncApp -i /home/od26udiz/Desktop/c/Tuning-Mode-Analysis-for-SVT-AV1/SVT_AV1_Workspace/data/source/a4_360p/BlueSky_360p25.y4m -b /home/od26udiz/Desktop/c/Tuning-Mode-Analysis-for-SVT-AV1/SVT_AV1_Workspace/data/encoded/confidence/a4_360p/BlueSky_360p25__PSNR__p10__crf35__run1.ivf --preset 10 --crf 35 --tune 1 --lp 0 --progress 1,0,/home/od26udiz/Desktop/c/Tuning-Mode-Analysis-for-SVT-AV1/SVT_AV1_Workspace/logs/confidence/a4_360p/BlueSky_360p25__PSNR__p10__crf35__run1.log
447183964ed530f895bb,2026-09-21T15:09:08.144349+00:00,confidence,ok,a4_360p,BlueSky_360p25.y4m,/home/od26udiz/Desktop/c/Tuning-Mode-Analysis-for-SVT-AV1/SVT_AV1_Workspace/data/source/a4_360p/BlueSky_360p25.y4m,720p_or_lower,640,360,25.0,8,420jpeg,44928838,b3ab86eb59559ede1c28dbcc9e7683ca,2c1e3f2e4eb9c92189d7dbcb606b562fa06eca0e9f373c1e59eaec190138c6eb,PSNR,1,10,35,0,2,0,130,5.2,214,0.32119,607.772,139337728,132.883,/home/od26udiz/Desktop/c/Tuning-Mode-Analysis-for-SVT-AV1/SVT_AV1_Workspace/data/encoded/confidence/a4_360p/BlueSky_360p25__PSNR__p10__crf35__run2.ivf,462322,711.2646153846154,76e65bfad919bf11838a31f9ac9d4551,17efce068212f59abaf84aa93e2a4874308d53bd6f23134c929c3495ce8aadcd,/home/od26udiz/miniconda3/bin/SvtAv1EncApp -i /home/od26udiz/Desktop/c/Tuning-Mode-Analysis-for-SVT-AV1/SVT_AV1_Workspace/data/source/a4_360p/BlueSky_360p25.y4m -b /home/od26udiz/Desktop/c/Tuning-Mode-Analysis-for-SVT-AV1/SVT_AV1_Workspace/data/encoded/confidence/a4_360p/BlueSky_360p25__PSNR__p10__crf35__run2.ivf --preset 10 --crf 35 --tune 1 --lp 0 --progress 1,0,/home/od26udiz/Desktop/c/Tuning-Mode-Analysis-for-SVT-AV1/SVT_AV1_Workspace/logs/confidence/a4_360p/BlueSky_360p25__PSNR__p10__crf35__run2.log
182684ef5d4a33e0d0cf,2026-09-21T15:09:08.481525+00:00,confidence,ok,a4_360p,BlueSky_360p25.y4m,/home/od26udiz/Desktop/c/Tuning-Mode-Analysis-for-SVT-AV1/SVT_AV1_Workspace/data/source/a4_360p/BlueSky_360p25.y4m,720p_or_lower,640,360,25.0,8,420jpeg,44928838,b3ab86eb59559ede1c28dbcc9e7683ca,2c1e3f2e4eb9c92189d7dbcb606b562fa06eca0e9f373c1e59eaec190138c6eb,PSNR,1,10,35,0,3,0,130,5.2,201,0.323935,647.72,142655488,136.047,/home/od26udiz/Desktop/c/Tuning-Mode-Analysis-for-SVT-AV1/SVT_AV1_Workspace/data/encoded/confidence/a4_360p/BlueSky_360p25__PSNR__p10__crf35__run3.ivf,462322,711.2646153846154,76e65bfad919bf11838a31f9ac9d4551,17efce068212f59abaf84aa93e2a4874308d53bd6f23134c929c3495ce8aadcd,/home/od26udiz/miniconda3/bin/SvtAv1EncApp -i /home/od26udiz/Desktop/c/Tuning-Mode-Analysis-for-SVT-AV1/SVT_AV1_Workspace/data/source/a4_360p/BlueSky_360p25.y4m -b /home/od26udiz/Desktop/c/Tuning-Mode-Analysis-for-SVT-AV1/SVT_AV1_Workspace/data/encoded/confidence/a4_360p/BlueSky_360p25__PSNR__p10__crf35__run3.ivf --preset 10 --crf 35 --tune 1 --lp 0 --progress 1,0,/home/od26udiz/Desktop/c/Tuning-Mode-Analysis-for-SVT-AV1/SVT_AV1_Workspace/logs/confidence/a4_360p/BlueSky_360p25__PSNR__p10__crf35__run3.log
6636de32fbacfae1171f,2026-09-21T15:09:08.825342+00:00,confidence,ok,a4_360p,BlueSky_360p25.y4m,/home/od26udiz/Desktop/c/Tuning-Mode-Analysis-for-SVT-AV1/SVT_AV1_Workspace/data/source/a4_360p/BlueSky_360p25.y4m,720p_or_lower,640,360,25.0,8,420jpeg,44928838,b3ab86eb59559ede1c28dbcc9e7683ca,2c1e3f2e4eb9c92189d7dbcb606b562fa06eca0e9f373c1e59eaec190138c6eb,PSNR,1,10,35,0,4,0,130,5.2,198,0.330453,656.171,139415552,132.957,/home/od26udiz/Desktop/c/Tuning-Mode-Analysis-for-SVT-AV1/SVT_AV1_Workspace/data/encoded/confidence/a4_360p/BlueSky_360p25__PSNR__p10__crf35__run4.ivf,462322,711.2646153846154,76e65bfad919bf11838a31f9ac9d4551,17efce068212f59abaf84aa93e2a4874308d53bd6f23134c929c3495ce8aadcd,/home/od26udiz/miniconda3/bin/SvtAv1EncApp -i /home/od26udiz/Desktop/c/Tuning-Mode-Analysis-for-SVT-AV1/SVT_AV1_Workspace/data/source/a4_360p/BlueSky_360p25.y4m -b /home/od26udiz/Desktop/c/Tuning-Mode-Analysis-for-SVT-AV1/SVT_AV1_Workspace/data/encoded/confidence/a4_360p/BlueSky_360p25__PSNR__p10__crf35__run4.ivf --preset 10 --crf 35 --tune 1 --lp 0 --progress 1,0,/home/od26udiz/Desktop/c/Tuning-Mode-Analysis-for-SVT-AV1/SVT_AV1_Workspace/logs/confidence/a4_360p/BlueSky_360p25__PSNR__p10__crf35__run4.log
2f99700562f6655f836f,2026-09-21T15:09:09.158042+00:00,confidence,ok,a4_360p,BlueSky_360p25.y4m,/home/od26udiz/Desktop/c/Tuning-Mode-Analysis-for-SVT-AV1/SVT_AV1_Workspace/data/source/a4_360p/BlueSky_360p25.y4m,720p_or_lower,640,360,25.0,8,420jpeg,44928838,b3ab86eb59559ede1c28dbcc9e7683ca,2c1e3f2e4eb9c92189d7dbcb606b562fa06eca0e9f373c1e59eaec190138c6eb,PSNR,1,10,35,0,5,0,130,5.2,210,0.320414,619.207,141709312,135.145,/home/od26udiz/Desktop/c/Tuning-Mode-Analysis-for-SVT-AV1/SVT_AV1_Workspace/data/encoded/confidence/a4_360p/BlueSky_360p25__PSNR__p10__crf35__run5.ivf,462322,711.2646153846154,76e65bfad919bf11838a31f9ac9d4551,17efce068212f59abaf84aa93e2a4874308d53bd6f23134c929c3495ce8aadcd,/home/od26udiz/miniconda3/bin/SvtAv1EncApp -i /home/od26udiz/Desktop/c/Tuning-Mode-Analysis-for-SVT-AV1/SVT_AV1_Workspace/data/source/a4_360p/BlueSky_360p25.y4m -b /home/od26udiz/Desktop/c/Tuning-Mode-Analysis-for-SVT-AV1/SVT_AV1_Workspace/data/encoded/confidence/a4_360p/BlueSky_360p25__PSNR__p10__crf35__run5.ivf --preset 10 --crf 35 --tune 1 --lp 0 --progress 1,0,/home/od26udiz/Desktop/c/Tuning-Mode-Analysis-for-SVT-AV1/SVT_AV1_Workspace/logs/confidence/a4_360p/BlueSky_360p25__PSNR__p10__crf35__run5.log
6774da4e442cda7ccadb,2026-09-21T15:09:09.491562+00:00,confidence,ok,a4_360p,BlueSky_360p25.y4m,/home/od26udiz/Desktop/c/Tuning-Mode-Analysis-for-SVT-AV1/SVT_AV1_Workspace/data/source/a4_360p/BlueSky_360p25.y4m,720p_or_lower,640,360,25.0,8,420jpeg,44928838,b3ab86eb59559ede1c28dbcc9e7683ca,2c1e3f2e4eb9c92189d7dbcb606b562fa06eca0e9f373c1e59eaec190138c6eb,PSNR,1,10,44,0,1,1,130,5.2,230,0.320711,564.827,137592832,131.219,/home/od26udiz/Desktop/c/Tuning-Mode-Analysis-for-SVT-AV1/SVT_AV1_Workspace/data/encoded/confidence/a4_360p/BlueSky_360p25__PSNR__p10__crf44__warmup1.ivf,227466,349.9476923076923,5a2217439108a9e18c76bb0cbfd7bb08,5fef098bd44a6d046e5f9848b54910bbf3d95f0a862860a5ba811b7fe26a3ef9,/home/od26udiz/miniconda3/bin/SvtAv1EncApp -i /home/od26udiz/Desktop/c/Tuning-Mode-Analysis-for-SVT-AV1/SVT_AV1_Workspace/data/source/a4_360p/BlueSky_360p25.y4m -b /home/od26udiz/Desktop/c/Tuning-Mode-Analysis-for-SVT-AV1/SVT_AV1_Workspace/data/encoded/confidence/a4_360p/BlueSky_360p25__PSNR__p10__crf44__warmup1.ivf --preset 10 --crf 44 --tune 1 --lp 0 --progress 1,0,/home/od26udiz/Desktop/c/Tuning-Mode-Analysis-for-SVT-AV1/SVT_AV1_Workspace/logs/confidence/a4_360p/BlueSky_360p25__PSNR__p10__crf44__warmup1.log
89c658400daafa0a3ea2,2026-09-21T15:09:09.822638+00:00,confidence,ok,a4_360p,BlueSky_360p25.y4m,/home/od26udiz/Desktop/c/Tuning-Mode-Analysis-for-SVT-AV1/SVT_AV1_Workspace/data/source/a4_360p/BlueSky_360p25.y4m,720p_or_lower,640,360,25.0,8,420jpeg,44928838,b3ab86eb59559ede1c28dbcc9e7683ca,2c1e3f2e4eb9c92189d7dbcb606b562fa06eca0e9f373c1e59eaec190138c6eb,PSNR,1,10,44,0,1,0,130,5.2,213,0.320945,611.661,140046336,133.559,/home/od26udiz/Desktop/c/Tuning-Mode-Analysis-for-SVT-AV1/SVT_AV1_Workspace/data/encoded/confidence/a4_360p/BlueSky_360p25__PSNR__p10__crf44__run1.ivf,227466,349.9476923076923,5a2217439108a9e18c76bb0cbfd7bb08,5fef098bd44a6d046e5f9848b54910bbf3d95f0a862860a5ba811b7fe26a3ef9,/home/od26udiz/miniconda3/bin/SvtAv1EncApp -i /home/od26udiz/Desktop/c/Tuning-Mode-Analysis-for-SVT-AV1/SVT_AV1_Workspace/data/source/a4_360p/BlueSky_360p25.y4m -b /home/od26udiz/Desktop/c/Tuning-Mode-Analysis-for-SVT-AV1/SVT_AV1_Workspace/data/encoded/confidence/a4_360p/BlueSky_360p25__PSNR__p10__crf44__run1.ivf --preset 10 --crf 44 --tune 1 --lp 0 --progress 1,0,/home/od26udiz/Desktop/c/Tuning-Mode-Analysis-for-SVT-AV1/SVT_AV1_Workspace/logs/confidence/a4_360p/BlueSky_360p25__PSNR__p10__crf44__run1.log
72b8486ce8eaae9a8107,2026-09-21T15:09:10.151911+00:00,confidence,ok,a4_360p,BlueSky_360p25.y4m,/home/od26udiz/Desktop/c/Tuning-Mode-Analysis-for-SVT-AV1/SVT_AV1_Workspace/data/source/a4_360p/BlueSky_360p25.y4m,720p_or_lower,640,360,25.0,8,420jpeg,44928838,b3ab86eb59559ede1c28dbcc9e7683ca,2c1e3f2e4eb9c92189d7dbcb606b562fa06eca0e9f373c1e59eaec190138c6eb,PSNR,1,10,44,0,2,0,130,5.2,242,0.320647,536.667,137744384,131.363,/home/od26udiz/Desktop/c/Tuning-Mode-Analysis-for-SVT-AV1/SVT_AV1_Workspace/data/encoded/confidence/a4_360p/BlueSky_360p25__PSNR__p10__crf44__run2.ivf,227466,349.9476923076923,5a2217439108a9e18c76bb0cbfd7bb08,5fef098bd44a6d046e5f9848b54910bbf3d95f0a862860a5ba811b7fe26a3ef9,/home/od26udiz/miniconda3/bin/SvtAv1EncApp -i /home/od26udiz/Desktop/c/Tuning-Mode-Analysis-for-SVT-AV1/SVT_AV1_Workspace/data/source/a4_360p/BlueSky_360p25.y4m -b /home/od26udiz/Desktop/c/Tuning-Mode-Analysis-for-SVT-AV1/SVT_AV1_Workspace/data/encoded/confidence/a4_360p/BlueSky_360p25__PSNR__p10__crf44__run2.ivf --preset 10 --crf 44 --tune 1 --lp 0 --progress 1,0,/home/od26udiz/Desktop/c/Tuning-Mode-Analysis-for-SVT-AV1/SVT_AV1_Workspace/logs/confidence/a4_360p/BlueSky_360p25__PSNR__p10__crf44__run2.log
5a44d9618f5517a8d34e,2026-09-21T15:09:10.484198+00:00,confidence,ok,a4_360p,BlueSky_360p25.y4m,/home/od26udiz/Desktop/c/Tuning-Mode-Analysis-for-SVT-AV1/SVT_AV1_Workspace/data/source/a4_360p/BlueSky_360p25.y4m,720p_or_lower,640,360,25.0,8,420jpeg,44928838,b3ab86eb59559ede1c28dbcc9e7683ca,2c1e3f2e4eb9c92189d7dbcb606b562fa06eca0e9f373c1e59eaec190138c6eb,PSNR,1,10,44,0,3,0,130,5.2,229,0.322283,567.0,136802304,130.465,/home/od26udiz/Desktop/c/Tuning-Mode-Analysis-for-SVT-AV1/SVT_AV1_Workspace/data/encoded/confidence/a4_360p/BlueSky_360p25__PSNR__p10__crf44__run3.ivf,227466,349.9476923076923,5a2217439108a9e18c76bb0cbfd7bb08,5fef098bd44a6d046e5f9848b54910bbf3d95f0a862860a5ba811b7fe26a3ef9,/home/od26udiz/miniconda3/bin/SvtAv1EncApp -i /home/od26udiz/Desktop/c/Tuning-Mode-Analysis-for-SVT-AV1/SVT_AV1_Workspace/data/source/a4_360p/BlueSky_360p25.y4m -b /home/od26udiz/Desktop/c/Tuning-Mode-Analysis-for-SVT-AV1/SVT_AV1_Workspace/data/encoded/confidence/a4_360p/BlueSky_360p25__PSNR__p10__crf44__run3.ivf --preset 10 --crf 44 --tune 1 --lp 0 --progress 1,0,/home/od26udiz/Desktop/c/Tuning-Mode-Analysis-for-SVT-AV1/SVT_AV1_Workspace/logs/confidence/a4_360p/BlueSky_360p25__PSNR__p10__crf44__run3.log
646238d0bf494a4241da,2026-09-21T15:09:10.814980+00:00,confidence,ok,a4_360p,BlueSky_360p25.y4m,/home/od26udiz/Desktop/c/Tuning-Mode-Analysis-for-SVT-AV1/SVT_AV1_Workspace/data/source/a4_360p/BlueSky_360p25.y4m,720p_or_lower,640,360,25.0,8,420jpeg,44928838,b3ab86eb59559ede1c28dbcc9e7683ca,2c1e3f2e4eb9c92189d7dbcb606b562fa06eca0e9f373c1e59eaec190138c6eb,PSNR,1,10,44,0,4,0,130,5.2,232,0.320452,559.971,138436608,132.023,/home/od26udiz/Desktop/c/Tuning-Mode-Analysis-for-SVT-AV1/SVT_AV1_Workspace/data/encoded/confidence/a4_360p/BlueSky_360p25__PSNR__p10__crf44__run4.ivf,227466,349.9476923076923,5a2217439108a9e18c76bb0cbfd7bb08,5fef098bd44a6d046e5f9848b54910bbf3d95f0a862860a5ba811b7fe26a3ef9,/home/od26udiz/miniconda3/bin/SvtAv1EncApp -i /home/od26udiz/Desktop/c/Tuning-Mode-Analysis-for-SVT-AV1/SVT_AV1_Workspace/data/source/a4_360p/BlueSky_360p25.y4m -b /home/od26udiz/Desktop/c/Tuning-Mode-Analysis-for-SVT-AV1/SVT_AV1_Workspace/data/encoded/confidence/a4_360p/BlueSky_360p25__PSNR__p10__crf44__run4.ivf --preset 10 --crf 44 --tune 1 --lp 0 --progress 1,0,/home/od26udiz/Desktop/c/Tuning-Mode-Analysis-for-SVT-AV1/SVT_AV1_Workspace/logs/confidence/a4_360p/BlueSky_360p25__PSNR__p10__crf44__run4.log
ac0539a38915a756cf49,2026-09-21T15:09:11.153661+00:00,confidence,ok,a4_360p,BlueSky_360p25.y4m,/home/od26udiz/Desktop/c/Tuning-Mode-Analysis-for-SVT-AV1/SVT_AV1_Workspace/data/source/a4_360p/BlueSky_360p25.y4m,720p_or_lower,640,360,25.0,8,420jpeg,44928838,b3ab86eb59559ede1c28dbcc9e7683ca,2c1e3f2e4eb9c92189d7dbcb606b562fa06eca0e9f373c1e59eaec190138c6eb,PSNR,1,10,44,0,5,0,130,5.2,230,0.328146,564.479,140980224,134.449,/home/od26udiz/Desktop/c/Tuning-Mode-Analysis-for-SVT-AV1/SVT_AV1_Workspace/data/encoded/confidence/a4_360p/BlueSky_360p25__PSNR__p10__crf44__run5.ivf,227466,349.9476923076923,5a2217439108a9e18c76bb0cbfd7bb08,5fef098bd44a6d046e5f9848b54910bbf3d95f0a862860a5ba811b7fe26a3ef9,/home/od26udiz/miniconda3/bin/SvtAv1EncApp -i /home/od26udiz/Desktop/c/Tuning-Mode-Analysis-for-SVT-AV1/SVT_AV1_Workspace/data/source/a4_360p/BlueSky_360p25.y4m -b /home/od26udiz/Desktop/c/Tuning-Mode-Analysis-for-SVT-AV1/SVT_AV1_Workspace/data/encoded/confidence/a4_360p/BlueSky_360p25__PSNR__p10__crf44__run5.ivf --preset 10 --crf 44 --tune 1 --lp 0 --progress 1,0,/home/od26udiz/Desktop/c/Tuning-Mode-Analysis-for-SVT-AV1/SVT_AV1_Workspace/logs/confidence/a4_360p/BlueSky_360p25__PSNR__p10__crf44__run5.log
b35277c6ebcaa647d5ff,2026-09-21T15:53:06.417055+00:00,meeting,ok,a1_4k,MeridianRoad_3840x2160_5994_hdr10.y4m,/home/od26udiz/Desktop/c/Tuning-Mode-Analysis-for-SVT-AV1/SVT_AV1_Workspace/data/source/a1_4k/MeridianRoad_3840x2160_5994_hdr10.y4m,2160p_or_higher,3840,2160,59.94005994005994,10,420p10,3234816844,7d01bce200635758ad305b6de4958e38,dc6addde034934da23ee0da23e2fbfe700e92fc8d4dfab6a82ead4005b3c7f0f,VQ,0,1,18,0,1,0,130,2.168833333333333,152030,152.477107,0.855,8496148480,8102.559,/home/od26udiz/Desktop/c/Tuning-Mode-Analysis-for-SVT-AV1/SVT_AV1_Workspace/data/encoded/meeting/a1_4k/MeridianRoad_3840x2160_5994_hdr10__VQ__p1__crf18__run1.ivf,6485421,23922.247598555292,655d9576bd4464df2bd189626f15670c,c3d2d1e7cbc097c15586366830f3d964f57b7635b4a66a509983827004567db7,/home/od26udiz/miniconda3/bin/SvtAv1EncApp -i /home/od26udiz/Desktop/c/Tuning-Mode-Analysis-for-SVT-AV1/SVT_AV1_Workspace/data/source/a1_4k/MeridianRoad_3840x2160_5994_hdr10.y4m -b /home/od26udiz/Desktop/c/Tuning-Mode-Analysis-for-SVT-AV1/SVT_AV1_Workspace/data/encoded/meeting/a1_4k/MeridianRoad_3840x2160_5994_hdr10__VQ__p1__crf18__run1.ivf --preset 1 --crf 18 --tune 0 --lp 0 --progress 1,0,/home/od26udiz/Desktop/c/Tuning-Mode-Analysis-for-SVT-AV1/SVT_AV1_Workspace/logs/meeting/a1_4k/MeridianRoad_3840x2160_5994_hdr10__VQ__p1__crf18__run1.log
341546afc3eb6e4d1188,2026-09-21T15:56:56.421427+00:00,meeting,ok,a1_4k,MeridianRoad_3840x2160_5994_hdr10.y4m,/home/od26udiz/Desktop/c/Tuning-Mode-Analysis-for-SVT-AV1/SVT_AV1_Workspace/data/source/a1_4k/MeridianRoad_3840x2160_5994_hdr10.y4m,2160p_or_higher,3840,2160,59.94005994005994,10,420p10,3234816844,7d01bce200635758ad305b6de4958e38,dc6addde034934da23ee0da23e2fbfe700e92fc8d4dfab6a82ead4005b3c7f0f,VQ,0,1,26,0,1,0,130,2.168833333333333,147753,148.207652,0.88,8668332032,8266.766,/home/od26udiz/Desktop/c/Tuning-Mode-Analysis-for-SVT-AV1/SVT_AV1_Workspace/data/encoded/meeting/a1_4k/MeridianRoad_3840x2160_5994_hdr10__VQ__p1__crf26__run1.ivf,2555568,9426.516867747638,9e8186cb3686179aad7b077ad41cbfda,f96dcaed8f2e360ba8f99baf60c51ffd0ea3439846a9d884163069a1af2cac19,/home/od26udiz/miniconda3/bin/SvtAv1EncApp -i /home/od26udiz/Desktop/c/Tuning-Mode-Analysis-for-SVT-AV1/SVT_AV1_Workspace/data/source/a1_4k/MeridianRoad_3840x2160_5994_hdr10.y4m -b /home/od26udiz/Desktop/c/Tuning-Mode-Analysis-for-SVT-AV1/SVT_AV1_Workspace/data/encoded/meeting/a1_4k/MeridianRoad_3840x2160_5994_hdr10__VQ__p1__crf26__run1.ivf --preset 1 --crf 26 --tune 0 --lp 0 --progress 1,0,/home/od26udiz/Desktop/c/Tuning-Mode-Analysis-for-SVT-AV1/SVT_AV1_Workspace/logs/meeting/a1_4k/MeridianRoad_3840x2160_5994_hdr10__VQ__p1__crf26__run1.log
e8edef317352b0d65ee2,2026-09-21T15:59:06.292262+00:00,meeting,ok,a1_4k,MeridianRoad_3840x2160_5994_hdr10.y4m,/home/od26udiz/Desktop/c/Tuning-Mode-Analysis-for-SVT-AV1/SVT_AV1_Workspace/data/source/a1_4k/MeridianRoad_3840x2160_5994_hdr10.y4m,2160p_or_higher,3840,2160,59.94005994005994,10,420p10,3234816844,7d01bce200635758ad305b6de4958e38,dc6addde034934da23ee0da23e2fbfe700e92fc8d4dfab6a82ead4005b3c7f0f,VQ,0,1,35,0,1,0,130,2.168833333333333,129442,129.83532,1.004,7976767488,7607.238,/home/od26udiz/Desktop/c/Tuning-Mode-Analysis-for-SVT-AV1/SVT_AV1_Workspace/data/encoded/meeting/a1_4k/MeridianRoad_3840x2160_5994_hdr10__VQ__p1__crf35__run1.ivf,1302414,4804.109121647583,a169e8edac0417bb3edf04ed7da899f0,01ebd0df88f880a62d5702a069fdfbe7d4dc46bc453d0ed56023f5285e40a639,/home/od26udiz/miniconda3/bin/SvtAv1EncApp -i /home/od26udiz/Desktop/c/Tuning-Mode-Analysis-for-SVT-AV1/SVT_AV1_Workspace/data/source/a1_4k/MeridianRoad_3840x2160_5994_hdr10.y4m -b /home/od26udiz/Desktop/c/Tuning-Mode-Analysis-for-SVT-AV1/SVT_AV1_Workspace/data/encoded/meeting/a1_4k/MeridianRoad_3840x2160_5994_hdr10__VQ__p1__crf35__run1.ivf --preset 1 --crf 35 --tune 0 --lp 0 --progress 1,0,/home/od26udiz/Desktop/c/Tuning-Mode-Analysis-for-SVT-AV1/SVT_AV1_Workspace/logs/meeting/a1_4k/MeridianRoad_3840x2160_5994_hdr10__VQ__p1__crf35__run1.log
59143ac3b904408a4c5c,2026-09-21T16:00:53.675038+00:00,meeting,ok,a1_4k,MeridianRoad_3840x2160_5994_hdr10.y4m,/home/od26udiz/Desktop/c/Tuning-Mode-Analysis-for-SVT-AV1/SVT_AV1_Workspace/data/source/a1_4k/MeridianRoad_3840x2160_5994_hdr10.y4m,2160p_or_higher,3840,2160,59.94005994005994,10,420p10,3234816844,7d01bce200635758ad305b6de4958e38,dc6addde034934da23ee0da23e2fbfe700e92fc8d4dfab6a82ead4005b3c7f0f,VQ,0,1,44,0,1,0,130,2.168833333333333,106955,107.354436,1.215,8948371456,8533.832,/home/od26udiz/Desktop/c/Tuning-Mode-Analysis-for-SVT-AV1/SVT_AV1_Workspace/data/encoded/meeting/a1_4k/MeridianRoad_3840x2160_5994_hdr10__VQ__p1__crf44__run1.ivf,795370,2933.816952278491,ac9551135b8165d76fb3b09b1808e16d,f8b82369f8306e51afbe965936c3c9376293a57a683b5c761d308edfd9ece9b6,/home/od26udiz/miniconda3/bin/SvtAv1EncApp -i /home/od26udiz/Desktop/c/Tuning-Mode-Analysis-for-SVT-AV1/SVT_AV1_Workspace/data/source/a1_4k/MeridianRoad_3840x2160_5994_hdr10.y4m -b /home/od26udiz/Desktop/c/Tuning-Mode-Analysis-for-SVT-AV1/SVT_AV1_Workspace/data/encoded/meeting/a1_4k/MeridianRoad_3840x2160_5994_hdr10__VQ__p1__crf44__run1.ivf --preset 1 --crf 44 --tune 0 --lp 0 --progress 1,0,/home/od26udiz/Desktop/c/Tuning-Mode-Analysis-for-SVT-AV1/SVT_AV1_Workspace/logs/meeting/a1_4k/MeridianRoad_3840x2160_5994_hdr10__VQ__p1__crf44__run1.log
65072bf2819c36e2a92a,2026-09-21T16:02:46.796169+00:00,meeting,ok,a1_4k,MeridianRoad_3840x2160_5994_hdr10.y4m,/home/od26udiz/Desktop/c/Tuning-Mode-Analysis-for-SVT-AV1/SVT_AV1_Workspace/data/source/a1_4k/MeridianRoad_3840x2160_5994_hdr10.y4m,2160p_or_higher,3840,2160,59.94005994005994,10,420p10,3234816844,7d01bce200635758ad305b6de4958e38,dc6addde034934da23ee0da23e2fbfe700e92fc8d4dfab6a82ead4005b3c7f0f,VQ,0,1,52,0,1,0,130,2.168833333333333,112672,113.1,1.154,8841269248,8431.691,/home/od26udiz/Desktop/c/Tuning-Mode-Analysis-for-SVT-AV1/SVT_AV1_Workspace/data/encoded/meeting/a1_4k/MeridianRoad_3840x2160_5994_hdr10__VQ__p1__crf52__run1.ivf,517557,1909.0706216860065,299f048f55ef46dec4aaf8eacfc2e675,168c3a42cac235bac62dbdd7c467a4aab27f05eda7c84a2003138ea2563d9bb9,/home/od26udiz/miniconda3/bin/SvtAv1EncApp -i /home/od26udiz/Desktop/c/Tuning-Mode-Analysis-for-SVT-AV1/SVT_AV1_Workspace/data/source/a1_4k/MeridianRoad_3840x2160_5994_hdr10.y4m -b /home/od26udiz/Desktop/c/Tuning-Mode-Analysis-for-SVT-AV1/SVT_AV1_Workspace/data/encoded/meeting/a1_4k/MeridianRoad_3840x2160_5994_hdr10__VQ__p1__crf52__run1.ivf --preset 1 --crf 52 --tune 0 --lp 0 --progress 1,0,/home/od26udiz/Desktop/c/Tuning-Mode-Analysis-for-SVT-AV1/SVT_AV1_Workspace/logs/meeting/a1_4k/MeridianRoad_3840x2160_5994_hdr10__VQ__p1__crf52__run1.log
fd917e45054947920587,2026-09-21T16:04:48.685255+00:00,meeting,ok,a1_4k,MeridianRoad_3840x2160_5994_hdr10.y4m,/home/od26udiz/Desktop/c/Tuning-Mode-Analysis-for-SVT-AV1/SVT_AV1_Workspace/data/source/a1_4k/MeridianRoad_3840x2160_5994_hdr10.y4m,2160p_or_higher,3840,2160,59.94005994005994,10,420p10,3234816844,7d01bce200635758ad305b6de4958e38,dc6addde034934da23ee0da23e2fbfe700e92fc8d4dfab6a82ead4005b3c7f0f,VQ,0,1,60,0,1,0,130,2.168833333333333,121485,121.870078,1.07,8885329920,8473.711,/home/od26udiz/Desktop/c/Tuning-Mode-Analysis-for-SVT-AV1/SVT_AV1_Workspace/data/encoded/meeting/a1_4k/MeridianRoad_3840x2160_5994_hdr10__VQ__p1__crf60__run1.ivf,248463,916.4853607930531,d343c4a79cbf259987eb1e98f850bb54,c521f4592d28d296a46f8f88f9ad65631c5697e9ffac20e28c4fbe6909e2930e,/home/od26udiz/miniconda3/bin/SvtAv1EncApp -i /home/od26udiz/Desktop/c/Tuning-Mode-Analysis-for-SVT-AV1/SVT_AV1_Workspace/data/source/a1_4k/MeridianRoad_3840x2160_5994_hdr10.y4m -b /home/od26udiz/Desktop/c/Tuning-Mode-Analysis-for-SVT-AV1/SVT_AV1_Workspace/data/encoded/meeting/a1_4k/MeridianRoad_3840x2160_5994_hdr10__VQ__p1__crf60__run1.ivf --preset 1 --crf 60 --tune 0 --lp 0 --progress 1,0,/home/od26udiz/Desktop/c/Tuning-Mode-Analysis-for-SVT-AV1/SVT_AV1_Workspace/logs/meeting/a1_4k/MeridianRoad_3840x2160_5994_hdr10__VQ__p1__crf60__run1.log
54e91a385117e54ee6a7,2026-09-21T16:04:54.781920+00:00,meeting,ok,a1_4k,MeridianRoad_3840x2160_5994_hdr10.y4m,/home/od26udiz/Desktop/c/Tuning-Mode-Analysis-for-SVT-AV1/SVT_AV1_Workspace/data/source/a1_4k/MeridianRoad_3840x2160_5994_hdr10.y4m,2160p_or_higher,3840,2160,59.94005994005994,10,420p10,3234816844,7d01bce200635758ad305b6de4958e38,dc6addde034934da23ee0da23e2fbfe700e92fc8d4dfab6a82ead4005b3c7f0f,VQ,0,10,18,0,1,0,130,2.168833333333333,5546,6.081287,23.442,3653058560,3483.828,/home/od26udiz/Desktop/c/Tuning-Mode-Analysis-for-SVT-AV1/SVT_AV1_Workspace/data/encoded/meeting/a1_4k/MeridianRoad_3840x2160_5994_hdr10__VQ__p10__crf18__run1.ivf,20222126,74591.71966495045,cdade700c4b8aabb7a2d6bdebf1b1b0e,5d76d7dcb2de45855b0e0b5f31ecf7830fc1964cebfa2fc2e1d8de43102e7725,/home/od26udiz/miniconda3/bin/SvtAv1EncApp -i /home/od26udiz/Desktop/c/Tuning-Mode-Analysis-for-SVT-AV1/SVT_AV1_Workspace/data/source/a1_4k/MeridianRoad_3840x2160_5994_hdr10.y4m -b /home/od26udiz/Desktop/c/Tuning-Mode-Analysis-for-SVT-AV1/SVT_AV1_Workspace/data/encoded/meeting/a1_4k/MeridianRoad_3840x2160_5994_hdr10__VQ__p10__crf18__run1.ivf --preset 10 --crf 18 --tune 0 --lp 0 --progress 1,0,/home/od26udiz/Desktop/c/Tuning-Mode-Analysis-for-SVT-AV1/SVT_AV1_Workspace/logs/meeting/a1_4k/MeridianRoad_3840x2160_5994_hdr10__VQ__p10__crf18__run1.log
e567177687808de67d1f,2026-09-21T16:04:59.527110+00:00,meeting,ok,a1_4k,MeridianRoad_3840x2160_5994_hdr10.y4m,/home/od26udiz/Desktop/c/Tuning-Mode-Analysis-for-SVT-AV1/SVT_AV1_Workspace/data/source/a1_4k/MeridianRoad_3840x2160_5994_hdr10.y4m,2160p_or_higher,3840,2160,59.94005994005994,10,420p10,3234816844,7d01bce200635758ad305b6de4958e38,dc6addde034934da23ee0da23e2fbfe700e92fc8d4dfab6a82ead4005b3c7f0f,VQ,0,10,26,0,1,0,130,2.168833333333333,4254,4.633279,30.56,3687034880,3516.23,/home/od26udiz/Desktop/c/Tuning-Mode-Analysis-for-SVT-AV1/SVT_AV1_Workspace/data/encoded/meeting/a1_4k/MeridianRoad_3840x2160_5994_hdr10__VQ__p10__crf26__run1.ivf,5899318,21760.336893875356,79fe600a0fffc51cb86817af3d972595,3248de4e5fede28b648d3117eacbae93ff782ddae961de846b2dede320f6cbcf,/home/od26udiz/miniconda3/bin/SvtAv1EncApp -i /home/od26udiz/Desktop/c/Tuning-Mode-Analysis-for-SVT-AV1/SVT_AV1_Workspace/data/source/a1_4k/MeridianRoad_3840x2160_5994_hdr10.y4m -b /home/od26udiz/Desktop/c/Tuning-Mode-Analysis-for-SVT-AV1/SVT_AV1_Workspace/data/encoded/meeting/a1_4k/MeridianRoad_3840x2160_5994_hdr10__VQ__p10__crf26__run1.ivf --preset 10 --crf 26 --tune 0 --lp 0 --progress 1,0,/home/od26udiz/Desktop/c/Tuning-Mode-Analysis-for-SVT-AV1/SVT_AV1_Workspace/logs/meeting/a1_4k/MeridianRoad_3840x2160_5994_hdr10__VQ__p10__crf26__run1.log
50065a8ff5fe55e349af,2026-09-21T16:05:03.182895+00:00,meeting,ok,a1_4k,MeridianRoad_3840x2160_5994_hdr10.y4m,/home/od26udiz/Desktop/c/Tuning-Mode-Analysis-for-SVT-AV1/SVT_AV1_Workspace/data/source/a1_4k/MeridianRoad_3840x2160_5994_hdr10.y4m,2160p_or_higher,3840,2160,59.94005994005994,10,420p10,3234816844,7d01bce200635758ad305b6de4958e38,dc6addde034934da23ee0da23e2fbfe700e92fc8d4dfab6a82ead4005b3c7f0f,VQ,0,10,35,0,1,0,130,2.168833333333333,3361,3.593268,38.682,3734679552,3561.668,/home/od26udiz/Desktop/c/Tuning-Mode-Analysis-for-SVT-AV1/SVT_AV1_Workspace/data/encoded/meeting/a1_4k/MeridianRoad_3840x2160_5994_hdr10__VQ__p10__crf35__run1.ivf,2194888,8096.105740413433,bc5f42e51c4c841dae636f2660a047ef,a1c1a9d4162c52638e7ece312f484f9a15a4cec58beed9333ccf5f33097edfe5,/home/od26udiz/miniconda3/bin/SvtAv1EncApp -i /home/od26udiz/Desktop/c/Tuning-Mode-Analysis-for-SVT-AV1/SVT_AV1_Workspace/data/source/a1_4k/MeridianRoad_3840x2160_5994_hdr10.y4m -b /home/od26udiz/Desktop/c/Tuning-Mode-Analysis-for-SVT-AV1/SVT_AV1_Workspace/data/encoded/meeting/a1_4k/MeridianRoad_3840x2160_5994_hdr10__VQ__p10__crf35__run1.ivf --preset 10 --crf 35 --tune 0 --lp 0 --progress 1,0,/home/od26udiz/Desktop/c/Tuning-Mode-Analysis-for-SVT-AV1/SVT_AV1_Workspace/logs/meeting/a1_4k/MeridianRoad_3840x2160_5994_hdr10__VQ__p10__crf35__run1.log
0548211c851a222a5dbe,2026-09-21T16:05:06.805014+00:00,meeting,ok,a1_4k,MeridianRoad_3840x2160_5994_hdr10.y4m,/home/od26udiz/Desktop/c/Tuning-Mode-Analysis-for-SVT-AV1/SVT_AV1_Workspace/data/source/a1_4k/MeridianRoad_3840x2160_5994_hdr10.y4m,2160p_or_higher,3840,2160,59.94005994005994,10,420p10,3234816844,7d01bce200635758ad305b6de4958e38,dc6addde034934da23ee0da23e2fbfe700e92fc8d4dfab6a82ead4005b3c7f0f,VQ,0,10,44,0,1,0,130,2.168833333333333,3291,3.590122,39.497,3755077632,3581.121,/home/od26udiz/Desktop/c/Tuning-Mode-Analysis-for-SVT-AV1/SVT_AV1_Workspace/data/encoded/meeting/a1_4k/MeridianRoad_3840x2160_5994_hdr10__VQ__p10__crf44__run1.ivf,1007308,3715.5755014216556,e260ae968b71cfa25d2a2b8dd74fb5e3,89ec5c9fffb55f1f94049eab6f1a70fa7cccc965704d70ac6a918056aa3a6e5c,/home/od26udiz/miniconda3/bin/SvtAv1EncApp -i /home/od26udiz/Desktop/c/Tuning-Mode-Analysis-for-SVT-AV1/SVT_AV1_Workspace/data/source/a1_4k/MeridianRoad_3840x2160_5994_hdr10.y4m -b /home/od26udiz/Desktop/c/Tuning-Mode-Analysis-for-SVT-AV1/SVT_AV1_Workspace/data/encoded/meeting/a1_4k/MeridianRoad_3840x2160_5994_hdr10__VQ__p10__crf44__run1.ivf --preset 10 --crf 44 --tune 0 --lp 0 --progress 1,0,/home/od26udiz/Desktop/c/Tuning-Mode-Analysis-for-SVT-AV1/SVT_AV1_Workspace/logs/meeting/a1_4k/MeridianRoad_3840x2160_5994_hdr10__VQ__p10__crf44__run1.log
a14761fe9ba0e90839c4,2026-09-21T16:05:10.339084+00:00,meeting,ok,a1_4k,MeridianRoad_3840x2160_5994_hdr10.y4m,/home/od26udiz/Desktop/c/Tuning-Mode-Analysis-for-SVT-AV1/SVT_AV1_Workspace/data/source/a1_4k/MeridianRoad_3840x2160_5994_hdr10.y4m,2160p_or_higher,3840,2160,59.94005994005994,10,420p10,3234816844,7d01bce200635758ad305b6de4958e38,dc6addde034934da23ee0da23e2fbfe700e92fc8d4dfab6a82ead4005b3c7f0f,VQ,0,10,52,0,1,0,130,2.168833333333333,3215,3.51168,40.437,3704602624,3532.984,/home/od26udiz/Desktop/c/Tuning-Mode-Analysis-for-SVT-AV1/SVT_AV1_Workspace/data/encoded/meeting/a1_4k/MeridianRoad_3840x2160_5994_hdr10__VQ__p10__crf52__run1.ivf,555953,2050.6988396219167,4cb34bcc8c5a52de1964463c679a522b,272d2716a99ce60ff9077345c92dc1748d491ca7cc2ce9eddfb4d261ee867c3f,/home/od26udiz/miniconda3/bin/SvtAv1EncApp -i /home/od26udiz/Desktop/c/Tuning-Mode-Analysis-for-SVT-AV1/SVT_AV1_Workspace/data/source/a1_4k/MeridianRoad_3840x2160_5994_hdr10.y4m -b /home/od26udiz/Desktop/c/Tuning-Mode-Analysis-for-SVT-AV1/SVT_AV1_Workspace/data/encoded/meeting/a1_4k/MeridianRoad_3840x2160_5994_hdr10__VQ__p10__crf52__run1.ivf --preset 10 --crf 52 --tune 0 --lp 0 --progress 1,0,/home/od26udiz/Desktop/c/Tuning-Mode-Analysis-for-SVT-AV1/SVT_AV1_Workspace/logs/meeting/a1_4k/MeridianRoad_3840x2160_5994_hdr10__VQ__p10__crf52__run1.log
2c3e156ed178bc29cefe,2026-09-21T16:05:13.618379+00:00,meeting,ok,a1_4k,MeridianRoad_3840x2160_5994_hdr10.y4m,/home/od26udiz/Desktop/c/Tuning-Mode-Analysis-for-SVT-AV1/SVT_AV1_Workspace/data/source/a1_4k/MeridianRoad_3840x2160_5994_hdr10.y4m,2160p_or_higher,3840,2160,59.94005994005994,10,420p10,3234816844,7d01bce200635758ad305b6de4958e38,dc6addde034934da23ee0da23e2fbfe700e92fc8d4dfab6a82ead4005b3c7f0f,VQ,0,10,60,0,1,0,130,2.168833333333333,3058,3.268038,42.518,3717664768,3545.441,/home/od26udiz/Desktop/c/Tuning-Mode-Analysis-for-SVT-AV1/SVT_AV1_Workspace/data/encoded/meeting/a1_4k/MeridianRoad_3840x2160_5994_hdr10__VQ__p10__crf60__run1.ivf,245378,905.105970952125,1316c34b7f5d08791d238d12b1b6b477,8bb517701d7177afc0efc86941672a4d301ab1031aa02206663f6b6fb76e6712,/home/od26udiz/miniconda3/bin/SvtAv1EncApp -i /home/od26udiz/Desktop/c/Tuning-Mode-Analysis-for-SVT-AV1/SVT_AV1_Workspace/data/source/a1_4k/MeridianRoad_3840x2160_5994_hdr10.y4m -b /home/od26udiz/Desktop/c/Tuning-Mode-Analysis-for-SVT-AV1/SVT_AV1_Workspace/data/encoded/meeting/a1_4k/MeridianRoad_3840x2160_5994_hdr10__VQ__p10__crf60__run1.ivf --preset 10 --crf 60 --tune 0 --lp 0 --progress 1,0,/home/od26udiz/Desktop/c/Tuning-Mode-Analysis-for-SVT-AV1/SVT_AV1_Workspace/logs/meeting/a1_4k/MeridianRoad_3840x2160_5994_hdr10__VQ__p10__crf60__run1.log
66c7d8b9146cdc1eb918,2026-09-21T16:07:44.312635+00:00,meeting,ok,a1_4k,MeridianRoad_3840x2160_5994_hdr10.y4m,/home/od26udiz/Desktop/c/Tuning-Mode-Analysis-for-SVT-AV1/SVT_AV1_Workspace/data/source/a1_4k/MeridianRoad_3840x2160_5994_hdr10.y4m,2160p_or_higher,3840,2160,59.94005994005994,10,420p10,3234816844,7d01bce200635758ad305b6de4958e38,dc6addde034934da23ee0da23e2fbfe700e92fc8d4dfab6a82ead4005b3c7f0f,PSNR,1,1,18,0,1,0,130,2.168833333333333,150220,150.677822,0.865,8630476800,8230.664,/home/od26udiz/Desktop/c/Tuning-Mode-Analysis-for-SVT-AV1/SVT_AV1_Workspace/data/encoded/meeting/a1_4k/MeridianRoad_3840x2160_5994_hdr10__PSNR__p1__crf18__run1.ivf,4982016,18376.759240759242,5f3cd1317c1e91fb2370566fde5d7b02,fe75ae8ee1f9bdab402bf2c4b9fd2564830b7eefd677a447308b7ad80516864e,/home/od26udiz/miniconda3/bin/SvtAv1EncApp -i /home/od26udiz/Desktop/c/Tuning-Mode-Analysis-for-SVT-AV1/SVT_AV1_Workspace/data/source/a1_4k/MeridianRoad_3840x2160_5994_hdr10.y4m -b /home/od26udiz/Desktop/c/Tuning-Mode-Analysis-for-SVT-AV1/SVT_AV1_Workspace/data/encoded/meeting/a1_4k/MeridianRoad_3840x2160_5994_hdr10__PSNR__p1__crf18__run1.ivf --preset 1 --crf 18 --tune 1 --lp 0 --progress 1,0,/home/od26udiz/Desktop/c/Tuning-Mode-Analysis-for-SVT-AV1/SVT_AV1_Workspace/logs/meeting/a1_4k/MeridianRoad_3840x2160_5994_hdr10__PSNR__p1__crf18__run1.log
db0e93b8d5ccb3a20127,2026-09-21T16:10:05.462353+00:00,meeting,ok,a1_4k,MeridianRoad_3840x2160_5994_hdr10.y4m,/home/od26udiz/Desktop/c/Tuning-Mode-Analysis-for-SVT-AV1/SVT_AV1_Workspace/data/source/a1_4k/MeridianRoad_3840x2160_5994_hdr10.y4m,2160p_or_higher,3840,2160,59.94005994005994,10,420p10,3234816844,7d01bce200635758ad305b6de4958e38,dc6addde034934da23ee0da23e2fbfe700e92fc8d4dfab6a82ead4005b3c7f0f,PSNR,1,1,26,0,1,0,130,2.168833333333333,140657,141.069017,0.924,8684908544,8282.574,/home/od26udiz/Desktop/c/Tuning-Mode-Analysis-for-SVT-AV1/SVT_AV1_Workspace/data/encoded/meeting/a1_4k/MeridianRoad_3840x2160_5994_hdr10__PSNR__p1__crf26__run1.ivf,2402757,8862.855298547607,067c6e9442e789b54285df75cbb6aa44,725f981d555ccd6ff8ca941301d8060d22b44791311399cec98462353fcd035d,/home/od26udiz/miniconda3/bin/SvtAv1EncApp -i /home/od26udiz/Desktop/c/Tuning-Mode-Analysis-for-SVT-AV1/SVT_AV1_Workspace/data/source/a1_4k/MeridianRoad_3840x2160_5994_hdr10.y4m -b /home/od26udiz/Desktop/c/Tuning-Mode-Analysis-for-SVT-AV1/SVT_AV1_Workspace/data/encoded/meeting/a1_4k/MeridianRoad_3840x2160_5994_hdr10__PSNR__p1__crf26__run1.ivf --preset 1 --crf 26 --tune 1 --lp 0 --progress 1,0,/home/od26udiz/Desktop/c/Tuning-Mode-Analysis-for-SVT-AV1/SVT_AV1_Workspace/logs/meeting/a1_4k/MeridianRoad_3840x2160_5994_hdr10__PSNR__p1__crf26__run1.log
60da3d00e8676ad5a307,2026-09-21T16:12:12.826929+00:00,meeting,ok,a1_4k,MeridianRoad_3840x2160_5994_hdr10.y4m,/home/od26udiz/Desktop/c/Tuning-Mode-Analysis-for-SVT-AV1/SVT_AV1_Workspace/data/source/a1_4k/MeridianRoad_3840x2160_5994_hdr10.y4m,2160p_or_higher,3840,2160,59.94005994005994,10,420p10,3234816844,7d01bce200635758ad305b6de4958e38,dc6addde034934da23ee0da23e2fbfe700e92fc8d4dfab6a82ead4005b3c7f0f,PSNR,1,1,35,0,1,0,130,2.168833333333333,126887,127.326912,1.025,9275285504,8845.602,/home/od26udiz/Desktop/c/Tuning-Mode-Analysis-for-SVT-AV1/SVT_AV1_Workspace/data/encoded/meeting/a1_4k/MeridianRoad_3840x2160_5994_hdr10__PSNR__p1__crf35__run1.ivf,1391073,5131.138400061477,4df70e490728a4c7e9a7cfaf776f78f8,1f2c16bb50afff9e04bea97de432d1cf925b21514e13ed880c3d8e924f7e684b,/home/od26udiz/miniconda3/bin/SvtAv1EncApp -i /home/od26udiz/Desktop/c/Tuning-Mode-Analysis-for-SVT-AV1/SVT_AV1_Workspace/data/source/a1_4k/MeridianRoad_3840x2160_5994_hdr10.y4m -b /home/od26udiz/Desktop/c/Tuning-Mode-Analysis-for-SVT-AV1/SVT_AV1_Workspace/data/encoded/meeting/a1_4k/MeridianRoad_3840x2160_5994_hdr10__PSNR__p1__crf35__run1.ivf --preset 1 --crf 35 --tune 1 --lp 0 --progress 1,0,/home/od26udiz/Desktop/c/Tuning-Mode-Analysis-for-SVT-AV1/SVT_AV1_Workspace/logs/meeting/a1_4k/MeridianRoad_3840x2160_5994_hdr10__PSNR__p1__crf35__run1.log
10fa3f884cae0242e2e1,2026-09-21T16:14:00.564813+00:00,meeting,ok,a1_4k,MeridianRoad_3840x2160_5994_hdr10.y4m,/home/od26udiz/Desktop/c/Tuning-Mode-Analysis-for-SVT-AV1/SVT_AV1_Workspace/data/source/a1_4k/MeridianRoad_3840x2160_5994_hdr10.y4m,2160p_or_higher,3840,2160,59.94005994005994,10,420p10,3234816844,7d01bce200635758ad305b6de4958e38,dc6addde034934da23ee0da23e2fbfe700e92fc8d4dfab6a82ead4005b3c7f0f,PSNR,1,1,44,0,1,0,130,2.168833333333333,107288,107.70613,1.212,9013800960,8596.23,/home/od26udiz/Desktop/c/Tuning-Mode-Analysis-for-SVT-AV1/SVT_AV1_Workspace/data/encoded/meeting/a1_4k/MeridianRoad_3840x2160_5994_hdr10__PSNR__p1__crf44__run1.ivf,823283,3036.7773764696844,11ccbce4905ecf66bd78a54d6a14ef2e,ded3e227d2be9daa442494f53d29682289d94d2a17eab64ce0930fb45033befa,/home/od26udiz/miniconda3/bin/SvtAv1EncApp -i /home/od26udiz/Desktop/c/Tuning-Mode-Analysis-for-SVT-AV1/SVT_AV1_Workspace/data/source/a1_4k/MeridianRoad_3840x2160_5994_hdr10.y4m -b /home/od26udiz/Desktop/c/Tuning-Mode-Analysis-for-SVT-AV1/SVT_AV1_Workspace/data/encoded/meeting/a1_4k/MeridianRoad_3840x2160_5994_hdr10__PSNR__p1__crf44__run1.ivf --preset 1 --crf 44 --tune 1 --lp 0 --progress 1,0,/home/od26udiz/Desktop/c/Tuning-Mode-Analysis-for-SVT-AV1/SVT_AV1_Workspace/logs/meeting/a1_4k/MeridianRoad_3840x2160_5994_hdr10__PSNR__p1__crf44__run1.log
78af55d82110b287cca8,2026-09-21T16:15:59.463030+00:00,meeting,ok,a1_4k,MeridianRoad_3840x2160_5994_hdr10.y4m,/home/od26udiz/Desktop/c/Tuning-Mode-Analysis-for-SVT-AV1/SVT_AV1_Workspace/data/source/a1_4k/MeridianRoad_3840x2160_5994_hdr10.y4m,2160p_or_higher,3840,2160,59.94005994005994,10,420p10,3234816844,7d01bce200635758ad305b6de4958e38,dc6addde034934da23ee0da23e2fbfe700e92fc8d4dfab6a82ead4005b3c7f0f,PSNR,1,1,52,0,1,0,130,2.168833333333333,118503,118.874669,1.097,9294069760,8863.516,/home/od26udiz/Desktop/c/Tuning-Mode-Analysis-for-SVT-AV1/SVT_AV1_Workspace/data/encoded/meeting/a1_4k/MeridianRoad_3840x2160_5994_hdr10__PSNR__p1__crf52__run1.ivf,522105,1925.8464612310768,7bbcb6859e1d411379827f0566d9a811,d462e9a38a60ca7b7868ae65e9fd5564d9b1225a9ab72cbff9a2785448d291a6,/home/od26udiz/miniconda3/bin/SvtAv1EncApp -i /home/od26udiz/Desktop/c/Tuning-Mode-Analysis-for-SVT-AV1/SVT_AV1_Workspace/data/source/a1_4k/MeridianRoad_3840x2160_5994_hdr10.y4m -b /home/od26udiz/Desktop/c/Tuning-Mode-Analysis-for-SVT-AV1/SVT_AV1_Workspace/data/encoded/meeting/a1_4k/MeridianRoad_3840x2160_5994_hdr10__PSNR__p1__crf52__run1.ivf --preset 1 --crf 52 --tune 1 --lp 0 --progress 1,0,/home/od26udiz/Desktop/c/Tuning-Mode-Analysis-for-SVT-AV1/SVT_AV1_Workspace/logs/meeting/a1_4k/MeridianRoad_3840x2160_5994_hdr10__PSNR__p1__crf52__run1.log
43a510224a000147fdf8,2026-09-21T16:18:08.993728+00:00,meeting,ok,a1_4k,MeridianRoad_3840x2160_5994_hdr10.y4m,/home/od26udiz/Desktop/c/Tuning-Mode-Analysis-for-SVT-AV1/SVT_AV1_Workspace/data/source/a1_4k/MeridianRoad_3840x2160_5994_hdr10.y4m,2160p_or_higher,3840,2160,59.94005994005994,10,420p10,3234816844,7d01bce200635758ad305b6de4958e38,dc6addde034934da23ee0da23e2fbfe700e92fc8d4dfab6a82ead4005b3c7f0f,PSNR,1,1,60,0,1,0,130,2.168833333333333,129106,129.509211,1.007,9245917184,8817.594,/home/od26udiz/Desktop/c/Tuning-Mode-Analysis-for-SVT-AV1/SVT_AV1_Workspace/data/encoded/meeting/a1_4k/MeridianRoad_3840x2160_5994_hdr10__PSNR__p1__crf60__run1.ivf,242843,895.7553216014754,85345a56888902d594866ca96bb6c44d,e84a8117d8c50f37e76295f7c7d44c89e8d4875b50a4d40c281a6c2b0daf0881,/home/od26udiz/miniconda3/bin/SvtAv1EncApp -i /home/od26udiz/Desktop/c/Tuning-Mode-Analysis-for-SVT-AV1/SVT_AV1_Workspace/data/source/a1_4k/MeridianRoad_3840x2160_5994_hdr10.y4m -b /home/od26udiz/Desktop/c/Tuning-Mode-Analysis-for-SVT-AV1/SVT_AV1_Workspace/data/encoded/meeting/a1_4k/MeridianRoad_3840x2160_5994_hdr10__PSNR__p1__crf60__run1.ivf --preset 1 --crf 60 --tune 1 --lp 0 --progress 1,0,/home/od26udiz/Desktop/c/Tuning-Mode-Analysis-for-SVT-AV1/SVT_AV1_Workspace/logs/meeting/a1_4k/MeridianRoad_3840x2160_5994_hdr10__PSNR__p1__crf60__run1.log
ba0f330723c29491dde2,2026-09-21T16:18:14.575257+00:00,meeting,ok,a1_4k,MeridianRoad_3840x2160_5994_hdr10.y4m,/home/od26udiz/Desktop/c/Tuning-Mode-Analysis-for-SVT-AV1/SVT_AV1_Workspace/data/source/a1_4k/MeridianRoad_3840x2160_5994_hdr10.y4m,2160p_or_higher,3840,2160,59.94005994005994,10,420p10,3234816844,7d01bce200635758ad305b6de4958e38,dc6addde034934da23ee0da23e2fbfe700e92fc8d4dfab6a82ead4005b3c7f0f,PSNR,1,10,18,0,1,0,130,2.168833333333333,5108,5.565973,25.449,3722342400,3549.902,/home/od26udiz/Desktop/c/Tuning-Mode-Analysis-for-SVT-AV1/SVT_AV1_Workspace/data/encoded/meeting/a1_4k/MeridianRoad_3840x2160_5994_hdr10__PSNR__p10__crf18__run1.ivf,14574145,53758.46922308461,7e704ae3ac2b6fbf097841b9353165b6,7dcf73cd423fe0f64eb2a6a8897482a266f86dc80b9e528d9dcd1a52d23f2dac,/home/od26udiz/miniconda3/bin/SvtAv1EncApp -i /home/od26udiz/Desktop/c/Tuning-Mode-Analysis-for-SVT-AV1/SVT_AV1_Workspace/data/source/a1_4k/MeridianRoad_3840x2160_5994_hdr10.y4m -b /home/od26udiz/Desktop/c/Tuning-Mode-Analysis-for-SVT-AV1/SVT_AV1_Workspace/data/encoded/meeting/a1_4k/MeridianRoad_3840x2160_5994_hdr10__PSNR__p10__crf18__run1.ivf --preset 10 --crf 18 --tune 1 --lp 0 --progress 1,0,/home/od26udiz/Desktop/c/Tuning-Mode-Analysis-for-SVT-AV1/SVT_AV1_Workspace/logs/meeting/a1_4k/MeridianRoad_3840x2160_5994_hdr10__PSNR__p10__crf18__run1.log
011220576688115f8b2e,2026-09-21T16:18:19.077807+00:00,meeting,ok,a1_4k,MeridianRoad_3840x2160_5994_hdr10.y4m,/home/od26udiz/Desktop/c/Tuning-Mode-Analysis-for-SVT-AV1/SVT_AV1_Workspace/data/source/a1_4k/MeridianRoad_3840x2160_5994_hdr10.y4m,2160p_or_higher,3840,2160,59.94005994005994,10,420p10,3234816844,7d01bce200635758ad305b6de4958e38,dc6addde034934da23ee0da23e2fbfe700e92fc8d4dfab6a82ead4005b3c7f0f,PSNR,1,10,26,0,1,0,130,2.168833333333333,4112,4.411709,31.611,3729694720,3556.914,/home/od26udiz/Desktop/c/Tuning-Mode-Analysis-for-SVT-AV1/SVT_AV1_Workspace/data/encoded/meeting/a1_4k/MeridianRoad_3840x2160_5994_hdr10__PSNR__p10__crf26__run1.ivf,4492466,16570.995773457314,143ceb20a04cdc227e0e4022e0486387,3a5738a3e1ba1a14504cf28af544de46b9fb2b43146816bb9e845e72a9c8ab47,/home/od26udiz/miniconda3/bin/SvtAv1EncApp -i /home/od26udiz/Desktop/c/Tuning-Mode-Analysis-for-SVT-AV1/SVT_AV1_Workspace/data/source/a1_4k/MeridianRoad_3840x2160_5994_hdr10.y4m -b /home/od26udiz/Desktop/c/Tuning-Mode-Analysis-for-SVT-AV1/SVT_AV1_Workspace/data/encoded/meeting/a1_4k/MeridianRoad_3840x2160_5994_hdr10__PSNR__p10__crf26__run1.ivf --preset 10 --crf 26 --tune 1 --lp 0 --progress 1,0,/home/od26udiz/Desktop/c/Tuning-Mode-Analysis-for-SVT-AV1/SVT_AV1_Workspace/logs/meeting/a1_4k/MeridianRoad_3840x2160_5994_hdr10__PSNR__p10__crf26__run1.log
a031739f5d29360686e9,2026-09-21T16:18:22.831076+00:00,meeting,ok,a1_4k,MeridianRoad_3840x2160_5994_hdr10.y4m,/home/od26udiz/Desktop/c/Tuning-Mode-Analysis-for-SVT-AV1/SVT_AV1_Workspace/data/source/a1_4k/MeridianRoad_3840x2160_5994_hdr10.y4m,2160p_or_higher,3840,2160,59.94005994005994,10,420p10,3234816844,7d01bce200635758ad305b6de4958e38,dc6addde034934da23ee0da23e2fbfe700e92fc8d4dfab6a82ead4005b3c7f0f,PSNR,1,10,35,0,1,0,130,2.168833333333333,3403,3.699678,38.202,3752894464,3579.039,/home/od26udiz/Desktop/c/Tuning-Mode-Analysis-for-SVT-AV1/SVT_AV1_Workspace/data/encoded/meeting/a1_4k/MeridianRoad_3840x2160_5994_hdr10__PSNR__p10__crf35__run1.ivf,1881238,6939.170368093446,34ed8d0a3a6300a4aa09e4393f5d3a58,d964a491afab2741d2651b5324b72c116abfb1b98c18bb02c9c85f734a36058c,/home/od26udiz/miniconda3/bin/SvtAv1EncApp -i /home/od26udiz/Desktop/c/Tuning-Mode-Analysis-for-SVT-AV1/SVT_AV1_Workspace/data/source/a1_4k/MeridianRoad_3840x2160_5994_hdr10.y4m -b /home/od26udiz/Desktop/c/Tuning-Mode-Analysis-for-SVT-AV1/SVT_AV1_Workspace/data/encoded/meeting/a1_4k/MeridianRoad_3840x2160_5994_hdr10__PSNR__p10__crf35__run1.ivf --preset 10 --crf 35 --tune 1 --lp 0 --progress 1,0,/home/od26udiz/Desktop/c/Tuning-Mode-Analysis-for-SVT-AV1/SVT_AV1_Workspace/logs/meeting/a1_4k/MeridianRoad_3840x2160_5994_hdr10__PSNR__p10__crf35__run1.log
dae51ad39b7759f104ee,2026-09-21T16:18:26.495534+00:00,meeting,ok,a1_4k,MeridianRoad_3840x2160_5994_hdr10.y4m,/home/od26udiz/Desktop/c/Tuning-Mode-Analysis-for-SVT-AV1/SVT_AV1_Workspace/data/source/a1_4k/MeridianRoad_3840x2160_5994_hdr10.y4m,2160p_or_higher,3840,2160,59.94005994005994,10,420p10,3234816844,7d01bce200635758ad305b6de4958e38,dc6addde034934da23ee0da23e2fbfe700e92fc8d4dfab6a82ead4005b3c7f0f,PSNR,1,10,44,0,1,0,130,2.168833333333333,3307,3.631533,39.307,3886313472,3706.277,/home/od26udiz/Desktop/c/Tuning-Mode-Analysis-for-SVT-AV1/SVT_AV1_Workspace/data/encoded/meeting/a1_4k/MeridianRoad_3840x2160_5994_hdr10__PSNR__p10__crf44__run1.ivf,877452,3236.5861830477215,4b4e62755f37906d01057f69c2b26196,d2ff255909b5ea262047a602e6e7a3cfbc2a26561cdd9027ab92c1bb6658fd78,/home/od26udiz/miniconda3/bin/SvtAv1EncApp -i /home/od26udiz/Desktop/c/Tuning-Mode-Analysis-for-SVT-AV1/SVT_AV1_Workspace/data/source/a1_4k/MeridianRoad_3840x2160_5994_hdr10.y4m -b /home/od26udiz/Desktop/c/Tuning-Mode-Analysis-for-SVT-AV1/SVT_AV1_Workspace/data/encoded/meeting/a1_4k/MeridianRoad_3840x2160_5994_hdr10__PSNR__p10__crf44__run1.ivf --preset 10 --crf 44 --tune 1 --lp 0 --progress 1,0,/home/od26udiz/Desktop/c/Tuning-Mode-Analysis-for-SVT-AV1/SVT_AV1_Workspace/logs/meeting/a1_4k/MeridianRoad_3840x2160_5994_hdr10__PSNR__p10__crf44__run1.log
a935774a6a3ef2d9911c,2026-09-21T16:18:30.030782+00:00,meeting,ok,a1_4k,MeridianRoad_3840x2160_5994_hdr10.y4m,/home/od26udiz/Desktop/c/Tuning-Mode-Analysis-for-SVT-AV1/SVT_AV1_Workspace/data/source/a1_4k/MeridianRoad_3840x2160_5994_hdr10.y4m,2160p_or_higher,3840,2160,59.94005994005994,10,420p10,3234816844,7d01bce200635758ad305b6de4958e38,dc6addde034934da23ee0da23e2fbfe700e92fc8d4dfab6a82ead4005b3c7f0f,PSNR,1,10,52,0,1,0,130,2.168833333333333,3265,3.516006,39.818,3617501184,3449.918,/home/od26udiz/Desktop/c/Tuning-Mode-Analysis-for-SVT-AV1/SVT_AV1_Workspace/data/encoded/meeting/a1_4k/MeridianRoad_3840x2160_5994_hdr10__PSNR__p10__crf52__run1.ivf,483346,1782.8792745715825,a52320b5cce79b0244c83a9b233a496b,5ceedc42bd2f3fda1219c7ab0ae8aeefc14783132eda17c80e0f822b5b0063fb,/home/od26udiz/miniconda3/bin/SvtAv1EncApp -i /home/od26udiz/Desktop/c/Tuning-Mode-Analysis-for-SVT-AV1/SVT_AV1_Workspace/data/source/a1_4k/MeridianRoad_3840x2160_5994_hdr10.y4m -b /home/od26udiz/Desktop/c/Tuning-Mode-Analysis-for-SVT-AV1/SVT_AV1_Workspace/data/encoded/meeting/a1_4k/MeridianRoad_3840x2160_5994_hdr10__PSNR__p10__crf52__run1.ivf --preset 10 --crf 52 --tune 1 --lp 0 --progress 1,0,/home/od26udiz/Desktop/c/Tuning-Mode-Analysis-for-SVT-AV1/SVT_AV1_Workspace/logs/meeting/a1_4k/MeridianRoad_3840x2160_5994_hdr10__PSNR__p10__crf52__run1.log
58e4063398916905fb6f,2026-09-21T16:18:33.420512+00:00,meeting,ok,a1_4k,MeridianRoad_3840x2160_5994_hdr10.y4m,/home/od26udiz/Desktop/c/Tuning-Mode-Analysis-for-SVT-AV1/SVT_AV1_Workspace/data/source/a1_4k/MeridianRoad_3840x2160_5994_hdr10.y4m,2160p_or_higher,3840,2160,59.94005994005994,10,420p10,3234816844,7d01bce200635758ad305b6de4958e38,dc6addde034934da23ee0da23e2fbfe700e92fc8d4dfab6a82ead4005b3c7f0f,PSNR,1,10,60,0,1,0,130,2.168833333333333,3086,3.380153,42.132,3725623296,3553.031,/home/od26udiz/Desktop/c/Tuning-Mode-Analysis-for-SVT-AV1/SVT_AV1_Workspace/data/encoded/meeting/a1_4k/MeridianRoad_3840x2160_5994_hdr10__PSNR__p10__crf60__run1.ivf,214827,792.414969645739,5c7155a91359ecb89d3fbbd4095a6f94,1f0ef5b9647f4b3e0e64681fd2f290e2f0ec4260a586ed10a764a1a55d8e48db,/home/od26udiz/miniconda3/bin/SvtAv1EncApp -i /home/od26udiz/Desktop/c/Tuning-Mode-Analysis-for-SVT-AV1/SVT_AV1_Workspace/data/source/a1_4k/MeridianRoad_3840x2160_5994_hdr10.y4m -b /home/od26udiz/Desktop/c/Tuning-Mode-Analysis-for-SVT-AV1/SVT_AV1_Workspace/data/encoded/meeting/a1_4k/MeridianRoad_3840x2160_5994_hdr10__PSNR__p10__crf60__run1.ivf --preset 10 --crf 60 --tune 1 --lp 0 --progress 1,0,/home/od26udiz/Desktop/c/Tuning-Mode-Analysis-for-SVT-AV1/SVT_AV1_Workspace/logs/meeting/a1_4k/MeridianRoad_3840x2160_5994_hdr10__PSNR__p10__crf60__run1.log
de84694302f290bc9d40,2026-09-21T16:21:16.911393+00:00,meeting,ok,a1_4k,MeridianRoad_3840x2160_5994_hdr10.y4m,/home/od26udiz/Desktop/c/Tuning-Mode-Analysis-for-SVT-AV1/SVT_AV1_Workspace/data/source/a1_4k/MeridianRoad_3840x2160_5994_hdr10.y4m,2160p_or_higher,3840,2160,59.94005994005994,10,420p10,3234816844,7d01bce200635758ad305b6de4958e38,dc6addde034934da23ee0da23e2fbfe700e92fc8d4dfab6a82ead4005b3c7f0f,SSIM,2,1,18,0,1,0,130,2.168833333333333,163080,163.479031,0.797,9011310592,8593.855,/home/od26udiz/Desktop/c/Tuning-Mode-Analysis-for-SVT-AV1/SVT_AV1_Workspace/data/encoded/meeting/a1_4k/MeridianRoad_3840x2160_5994_hdr10__SSIM__p1__crf18__run1.ivf,5504950,20305.66356720203,e38f15e4acc87945773828bf548f84e6,02223d234de26cda8432a5c7d121e5827f809afa49c7327f85c1369963690da8,/home/od26udiz/miniconda3/bin/SvtAv1EncApp -i /home/od26udiz/Desktop/c/Tuning-Mode-Analysis-for-SVT-AV1/SVT_AV1_Workspace/data/source/a1_4k/MeridianRoad_3840x2160_5994_hdr10.y4m -b /home/od26udiz/Desktop/c/Tuning-Mode-Analysis-for-SVT-AV1/SVT_AV1_Workspace/data/encoded/meeting/a1_4k/MeridianRoad_3840x2160_5994_hdr10__SSIM__p1__crf18__run1.ivf --preset 1 --crf 18 --tune 2 --lp 0 --progress 1,0,/home/od26udiz/Desktop/c/Tuning-Mode-Analysis-for-SVT-AV1/SVT_AV1_Workspace/logs/meeting/a1_4k/MeridianRoad_3840x2160_5994_hdr10__SSIM__p1__crf18__run1.log
b94d9289d53b119de574,2026-09-21T16:23:52.574800+00:00,meeting,ok,a1_4k,MeridianRoad_3840x2160_5994_hdr10.y4m,/home/od26udiz/Desktop/c/Tuning-Mode-Analysis-for-SVT-AV1/SVT_AV1_Workspace/data/source/a1_4k/MeridianRoad_3840x2160_5994_hdr10.y4m,2160p_or_higher,3840,2160,59.94005994005994,10,420p10,3234816844,7d01bce200635758ad305b6de4958e38,dc6addde034934da23ee0da23e2fbfe700e92fc8d4dfab6a82ead4005b3c7f0f,SSIM,2,1,26,0,1,0,130,2.168833333333333,155227,155.622391,0.837,8728690688,8324.328,/home/od26udiz/Desktop/c/Tuning-Mode-Analysis-for-SVT-AV1/SVT_AV1_Workspace/data/encoded/meeting/a1_4k/MeridianRoad_3840x2160_5994_hdr10__SSIM__p1__crf26__run1.ivf,2591674,9559.698148005842,d61a680391f3b88f4f410b75ff01542b,5af268ef9821b7a05a2c3594bf876317bad1eae1a3a99603a658e4f1a438c815,/home/od26udiz/miniconda3/bin/SvtAv1EncApp -i /home/od26udiz/Desktop/c/Tuning-Mode-Analysis-for-SVT-AV1/SVT_AV1_Workspace/data/source/a1_4k/MeridianRoad_3840x2160_5994_hdr10.y4m -b /home/od26udiz/Desktop/c/Tuning-Mode-Analysis-for-SVT-AV1/SVT_AV1_Workspace/data/encoded/meeting/a1_4k/MeridianRoad_3840x2160_5994_hdr10__SSIM__p1__crf26__run1.ivf --preset 1 --crf 26 --tune 2 --lp 0 --progress 1,0,/home/od26udiz/Desktop/c/Tuning-Mode-Analysis-for-SVT-AV1/SVT_AV1_Workspace/logs/meeting/a1_4k/MeridianRoad_3840x2160_5994_hdr10__SSIM__p1__crf26__run1.log
a2efeddcd285789c62e3,2026-09-21T16:26:07.899102+00:00,meeting,ok,a1_4k,MeridianRoad_3840x2160_5994_hdr10.y4m,/home/od26udiz/Desktop/c/Tuning-Mode-Analysis-for-SVT-AV1/SVT_AV1_Workspace/data/source/a1_4k/MeridianRoad_3840x2160_5994_hdr10.y4m,2160p_or_higher,3840,2160,59.94005994005994,10,420p10,3234816844,7d01bce200635758ad305b6de4958e38,dc6addde034934da23ee0da23e2fbfe700e92fc8d4dfab6a82ead4005b3c7f0f,SSIM,2,1,35,0,1,0,130,2.168833333333333,134926,135.285381,0.963,9083355136,8662.562,/home/od26udiz/Desktop/c/Tuning-Mode-Analysis-for-SVT-AV1/SVT_AV1_Workspace/data/encoded/meeting/a1_4k/MeridianRoad_3840x2160_5994_hdr10__SSIM__p1__crf35__run1.ivf,1464196,5400.861292553601,c8e3a8ccc94d778217e9d76147c063a5,6612d69d10c4202f218b79f4aa1544d13e9921f24abebab2b553a3eaf7fe4ba3,/home/od26udiz/miniconda3/bin/SvtAv1EncApp -i /home/od26udiz/Desktop/c/Tuning-Mode-Analysis-for-SVT-AV1/SVT_AV1_Workspace/data/source/a1_4k/MeridianRoad_3840x2160_5994_hdr10.y4m -b /home/od26udiz/Desktop/c/Tuning-Mode-Analysis-for-SVT-AV1/SVT_AV1_Workspace/data/encoded/meeting/a1_4k/MeridianRoad_3840x2160_5994_hdr10__SSIM__p1__crf35__run1.ivf --preset 1 --crf 35 --tune 2 --lp 0 --progress 1,0,/home/od26udiz/Desktop/c/Tuning-Mode-Analysis-for-SVT-AV1/SVT_AV1_Workspace/logs/meeting/a1_4k/MeridianRoad_3840x2160_5994_hdr10__SSIM__p1__crf35__run1.log
8d426c9721100efe0638,2026-09-21T16:28:00.040362+00:00,meeting,ok,a1_4k,MeridianRoad_3840x2160_5994_hdr10.y4m,/home/od26udiz/Desktop/c/Tuning-Mode-Analysis-for-SVT-AV1/SVT_AV1_Workspace/data/source/a1_4k/MeridianRoad_3840x2160_5994_hdr10.y4m,2160p_or_higher,3840,2160,59.94005994005994,10,420p10,3234816844,7d01bce200635758ad305b6de4958e38,dc6addde034934da23ee0da23e2fbfe700e92fc8d4dfab6a82ead4005b3c7f0f,SSIM,2,1,44,0,1,0,130,2.168833333333333,111720,112.115663,1.164,8901451776,8489.086,/home/od26udiz/Desktop/c/Tuning-Mode-Analysis-for-SVT-AV1/SVT_AV1_Workspace/data/encoded/meeting/a1_4k/MeridianRoad_3840x2160_5994_hdr10__SSIM__p1__crf44__run1.ivf,855391,3155.211557673096,559d0fb31c278b59db35f303df6e1f8b,ab8fe2df522596c3b125f967f334017f2c178248a29a947dfdce067a6af7e4e7,/home/od26udiz/miniconda3/bin/SvtAv1EncApp -i /home/od26udiz/Desktop/c/Tuning-Mode-Analysis-for-SVT-AV1/SVT_AV1_Workspace/data/source/a1_4k/MeridianRoad_3840x2160_5994_hdr10.y4m -b /home/od26udiz/Desktop/c/Tuning-Mode-Analysis-for-SVT-AV1/SVT_AV1_Workspace/data/encoded/meeting/a1_4k/MeridianRoad_3840x2160_5994_hdr10__SSIM__p1__crf44__run1.ivf --preset 1 --crf 44 --tune 2 --lp 0 --progress 1,0,/home/od26udiz/Desktop/c/Tuning-Mode-Analysis-for-SVT-AV1/SVT_AV1_Workspace/logs/meeting/a1_4k/MeridianRoad_3840x2160_5994_hdr10__SSIM__p1__crf44__run1.log
753b7043354edbe13d85,2026-09-21T16:30:03.517445+00:00,meeting,ok,a1_4k,MeridianRoad_3840x2160_5994_hdr10.y4m,/home/od26udiz/Desktop/c/Tuning-Mode-Analysis-for-SVT-AV1/SVT_AV1_Workspace/data/source/a1_4k/MeridianRoad_3840x2160_5994_hdr10.y4m,2160p_or_higher,3840,2160,59.94005994005994,10,420p10,3234816844,7d01bce200635758ad305b6de4958e38,dc6addde034934da23ee0da23e2fbfe700e92fc8d4dfab6a82ead4005b3c7f0f,SSIM,2,1,52,0,1,0,130,2.168833333333333,123033,123.461064,1.057,8724455424,8320.289,/home/od26udiz/Desktop/c/Tuning-Mode-Analysis-for-SVT-AV1/SVT_AV1_Workspace/data/encoded/meeting/a1_4k/MeridianRoad_3840x2160_5994_hdr10__SSIM__p1__crf52__run1.ivf,542736,2001.946361330977,bf7389068762af583f9b73064af410dd,5c30b44988d40a6c15741ac55840c324dbdfe9765865f13af0cf5261b6e2cdee,/home/od26udiz/miniconda3/bin/SvtAv1EncApp -i /home/od26udiz/Desktop/c/Tuning-Mode-Analysis-for-SVT-AV1/SVT_AV1_Workspace/data/source/a1_4k/MeridianRoad_3840x2160_5994_hdr10.y4m -b /home/od26udiz/Desktop/c/Tuning-Mode-Analysis-for-SVT-AV1/SVT_AV1_Workspace/data/encoded/meeting/a1_4k/MeridianRoad_3840x2160_5994_hdr10__SSIM__p1__crf52__run1.ivf --preset 1 --crf 52 --tune 2 --lp 0 --progress 1,0,/home/od26udiz/Desktop/c/Tuning-Mode-Analysis-for-SVT-AV1/SVT_AV1_Workspace/logs/meeting/a1_4k/MeridianRoad_3840x2160_5994_hdr10__SSIM__p1__crf52__run1.log
6d96799b1240ec288f18,2026-09-21T16:32:22.547923+00:00,meeting,ok,a1_4k,MeridianRoad_3840x2160_5994_hdr10.y4m,/home/od26udiz/Desktop/c/Tuning-Mode-Analysis-for-SVT-AV1/SVT_AV1_Workspace/data/source/a1_4k/MeridianRoad_3840x2160_5994_hdr10.y4m,2160p_or_higher,3840,2160,59.94005994005994,10,420p10,3234816844,7d01bce200635758ad305b6de4958e38,dc6addde034934da23ee0da23e2fbfe700e92fc8d4dfab6a82ead4005b3c7f0f,SSIM,2,1,60,0,1,0,130,2.168833333333333,138567,139.010852,0.938,9534300160,9092.617,/home/od26udiz/Desktop/c/Tuning-Mode-Analysis-for-SVT-AV1/SVT_AV1_Workspace/data/encoded/meeting/a1_4k/MeridianRoad_3840x2160_5994_hdr10__SSIM__p1__crf60__run1.ivf,249068,918.71697533236,738554419d7f9cfb5f7314ba8b12eb36,68ea1c9b03ad301b97b3192dd59c2c6f807f3217b7ef555fe222cb785be3fc54,/home/od26udiz/miniconda3/bin/SvtAv1EncApp -i /home/od26udiz/Desktop/c/Tuning-Mode-Analysis-for-SVT-AV1/SVT_AV1_Workspace/data/source/a1_4k/MeridianRoad_3840x2160_5994_hdr10.y4m -b /home/od26udiz/Desktop/c/Tuning-Mode-Analysis-for-SVT-AV1/SVT_AV1_Workspace/data/encoded/meeting/a1_4k/MeridianRoad_3840x2160_5994_hdr10__SSIM__p1__crf60__run1.ivf --preset 1 --crf 60 --tune 2 --lp 0 --progress 1,0,/home/od26udiz/Desktop/c/Tuning-Mode-Analysis-for-SVT-AV1/SVT_AV1_Workspace/logs/meeting/a1_4k/MeridianRoad_3840x2160_5994_hdr10__SSIM__p1__crf60__run1.log
d5c04a71c552d2d5f981,2026-09-21T16:32:28.130879+00:00,meeting,ok,a1_4k,MeridianRoad_3840x2160_5994_hdr10.y4m,/home/od26udiz/Desktop/c/Tuning-Mode-Analysis-for-SVT-AV1/SVT_AV1_Workspace/data/source/a1_4k/MeridianRoad_3840x2160_5994_hdr10.y4m,2160p_or_higher,3840,2160,59.94005994005994,10,420p10,3234816844,7d01bce200635758ad305b6de4958e38,dc6addde034934da23ee0da23e2fbfe700e92fc8d4dfab6a82ead4005b3c7f0f,SSIM,2,10,18,0,1,0,130,2.168833333333333,5182,5.568001,25.085,3629105152,3460.984,/home/od26udiz/Desktop/c/Tuning-Mode-Analysis-for-SVT-AV1/SVT_AV1_Workspace/data/encoded/meeting/a1_4k/MeridianRoad_3840x2160_5994_hdr10__SSIM__p10__crf18__run1.ivf,14810182,54629.11980327366,91fde37c66786efa846add96bc11778f,dbfbab539c1134a4eeb64f9c6110d7eb5f6f8ed0c290ed56d429fdad8817485c,/home/od26udiz/miniconda3/bin/SvtAv1EncApp -i /home/od26udiz/Desktop/c/Tuning-Mode-Analysis-for-SVT-AV1/SVT_AV1_Workspace/data/source/a1_4k/MeridianRoad_3840x2160_5994_hdr10.y4m -b /home/od26udiz/Desktop/c/Tuning-Mode-Analysis-for-SVT-AV1/SVT_AV1_Workspace/data/encoded/meeting/a1_4k/MeridianRoad_3840x2160_5994_hdr10__SSIM__p10__crf18__run1.ivf --preset 10 --crf 18 --tune 2 --lp 0 --progress 1,0,/home/od26udiz/Desktop/c/Tuning-Mode-Analysis-for-SVT-AV1/SVT_AV1_Workspace/logs/meeting/a1_4k/MeridianRoad_3840x2160_5994_hdr10__SSIM__p10__crf18__run1.log
9d3cc843d60ddf568c62,2026-09-21T16:32:32.746919+00:00,meeting,ok,a1_4k,MeridianRoad_3840x2160_5994_hdr10.y4m,/home/od26udiz/Desktop/c/Tuning-Mode-Analysis-for-SVT-AV1/SVT_AV1_Workspace/data/source/a1_4k/MeridianRoad_3840x2160_5994_hdr10.y4m,2160p_or_higher,3840,2160,59.94005994005994,10,420p10,3234816844,7d01bce200635758ad305b6de4958e38,dc6addde034934da23ee0da23e2fbfe700e92fc8d4dfab6a82ead4005b3c7f0f,SSIM,2,10,26,0,1,0,130,2.168833333333333,4234,4.521111,30.703,3599441920,3432.695,/home/od26udiz/Desktop/c/Tuning-Mode-Analysis-for-SVT-AV1/SVT_AV1_Workspace/data/encoded/meeting/a1_4k/MeridianRoad_3840x2160_5994_hdr10__SSIM__p10__crf26__run1.ivf,4607885,16996.73249827096,7bd9d21843e26e865c9ee6f719846fcc,98f8d7c30bb2cef83c2bb60776d660b8ceba4727a700ef502dbe2eb58b36ff43,/home/od26udiz/miniconda3/bin/SvtAv1EncApp -i /home/od26udiz/Desktop/c/Tuning-Mode-Analysis-for-SVT-AV1/SVT_AV1_Workspace/data/source/a1_4k/MeridianRoad_3840x2160_5994_hdr10.y4m -b /home/od26udiz/Desktop/c/Tuning-Mode-Analysis-for-SVT-AV1/SVT_AV1_Workspace/data/encoded/meeting/a1_4k/MeridianRoad_3840x2160_5994_hdr10__SSIM__p10__crf26__run1.ivf --preset 10 --crf 26 --tune 2 --lp 0 --progress 1,0,/home/od26udiz/Desktop/c/Tuning-Mode-Analysis-for-SVT-AV1/SVT_AV1_Workspace/logs/meeting/a1_4k/MeridianRoad_3840x2160_5994_hdr10__SSIM__p10__crf26__run1.log
6ed3ad8f5141f83bf6d4,2026-09-21T16:32:36.491924+00:00,meeting,ok,a1_4k,MeridianRoad_3840x2160_5994_hdr10.y4m,/home/od26udiz/Desktop/c/Tuning-Mode-Analysis-for-SVT-AV1/SVT_AV1_Workspace/data/source/a1_4k/MeridianRoad_3840x2160_5994_hdr10.y4m,2160p_or_higher,3840,2160,59.94005994005994,10,420p10,3234816844,7d01bce200635758ad305b6de4958e38,dc6addde034934da23ee0da23e2fbfe700e92fc8d4dfab6a82ead4005b3c7f0f,SSIM,2,10,35,0,1,0,130,2.168833333333333,3473,3.693158,37.431,3637673984,3469.156,/home/od26udiz/Desktop/c/Tuning-Mode-Analysis-for-SVT-AV1/SVT_AV1_Workspace/data/encoded/meeting/a1_4k/MeridianRoad_3840x2160_5994_hdr10__SSIM__p10__crf35__run1.ivf,1921579,7087.972950126797,873cad472dd35f4619bb889b3fc5c518,e8df3289f845f906b78f6547f94cb18650f243e89a1d54a5961bc86c0392519a,/home/od26udiz/miniconda3/bin/SvtAv1EncApp -i /home/od26udiz/Desktop/c/Tuning-Mode-Analysis-for-SVT-AV1/SVT_AV1_Workspace/data/source/a1_4k/MeridianRoad_3840x2160_5994_hdr10.y4m -b /home/od26udiz/Desktop/c/Tuning-Mode-Analysis-for-SVT-AV1/SVT_AV1_Workspace/data/encoded/meeting/a1_4k/MeridianRoad_3840x2160_5994_hdr10__SSIM__p10__crf35__run1.ivf --preset 10 --crf 35 --tune 2 --lp 0 --progress 1,0,/home/od26udiz/Desktop/c/Tuning-Mode-Analysis-for-SVT-AV1/SVT_AV1_Workspace/logs/meeting/a1_4k/MeridianRoad_3840x2160_5994_hdr10__SSIM__p10__crf35__run1.log
4d030200306bf7e783d2,2026-09-21T16:32:40.102939+00:00,meeting,ok,a1_4k,MeridianRoad_3840x2160_5994_hdr10.y4m,/home/od26udiz/Desktop/c/Tuning-Mode-Analysis-for-SVT-AV1/SVT_AV1_Workspace/data/source/a1_4k/MeridianRoad_3840x2160_5994_hdr10.y4m,2160p_or_higher,3840,2160,59.94005994005994,10,420p10,3234816844,7d01bce200635758ad305b6de4958e38,dc6addde034934da23ee0da23e2fbfe700e92fc8d4dfab6a82ead4005b3c7f0f,SSIM,2,10,44,0,1,0,130,2.168833333333333,3371,3.594374,38.562,3761639424,3587.379,/home/od26udiz/Desktop/c/Tuning-Mode-Analysis-for-SVT-AV1/SVT_AV1_Workspace/data/encoded/meeting/a1_4k/MeridianRoad_3840x2160_5994_hdr10__SSIM__p10__crf44__run1.ivf,887718,3274.4535464535466,38f0856784a46cec19a5bb196fbcf834,8a8c8b663c09eda373b3fc92d4f0620248508dad3805ffe4f92c68ab3d93a023,/home/od26udiz/miniconda3/bin/SvtAv1EncApp -i /home/od26udiz/Desktop/c/Tuning-Mode-Analysis-for-SVT-AV1/SVT_AV1_Workspace/data/source/a1_4k/MeridianRoad_3840x2160_5994_hdr10.y4m -b /home/od26udiz/Desktop/c/Tuning-Mode-Analysis-for-SVT-AV1/SVT_AV1_Workspace/data/encoded/meeting/a1_4k/MeridianRoad_3840x2160_5994_hdr10__SSIM__p10__crf44__run1.ivf --preset 10 --crf 44 --tune 2 --lp 0 --progress 1,0,/home/od26udiz/Desktop/c/Tuning-Mode-Analysis-for-SVT-AV1/SVT_AV1_Workspace/logs/meeting/a1_4k/MeridianRoad_3840x2160_5994_hdr10__SSIM__p10__crf44__run1.log
ded0e4cf6d1e95dd5047,2026-09-21T16:32:43.712345+00:00,meeting,ok,a1_4k,MeridianRoad_3840x2160_5994_hdr10.y4m,/home/od26udiz/Desktop/c/Tuning-Mode-Analysis-for-SVT-AV1/SVT_AV1_Workspace/data/source/a1_4k/MeridianRoad_3840x2160_5994_hdr10.y4m,2160p_or_higher,3840,2160,59.94005994005994,10,420p10,3234816844,7d01bce200635758ad305b6de4958e38,dc6addde034934da23ee0da23e2fbfe700e92fc8d4dfab6a82ead4005b3c7f0f,SSIM,2,10,52,0,1,0,130,2.168833333333333,3352,3.598326,38.782,3743567872,3570.145,/home/od26udiz/Desktop/c/Tuning-Mode-Analysis-for-SVT-AV1/SVT_AV1_Workspace/data/encoded/meeting/a1_4k/MeridianRoad_3840x2160_5994_hdr10__SSIM__p10__crf52__run1.ivf,486080,1792.9639591178054,c0f1abfb2b374f4436912765311e0bf8,e8558e3a1f786df0a7b786521428c426183c6b7b39a5a6424c718d9be958ea62,/home/od26udiz/miniconda3/bin/SvtAv1EncApp -i /home/od26udiz/Desktop/c/Tuning-Mode-Analysis-for-SVT-AV1/SVT_AV1_Workspace/data/source/a1_4k/MeridianRoad_3840x2160_5994_hdr10.y4m -b /home/od26udiz/Desktop/c/Tuning-Mode-Analysis-for-SVT-AV1/SVT_AV1_Workspace/data/encoded/meeting/a1_4k/MeridianRoad_3840x2160_5994_hdr10__SSIM__p10__crf52__run1.ivf --preset 10 --crf 52 --tune 2 --lp 0 --progress 1,0,/home/od26udiz/Desktop/c/Tuning-Mode-Analysis-for-SVT-AV1/SVT_AV1_Workspace/logs/meeting/a1_4k/MeridianRoad_3840x2160_5994_hdr10__SSIM__p10__crf52__run1.log
5c71208f27c265568b8f,2026-09-21T16:32:47.202999+00:00,meeting,ok,a1_4k,MeridianRoad_3840x2160_5994_hdr10.y4m,/home/od26udiz/Desktop/c/Tuning-Mode-Analysis-for-SVT-AV1/SVT_AV1_Workspace/data/source/a1_4k/MeridianRoad_3840x2160_5994_hdr10.y4m,2160p_or_higher,3840,2160,59.94005994005994,10,420p10,3234816844,7d01bce200635758ad305b6de4958e38,dc6addde034934da23ee0da23e2fbfe700e92fc8d4dfab6a82ead4005b3c7f0f,SSIM,2,10,60,0,1,0,130,2.168833333333333,3225,3.480863,40.315,3646652416,3477.719,/home/od26udiz/Desktop/c/Tuning-Mode-Analysis-for-SVT-AV1/SVT_AV1_Workspace/data/encoded/meeting/a1_4k/MeridianRoad_3840x2160_5994_hdr10__SSIM__p10__crf60__run1.ivf,218008,804.1484669176978,394bc80e52343a46956ad8c5bcd59c02,ebd58dffcafeef3d832f67f967370b1443b36e3616204e20c632b1cda7d8b0a2,/home/od26udiz/miniconda3/bin/SvtAv1EncApp -i /home/od26udiz/Desktop/c/Tuning-Mode-Analysis-for-SVT-AV1/SVT_AV1_Workspace/data/source/a1_4k/MeridianRoad_3840x2160_5994_hdr10.y4m -b /home/od26udiz/Desktop/c/Tuning-Mode-Analysis-for-SVT-AV1/SVT_AV1_Workspace/data/encoded/meeting/a1_4k/MeridianRoad_3840x2160_5994_hdr10__SSIM__p10__crf60__run1.ivf --preset 10 --crf 60 --tune 2 --lp 0 --progress 1,0,/home/od26udiz/Desktop/c/Tuning-Mode-Analysis-for-SVT-AV1/SVT_AV1_Workspace/logs/meeting/a1_4k/MeridianRoad_3840x2160_5994_hdr10__SSIM__p10__crf60__run1.log
aa2f5fdb519d9f3347ef,2026-09-21T16:36:03.135306+00:00,meeting,ok,a1_4k,MeridianRoad_3840x2160_5994_hdr10.y4m,/home/od26udiz/Desktop/c/Tuning-Mode-Analysis-for-SVT-AV1/SVT_AV1_Workspace/data/source/a1_4k/MeridianRoad_3840x2160_5994_hdr10.y4m,2160p_or_higher,3840,2160,59.94005994005994,10,420p10,3234816844,7d01bce200635758ad305b6de4958e38,dc6addde034934da23ee0da23e2fbfe700e92fc8d4dfab6a82ead4005b3c7f0f,MS_SSIM,4,1,18,0,1,0,130,2.168833333333333,195500,195.920464,0.665,9221373952,8794.188,/home/od26udiz/Desktop/c/Tuning-Mode-Analysis-for-SVT-AV1/SVT_AV1_Workspace/data/encoded/meeting/a1_4k/MeridianRoad_3840x2160_5994_hdr10__MS_SSIM__p1__crf18__run1.ivf,16924985,62429.8224852071,ea7aba77cdad272db19845f4a7516412,2a8ef9275a0bf0f48dfd07444fdc73c08feb7acfbd367f02d4d96c0aa253c482,/home/od26udiz/miniconda3/bin/SvtAv1EncApp -i /home/od26udiz/Desktop/c/Tuning-Mode-Analysis-for-SVT-AV1/SVT_AV1_Workspace/data/source/a1_4k/MeridianRoad_3840x2160_5994_hdr10.y4m -b /home/od26udiz/Desktop/c/Tuning-Mode-Analysis-for-SVT-AV1/SVT_AV1_Workspace/data/encoded/meeting/a1_4k/MeridianRoad_3840x2160_5994_hdr10__MS_SSIM__p1__crf18__run1.ivf --preset 1 --crf 18 --tune 4 --lp 0 --progress 1,0,/home/od26udiz/Desktop/c/Tuning-Mode-Analysis-for-SVT-AV1/SVT_AV1_Workspace/logs/meeting/a1_4k/MeridianRoad_3840x2160_5994_hdr10__MS_SSIM__p1__crf18__run1.log
1a96151361a1044f2ed9,2026-09-21T16:39:10.510063+00:00,meeting,ok,a1_4k,MeridianRoad_3840x2160_5994_hdr10.y4m,/home/od26udiz/Desktop/c/Tuning-Mode-Analysis-for-SVT-AV1/SVT_AV1_Workspace/data/source/a1_4k/MeridianRoad_3840x2160_5994_hdr10.y4m,2160p_or_higher,3840,2160,59.94005994005994,10,420p10,3234816844,7d01bce200635758ad305b6de4958e38,dc6addde034934da23ee0da23e2fbfe700e92fc8d4dfab6a82ead4005b3c7f0f,MS_SSIM,4,1,26,0,1,0,130,2.168833333333333,186844,187.275436,0.696,8727842816,8323.52,/home/od26udiz/Desktop/c/Tuning-Mode-Analysis-for-SVT-AV1/SVT_AV1_Workspace/data/encoded/meeting/a1_4k/MeridianRoad_3840x2160_5994_hdr10__MS_SSIM__p1__crf26__run1.ivf,5789530,21355.370783063092,74992ade0922ed4d9d804d41526f98d7,c2c31ce18e06b56a1b7dadb6f18882c00c42d40860a038e408b94fde9aae6696,/home/od26udiz/miniconda3/bin/SvtAv1EncApp -i /home/od26udiz/Desktop/c/Tuning-Mode-Analysis-for-SVT-AV1/SVT_AV1_Workspace/data/source/a1_4k/MeridianRoad_3840x2160_5994_hdr10.y4m -b /home/od26udiz/Desktop/c/Tuning-Mode-Analysis-for-SVT-AV1/SVT_AV1_Workspace/data/encoded/meeting/a1_4k/MeridianRoad_3840x2160_5994_hdr10__MS_SSIM__p1__crf26__run1.ivf --preset 1 --crf 26 --tune 4 --lp 0 --progress 1,0,/home/od26udiz/Desktop/c/Tuning-Mode-Analysis-for-SVT-AV1/SVT_AV1_Workspace/logs/meeting/a1_4k/MeridianRoad_3840x2160_5994_hdr10__MS_SSIM__p1__crf26__run1.log
4084f5861b492c681a48,2026-09-21T16:42:02.943304+00:00,meeting,ok,a1_4k,MeridianRoad_3840x2160_5994_hdr10.y4m,/home/od26udiz/Desktop/c/Tuning-Mode-Analysis-for-SVT-AV1/SVT_AV1_Workspace/data/source/a1_4k/MeridianRoad_3840x2160_5994_hdr10.y4m,2160p_or_higher,3840,2160,59.94005994005994,10,420p10,3234816844,7d01bce200635758ad305b6de4958e38,dc6addde034934da23ee0da23e2fbfe700e92fc8d4dfab6a82ead4005b3c7f0f,MS_SSIM,4,1,35,0,1,0,130,2.168833333333333,171906,172.37235,0.756,9153724416,8729.672,/home/od26udiz/Desktop/c/Tuning-Mode-Analysis-for-SVT-AV1/SVT_AV1_Workspace/data/encoded/meeting/a1_4k/MeridianRoad_3840x2160_5994_hdr10__MS_SSIM__p1__crf35__run1.ivf,3049888,11249.875048028896,e9b0493f70621cc8412c816caf10e5ed,9a40601d4820db76bfb993828dc92946685adb0d3dbd70cf107eb333f4fb7017,/home/od26udiz/miniconda3/bin/SvtAv1EncApp -i /home/od26udiz/Desktop/c/Tuning-Mode-Analysis-for-SVT-AV1/SVT_AV1_Workspace/data/source/a1_4k/MeridianRoad_3840x2160_5994_hdr10.y4m -b /home/od26udiz/Desktop/c/Tuning-Mode-Analysis-for-SVT-AV1/SVT_AV1_Workspace/data/encoded/meeting/a1_4k/MeridianRoad_3840x2160_5994_hdr10__MS_SSIM__p1__crf35__run1.ivf --preset 1 --crf 35 --tune 4 --lp 0 --progress 1,0,/home/od26udiz/Desktop/c/Tuning-Mode-Analysis-for-SVT-AV1/SVT_AV1_Workspace/logs/meeting/a1_4k/MeridianRoad_3840x2160_5994_hdr10__MS_SSIM__p1__crf35__run1.log
5c91c1d56111c64c8164,2026-09-21T16:44:54.143486+00:00,meeting,ok,a1_4k,MeridianRoad_3840x2160_5994_hdr10.y4m,/home/od26udiz/Desktop/c/Tuning-Mode-Analysis-for-SVT-AV1/SVT_AV1_Workspace/data/source/a1_4k/MeridianRoad_3840x2160_5994_hdr10.y4m,2160p_or_higher,3840,2160,59.94005994005994,10,420p10,3234816844,7d01bce200635758ad305b6de4958e38,dc6addde034934da23ee0da23e2fbfe700e92fc8d4dfab6a82ead4005b3c7f0f,MS_SSIM,4,1,44,0,1,0,130,2.168833333333333,170725,171.157996,0.761,9313353728,8881.906,/home/od26udiz/Desktop/c/Tuning-Mode-Analysis-for-SVT-AV1/SVT_AV1_Workspace/data/encoded/meeting/a1_4k/MeridianRoad_3840x2160_5994_hdr10__MS_SSIM__p1__crf44__run1.ivf,1776539,6552.975639744871,f5a2418069fb951b64db2675ffc22958,bd732a81a4e247710e8c7e8a507ae769e641af1c0af9ed169923fb5a51b959b4,/home/od26udiz/miniconda3/bin/SvtAv1EncApp -i /home/od26udiz/Desktop/c/Tuning-Mode-Analysis-for-SVT-AV1/SVT_AV1_Workspace/data/source/a1_4k/MeridianRoad_3840x2160_5994_hdr10.y4m -b /home/od26udiz/Desktop/c/Tuning-Mode-Analysis-for-SVT-AV1/SVT_AV1_Workspace/data/encoded/meeting/a1_4k/MeridianRoad_3840x2160_5994_hdr10__MS_SSIM__p1__crf44__run1.ivf --preset 1 --crf 44 --tune 4 --lp 0 --progress 1,0,/home/od26udiz/Desktop/c/Tuning-Mode-Analysis-for-SVT-AV1/SVT_AV1_Workspace/logs/meeting/a1_4k/MeridianRoad_3840x2160_5994_hdr10__MS_SSIM__p1__crf44__run1.log
c4ed234a5cc78e73b5dc,2026-09-21T16:48:19.869288+00:00,meeting,ok,a1_4k,MeridianRoad_3840x2160_5994_hdr10.y4m,/home/od26udiz/Desktop/c/Tuning-Mode-Analysis-for-SVT-AV1/SVT_AV1_Workspace/data/source/a1_4k/MeridianRoad_3840x2160_5994_hdr10.y4m,2160p_or_higher,3840,2160,59.94005994005994,10,420p10,3234816844,7d01bce200635758ad305b6de4958e38,dc6addde034934da23ee0da23e2fbfe700e92fc8d4dfab6a82ead4005b3c7f0f,MS_SSIM,4,1,52,0,1,0,130,2.168833333333333,205250,205.694708,0.633,8923750400,8510.352,/home/od26udiz/Desktop/c/Tuning-Mode-Analysis-for-SVT-AV1/SVT_AV1_Workspace/data/encoded/meeting/a1_4k/MeridianRoad_3840x2160_5994_hdr10__MS_SSIM__p1__crf52__run1.ivf,1198677,4421.4628448474605,570264bc8fe2227d405471b291146f72,0e98e67ab2ca8789f8e4786a3465c3e74254fb2ddcc7c946ac1bbb3bc67511e7,/home/od26udiz/miniconda3/bin/SvtAv1EncApp -i /home/od26udiz/Desktop/c/Tuning-Mode-Analysis-for-SVT-AV1/SVT_AV1_Workspace/data/source/a1_4k/MeridianRoad_3840x2160_5994_hdr10.y4m -b /home/od26udiz/Desktop/c/Tuning-Mode-Analysis-for-SVT-AV1/SVT_AV1_Workspace/data/encoded/meeting/a1_4k/MeridianRoad_3840x2160_5994_hdr10__MS_SSIM__p1__crf52__run1.ivf --preset 1 --crf 52 --tune 4 --lp 0 --progress 1,0,/home/od26udiz/Desktop/c/Tuning-Mode-Analysis-for-SVT-AV1/SVT_AV1_Workspace/logs/meeting/a1_4k/MeridianRoad_3840x2160_5994_hdr10__MS_SSIM__p1__crf52__run1.log
d6bef55e33c2d7d9289c,2026-09-21T16:51:06.521295+00:00,meeting,ok,a1_4k,MeridianRoad_3840x2160_5994_hdr10.y4m,/home/od26udiz/Desktop/c/Tuning-Mode-Analysis-for-SVT-AV1/SVT_AV1_Workspace/data/source/a1_4k/MeridianRoad_3840x2160_5994_hdr10.y4m,2160p_or_higher,3840,2160,59.94005994005994,10,420p10,3234816844,7d01bce200635758ad305b6de4958e38,dc6addde034934da23ee0da23e2fbfe700e92fc8d4dfab6a82ead4005b3c7f0f,MS_SSIM,4,1,60,0,1,0,130,2.168833333333333,166255,166.623732,0.782,9079545856,8658.93,/home/od26udiz/Desktop/c/Tuning-Mode-Analysis-for-SVT-AV1/SVT_AV1_Workspace/data/encoded/meeting/a1_4k/MeridianRoad_3840x2160_5994_hdr10__MS_SSIM__p1__crf60__run1.ivf,696620,2569.5658187965882,6d6d2903c5cda5e230b68661137429f2,56661be43cf748cf5624da3c69d940b30ad9ef8344d0f9e46b17f7ae631d5b65,/home/od26udiz/miniconda3/bin/SvtAv1EncApp -i /home/od26udiz/Desktop/c/Tuning-Mode-Analysis-for-SVT-AV1/SVT_AV1_Workspace/data/source/a1_4k/MeridianRoad_3840x2160_5994_hdr10.y4m -b /home/od26udiz/Desktop/c/Tuning-Mode-Analysis-for-SVT-AV1/SVT_AV1_Workspace/data/encoded/meeting/a1_4k/MeridianRoad_3840x2160_5994_hdr10__MS_SSIM__p1__crf60__run1.ivf --preset 1 --crf 60 --tune 4 --lp 0 --progress 1,0,/home/od26udiz/Desktop/c/Tuning-Mode-Analysis-for-SVT-AV1/SVT_AV1_Workspace/logs/meeting/a1_4k/MeridianRoad_3840x2160_5994_hdr10__MS_SSIM__p1__crf60__run1.log
17b6fd11564c0b26ef3a,2026-09-21T16:51:14.814039+00:00,meeting,ok,a1_4k,MeridianRoad_3840x2160_5994_hdr10.y4m,/home/od26udiz/Desktop/c/Tuning-Mode-Analysis-for-SVT-AV1/SVT_AV1_Workspace/data/source/a1_4k/MeridianRoad_3840x2160_5994_hdr10.y4m,2160p_or_higher,3840,2160,59.94005994005994,10,420p10,3234816844,7d01bce200635758ad305b6de4958e38,dc6addde034934da23ee0da23e2fbfe700e92fc8d4dfab6a82ead4005b3c7f0f,MS_SSIM,4,10,18,0,1,0,130,2.168833333333333,7836,8.277229,16.59,3819438080,3642.5,/home/od26udiz/Desktop/c/Tuning-Mode-Analysis-for-SVT-AV1/SVT_AV1_Workspace/data/encoded/meeting/a1_4k/MeridianRoad_3840x2160_5994_hdr10__MS_SSIM__p10__crf18__run1.ivf,30115244,111083.66341350958,ba1a2dfc5cf9072375b3003285f0fc55,9b8a83e94c842b9ea59ef3bfdfc8c5e51a5492e03c53343fc8e8f7da489c63b3,/home/od26udiz/miniconda3/bin/SvtAv1EncApp -i /home/od26udiz/Desktop/c/Tuning-Mode-Analysis-for-SVT-AV1/SVT_AV1_Workspace/data/source/a1_4k/MeridianRoad_3840x2160_5994_hdr10.y4m -b /home/od26udiz/Desktop/c/Tuning-Mode-Analysis-for-SVT-AV1/SVT_AV1_Workspace/data/encoded/meeting/a1_4k/MeridianRoad_3840x2160_5994_hdr10__MS_SSIM__p10__crf18__run1.ivf --preset 10 --crf 18 --tune 4 --lp 0 --progress 1,0,/home/od26udiz/Desktop/c/Tuning-Mode-Analysis-for-SVT-AV1/SVT_AV1_Workspace/logs/meeting/a1_4k/MeridianRoad_3840x2160_5994_hdr10__MS_SSIM__p10__crf18__run1.log
91eaf5cc3f03d6b8c60d,2026-09-21T16:51:21.144080+00:00,meeting,ok,a1_4k,MeridianRoad_3840x2160_5994_hdr10.y4m,/home/od26udiz/Desktop/c/Tuning-Mode-Analysis-for-SVT-AV1/SVT_AV1_Workspace/data/source/a1_4k/MeridianRoad_3840x2160_5994_hdr10.y4m,2160p_or_higher,3840,2160,59.94005994005994,10,420p10,3234816844,7d01bce200635758ad305b6de4958e38,dc6addde034934da23ee0da23e2fbfe700e92fc8d4dfab6a82ead4005b3c7f0f,MS_SSIM,4,10,26,0,1,0,130,2.168833333333333,5787,6.185468,22.466,3660083200,3490.527,/home/od26udiz/Desktop/c/Tuning-Mode-Analysis-for-SVT-AV1/SVT_AV1_Workspace/data/encoded/meeting/a1_4k/MeridianRoad_3840x2160_5994_hdr10__MS_SSIM__p10__crf26__run1.ivf,12621567,46556.15277030662,cb5d130906fc01df5f9eea9219a7a3d8,98b4464aac1b1376bcfc761728798ff54491f6fdcf1c30999d42aa0b67327295,/home/od26udiz/miniconda3/bin/SvtAv1EncApp -i /home/od26udiz/Desktop/c/Tuning-Mode-Analysis-for-SVT-AV1/SVT_AV1_Workspace/data/source/a1_4k/MeridianRoad_3840x2160_5994_hdr10.y4m -b /home/od26udiz/Desktop/c/Tuning-Mode-Analysis-for-SVT-AV1/SVT_AV1_Workspace/data/encoded/meeting/a1_4k/MeridianRoad_3840x2160_5994_hdr10__MS_SSIM__p10__crf26__run1.ivf --preset 10 --crf 26 --tune 4 --lp 0 --progress 1,0,/home/od26udiz/Desktop/c/Tuning-Mode-Analysis-for-SVT-AV1/SVT_AV1_Workspace/logs/meeting/a1_4k/MeridianRoad_3840x2160_5994_hdr10__MS_SSIM__p10__crf26__run1.log
dc327fe70976b4e94bed,2026-09-21T16:51:26.355168+00:00,meeting,ok,a1_4k,MeridianRoad_3840x2160_5994_hdr10.y4m,/home/od26udiz/Desktop/c/Tuning-Mode-Analysis-for-SVT-AV1/SVT_AV1_Workspace/data/source/a1_4k/MeridianRoad_3840x2160_5994_hdr10.y4m,2160p_or_higher,3840,2160,59.94005994005994,10,420p10,3234816844,7d01bce200635758ad305b6de4958e38,dc6addde034934da23ee0da23e2fbfe700e92fc8d4dfab6a82ead4005b3c7f0f,MS_SSIM,4,10,35,0,1,0,130,2.168833333333333,4784,5.054557,27.172,3688595456,3517.719,/home/od26udiz/Desktop/c/Tuning-Mode-Analysis-for-SVT-AV1/SVT_AV1_Workspace/data/encoded/meeting/a1_4k/MeridianRoad_3840x2160_5994_hdr10__MS_SSIM__p10__crf35__run1.ivf,4514443,16652.060554829786,90fe7dbe2ba2b840431fcb89b549bd54,9dd2dc8b356104e1257fec179823e5348f7a22e82eeea7d04bba9232f7b3527a,/home/od26udiz/miniconda3/bin/SvtAv1EncApp -i /home/od26udiz/Desktop/c/Tuning-Mode-Analysis-for-SVT-AV1/SVT_AV1_Workspace/data/source/a1_4k/MeridianRoad_3840x2160_5994_hdr10.y4m -b /home/od26udiz/Desktop/c/Tuning-Mode-Analysis-for-SVT-AV1/SVT_AV1_Workspace/data/encoded/meeting/a1_4k/MeridianRoad_3840x2160_5994_hdr10__MS_SSIM__p10__crf35__run1.ivf --preset 10 --crf 35 --tune 4 --lp 0 --progress 1,0,/home/od26udiz/Desktop/c/Tuning-Mode-Analysis-for-SVT-AV1/SVT_AV1_Workspace/logs/meeting/a1_4k/MeridianRoad_3840x2160_5994_hdr10__MS_SSIM__p10__crf35__run1.log
546286a0d477e76e0c48,2026-09-21T16:51:31.084544+00:00,meeting,ok,a1_4k,MeridianRoad_3840x2160_5994_hdr10.y4m,/home/od26udiz/Desktop/c/Tuning-Mode-Analysis-for-SVT-AV1/SVT_AV1_Workspace/data/source/a1_4k/MeridianRoad_3840x2160_5994_hdr10.y4m,2160p_or_higher,3840,2160,59.94005994005994,10,420p10,3234816844,7d01bce200635758ad305b6de4958e38,dc6addde034934da23ee0da23e2fbfe700e92fc8d4dfab6a82ead4005b3c7f0f,MS_SSIM,4,10,44,0,1,0,130,2.168833333333333,4394,4.686865,29.589,3871137792,3691.805,/home/od26udiz/Desktop/c/Tuning-Mode-Analysis-for-SVT-AV1/SVT_AV1_Workspace/data/encoded/meeting/a1_4k/MeridianRoad_3840x2160_5994_hdr10__MS_SSIM__p10__crf44__run1.ivf,2249879,8298.94659186967,32cc1ba980797208443b6133b9695805,9fa9aba203939c96d5e0a767723af5a68e6f2d366dca4e4c98e7a16f6f8d2f86,/home/od26udiz/miniconda3/bin/SvtAv1EncApp -i /home/od26udiz/Desktop/c/Tuning-Mode-Analysis-for-SVT-AV1/SVT_AV1_Workspace/data/source/a1_4k/MeridianRoad_3840x2160_5994_hdr10.y4m -b /home/od26udiz/Desktop/c/Tuning-Mode-Analysis-for-SVT-AV1/SVT_AV1_Workspace/data/encoded/meeting/a1_4k/MeridianRoad_3840x2160_5994_hdr10__MS_SSIM__p10__crf44__run1.ivf --preset 10 --crf 44 --tune 4 --lp 0 --progress 1,0,/home/od26udiz/Desktop/c/Tuning-Mode-Analysis-for-SVT-AV1/SVT_AV1_Workspace/logs/meeting/a1_4k/MeridianRoad_3840x2160_5994_hdr10__MS_SSIM__p10__crf44__run1.log
285a714045619a99b7eb,2026-09-21T16:51:35.362645+00:00,meeting,ok,a1_4k,MeridianRoad_3840x2160_5994_hdr10.y4m,/home/od26udiz/Desktop/c/Tuning-Mode-Analysis-for-SVT-AV1/SVT_AV1_Workspace/data/source/a1_4k/MeridianRoad_3840x2160_5994_hdr10.y4m,2160p_or_higher,3840,2160,59.94005994005994,10,420p10,3234816844,7d01bce200635758ad305b6de4958e38,dc6addde034934da23ee0da23e2fbfe700e92fc8d4dfab6a82ead4005b3c7f0f,MS_SSIM,4,10,52,0,1,0,130,2.168833333333333,4000,4.247155,32.502,3803656192,3627.449,/home/od26udiz/Desktop/c/Tuning-Mode-Analysis-for-SVT-AV1/SVT_AV1_Workspace/data/encoded/meeting/a1_4k/MeridianRoad_3840x2160_5994_hdr10__MS_SSIM__p10__crf52__run1.ivf,1343833,4956.888035041882,6647a50bfcc4dfe7e86db5d10f808ae0,729808e1e6f01bce9da15de8b254ddc8903de4e3f6529bc6fc9777554a73c148,/home/od26udiz/miniconda3/bin/SvtAv1EncApp -i /home/od26udiz/Desktop/c/Tuning-Mode-Analysis-for-SVT-AV1/SVT_AV1_Workspace/data/source/a1_4k/MeridianRoad_3840x2160_5994_hdr10.y4m -b /home/od26udiz/Desktop/c/Tuning-Mode-Analysis-for-SVT-AV1/SVT_AV1_Workspace/data/encoded/meeting/a1_4k/MeridianRoad_3840x2160_5994_hdr10__MS_SSIM__p10__crf52__run1.ivf --preset 10 --crf 52 --tune 4 --lp 0 --progress 1,0,/home/od26udiz/Desktop/c/Tuning-Mode-Analysis-for-SVT-AV1/SVT_AV1_Workspace/logs/meeting/a1_4k/MeridianRoad_3840x2160_5994_hdr10__MS_SSIM__p10__crf52__run1.log
bd8bab85ebcfa093b26f,2026-09-21T16:51:39.396432+00:00,meeting,ok,a1_4k,MeridianRoad_3840x2160_5994_hdr10.y4m,/home/od26udiz/Desktop/c/Tuning-Mode-Analysis-for-SVT-AV1/SVT_AV1_Workspace/data/source/a1_4k/MeridianRoad_3840x2160_5994_hdr10.y4m,2160p_or_higher,3840,2160,59.94005994005994,10,420p10,3234816844,7d01bce200635758ad305b6de4958e38,dc6addde034934da23ee0da23e2fbfe700e92fc8d4dfab6a82ead4005b3c7f0f,MS_SSIM,4,10,60,0,1,0,130,2.168833333333333,3726,4.020976,34.887,3649560576,3480.492,/home/od26udiz/Desktop/c/Tuning-Mode-Analysis-for-SVT-AV1/SVT_AV1_Workspace/data/encoded/meeting/a1_4k/MeridianRoad_3840x2160_5994_hdr10__MS_SSIM__p10__crf60__run1.ivf,624234,2302.5614385614385,51ccbf0a89f7bbd893ed6358a7c1e219,940f7475a5ebf1052e8113c2ba59879b017ce37ea232eb180ceae493619c7e2c,/home/od26udiz/miniconda3/bin/SvtAv1EncApp -i /home/od26udiz/Desktop/c/Tuning-Mode-Analysis-for-SVT-AV1/SVT_AV1_Workspace/data/source/a1_4k/MeridianRoad_3840x2160_5994_hdr10.y4m -b /home/od26udiz/Desktop/c/Tuning-Mode-Analysis-for-SVT-AV1/SVT_AV1_Workspace/data/encoded/meeting/a1_4k/MeridianRoad_3840x2160_5994_hdr10__MS_SSIM__p10__crf60__run1.ivf --preset 10 --crf 60 --tune 4 --lp 0 --progress 1,0,/home/od26udiz/Desktop/c/Tuning-Mode-Analysis-for-SVT-AV1/SVT_AV1_Workspace/logs/meeting/a1_4k/MeridianRoad_3840x2160_5994_hdr10__MS_SSIM__p10__crf60__run1.log
e1e57517bc9c360c830b,2026-09-21T16:54:11.722558+00:00,meeting,ok,a1_4k,MeridianRoad_3840x2160_5994_hdr10.y4m,/home/od26udiz/Desktop/c/Tuning-Mode-Analysis-for-SVT-AV1/SVT_AV1_Workspace/data/source/a1_4k/MeridianRoad_3840x2160_5994_hdr10.y4m,2160p_or_higher,3840,2160,59.94005994005994,10,420p10,3234816844,7d01bce200635758ad305b6de4958e38,dc6addde034934da23ee0da23e2fbfe700e92fc8d4dfab6a82ead4005b3c7f0f,VMAF,5,1,18,0,1,0,130,2.168833333333333,151856,152.311019,0.856,9067839488,8647.766,/home/od26udiz/Desktop/c/Tuning-Mode-Analysis-for-SVT-AV1/SVT_AV1_Workspace/data/encoded/meeting/a1_4k/MeridianRoad_3840x2160_5994_hdr10__VMAF__p1__crf18__run1.ivf,6167515,22749.61346345962,e470e26dc41e8057b8a2d7abd5801eb0,552eeba89c5ede257196d96935ce493b410396c73e94a6bfaf26a286ef6ddea1,/home/od26udiz/miniconda3/bin/SvtAv1EncApp -i /home/od26udiz/Desktop/c/Tuning-Mode-Analysis-for-SVT-AV1/SVT_AV1_Workspace/data/source/a1_4k/MeridianRoad_3840x2160_5994_hdr10.y4m -b /home/od26udiz/Desktop/c/Tuning-Mode-Analysis-for-SVT-AV1/SVT_AV1_Workspace/data/encoded/meeting/a1_4k/MeridianRoad_3840x2160_5994_hdr10__VMAF__p1__crf18__run1.ivf --preset 1 --crf 18 --tune 5 --lp 0 --progress 1,0,/home/od26udiz/Desktop/c/Tuning-Mode-Analysis-for-SVT-AV1/SVT_AV1_Workspace/logs/meeting/a1_4k/MeridianRoad_3840x2160_5994_hdr10__VMAF__p1__crf18__run1.log
35d07f18f519df1cf23a,2026-09-21T16:56:53.511728+00:00,meeting,ok,a1_4k,MeridianRoad_3840x2160_5994_hdr10.y4m,/home/od26udiz/Desktop/c/Tuning-Mode-Analysis-for-SVT-AV1/SVT_AV1_Workspace/data/source/a1_4k/MeridianRoad_3840x2160_5994_hdr10.y4m,2160p_or_higher,3840,2160,59.94005994005994,10,420p10,3234816844,7d01bce200635758ad305b6de4958e38,dc6addde034934da23ee0da23e2fbfe700e92fc8d4dfab6a82ead4005b3c7f0f,VMAF,5,1,26,0,1,0,130,2.168833333333333,161367,161.728953,0.806,9088520192,8667.488,/home/od26udiz/Desktop/c/Tuning-Mode-Analysis-for-SVT-AV1/SVT_AV1_Workspace/data/encoded/meeting/a1_4k/MeridianRoad_3840x2160_5994_hdr10__VMAF__p1__crf26__run1.ivf,2603501,9603.323445784985,069633cdf46e64c4c61938b9abaea910,28a46de3df1eb6d48684ae3de627c8e1dbc12b7f2a0bf66424055642627d5c79,/home/od26udiz/miniconda3/bin/SvtAv1EncApp -i /home/od26udiz/Desktop/c/Tuning-Mode-Analysis-for-SVT-AV1/SVT_AV1_Workspace/data/source/a1_4k/MeridianRoad_3840x2160_5994_hdr10.y4m -b /home/od26udiz/Desktop/c/Tuning-Mode-Analysis-for-SVT-AV1/SVT_AV1_Workspace/data/encoded/meeting/a1_4k/MeridianRoad_3840x2160_5994_hdr10__VMAF__p1__crf26__run1.ivf --preset 1 --crf 26 --tune 5 --lp 0 --progress 1,0,/home/od26udiz/Desktop/c/Tuning-Mode-Analysis-for-SVT-AV1/SVT_AV1_Workspace/logs/meeting/a1_4k/MeridianRoad_3840x2160_5994_hdr10__VMAF__p1__crf26__run1.log
8e1666a175ff84caacfd,2026-09-21T16:59:05.699876+00:00,meeting,ok,a1_4k,MeridianRoad_3840x2160_5994_hdr10.y4m,/home/od26udiz/Desktop/c/Tuning-Mode-Analysis-for-SVT-AV1/SVT_AV1_Workspace/data/source/a1_4k/MeridianRoad_3840x2160_5994_hdr10.y4m,2160p_or_higher,3840,2160,59.94005994005994,10,420p10,3234816844,7d01bce200635758ad305b6de4958e38,dc6addde034934da23ee0da23e2fbfe700e92fc8d4dfab6a82ead4005b3c7f0f,VMAF,5,1,35,0,1,0,130,2.168833333333333,131755,132.157247,0.987,9281904640,8851.914,/home/od26udiz/Desktop/c/Tuning-Mode-Analysis-for-SVT-AV1/SVT_AV1_Workspace/data/encoded/meeting/a1_4k/MeridianRoad_3840x2160_5994_hdr10__VMAF__p1__crf35__run1.ivf,1427710,5266.278337047568,c8610c9d16d3943a9c2d234b50d5e27f,b21dd446aef041b28b6970fc2c90d85f3cd6532d623ad2773b344acbd42f3eda,/home/od26udiz/miniconda3/bin/SvtAv1EncApp -i /home/od26udiz/Desktop/c/Tuning-Mode-Analysis-for-SVT-AV1/SVT_AV1_Workspace/data/source/a1_4k/MeridianRoad_3840x2160_5994_hdr10.y4m -b /home/od26udiz/Desktop/c/Tuning-Mode-Analysis-for-SVT-AV1/SVT_AV1_Workspace/data/encoded/meeting/a1_4k/MeridianRoad_3840x2160_5994_hdr10__VMAF__p1__crf35__run1.ivf --preset 1 --crf 35 --tune 5 --lp 0 --progress 1,0,/home/od26udiz/Desktop/c/Tuning-Mode-Analysis-for-SVT-AV1/SVT_AV1_Workspace/logs/meeting/a1_4k/MeridianRoad_3840x2160_5994_hdr10__VMAF__p1__crf35__run1.log
70c6794baf5aadbc164a,2026-09-21T17:00:58.703265+00:00,meeting,ok,a1_4k,MeridianRoad_3840x2160_5994_hdr10.y4m,/home/od26udiz/Desktop/c/Tuning-Mode-Analysis-for-SVT-AV1/SVT_AV1_Workspace/data/source/a1_4k/MeridianRoad_3840x2160_5994_hdr10.y4m,2160p_or_higher,3840,2160,59.94005994005994,10,420p10,3234816844,7d01bce200635758ad305b6de4958e38,dc6addde034934da23ee0da23e2fbfe700e92fc8d4dfab6a82ead4005b3c7f0f,VMAF,5,1,44,0,1,0,130,2.168833333333333,112545,112.976432,1.155,8991928320,8575.371,/home/od26udiz/Desktop/c/Tuning-Mode-Analysis-for-SVT-AV1/SVT_AV1_Workspace/data/encoded/meeting/a1_4k/MeridianRoad_3840x2160_5994_hdr10__VMAF__p1__crf44__run1.ivf,839863,3097.934680703912,37d0a8a2fbe46214b1d954cd35388e97,60d20659a0c2f4271035093d3f390a8c2040e208000519035ece2a27d9e92182,/home/od26udiz/miniconda3/bin/SvtAv1EncApp -i /home/od26udiz/Desktop/c/Tuning-Mode-Analysis-for-SVT-AV1/SVT_AV1_Workspace/data/source/a1_4k/MeridianRoad_3840x2160_5994_hdr10.y4m -b /home/od26udiz/Desktop/c/Tuning-Mode-Analysis-for-SVT-AV1/SVT_AV1_Workspace/data/encoded/meeting/a1_4k/MeridianRoad_3840x2160_5994_hdr10__VMAF__p1__crf44__run1.ivf --preset 1 --crf 44 --tune 5 --lp 0 --progress 1,0,/home/od26udiz/Desktop/c/Tuning-Mode-Analysis-for-SVT-AV1/SVT_AV1_Workspace/logs/meeting/a1_4k/MeridianRoad_3840x2160_5994_hdr10__VMAF__p1__crf44__run1.log
aa4fdef733af41fdd296,2026-09-21T17:02:56.345411+00:00,meeting,ok,a1_4k,MeridianRoad_3840x2160_5994_hdr10.y4m,/home/od26udiz/Desktop/c/Tuning-Mode-Analysis-for-SVT-AV1/SVT_AV1_Workspace/data/source/a1_4k/MeridianRoad_3840x2160_5994_hdr10.y4m,2160p_or_higher,3840,2160,59.94005994005994,10,420p10,3234816844,7d01bce200635758ad305b6de4958e38,dc6addde034934da23ee0da23e2fbfe700e92fc8d4dfab6a82ead4005b3c7f0f,VMAF,5,1,52,0,1,0,130,2.168833333333333,117215,117.617693,1.109,9156382720,8732.207,/home/od26udiz/Desktop/c/Tuning-Mode-Analysis-for-SVT-AV1/SVT_AV1_Workspace/data/encoded/meeting/a1_4k/MeridianRoad_3840x2160_5994_hdr10__VMAF__p1__crf52__run1.ivf,532185,1963.02774148928,643c5a0c7131049d9a0f1f9a67e03add,b87701709410e7feb4b25ab37e507e70b23968bed0b351eeedfcbdee825e8973,/home/od26udiz/miniconda3/bin/SvtAv1EncApp -i /home/od26udiz/Desktop/c/Tuning-Mode-Analysis-for-SVT-AV1/SVT_AV1_Workspace/data/source/a1_4k/MeridianRoad_3840x2160_5994_hdr10.y4m -b /home/od26udiz/Desktop/c/Tuning-Mode-Analysis-for-SVT-AV1/SVT_AV1_Workspace/data/encoded/meeting/a1_4k/MeridianRoad_3840x2160_5994_hdr10__VMAF__p1__crf52__run1.ivf --preset 1 --crf 52 --tune 5 --lp 0 --progress 1,0,/home/od26udiz/Desktop/c/Tuning-Mode-Analysis-for-SVT-AV1/SVT_AV1_Workspace/logs/meeting/a1_4k/MeridianRoad_3840x2160_5994_hdr10__VMAF__p1__crf52__run1.log
9a48db95017f602cd696,2026-09-21T17:05:08.917542+00:00,meeting,ok,a1_4k,MeridianRoad_3840x2160_5994_hdr10.y4m,/home/od26udiz/Desktop/c/Tuning-Mode-Analysis-for-SVT-AV1/SVT_AV1_Workspace/data/source/a1_4k/MeridianRoad_3840x2160_5994_hdr10.y4m,2160p_or_higher,3840,2160,59.94005994005994,10,420p10,3234816844,7d01bce200635758ad305b6de4958e38,dc6addde034934da23ee0da23e2fbfe700e92fc8d4dfab6a82ead4005b3c7f0f,VMAF,5,1,60,0,1,0,130,2.168833333333333,132179,132.553321,0.984,9152311296,8728.324,/home/od26udiz/Desktop/c/Tuning-Mode-Analysis-for-SVT-AV1/SVT_AV1_Workspace/data/encoded/meeting/a1_4k/MeridianRoad_3840x2160_5994_hdr10__VMAF__p1__crf60__run1.ivf,244287,901.081687543226,2ca6f770a8eb9639c32aec53ae774194,765e863b96aaaed2782c98e58a706cf2cd48b5eafd33455542f0350c57c601d5,/home/od26udiz/miniconda3/bin/SvtAv1EncApp -i /home/od26udiz/Desktop/c/Tuning-Mode-Analysis-for-SVT-AV1/SVT_AV1_Workspace/data/source/a1_4k/MeridianRoad_3840x2160_5994_hdr10.y4m -b /home/od26udiz/Desktop/c/Tuning-Mode-Analysis-for-SVT-AV1/SVT_AV1_Workspace/data/encoded/meeting/a1_4k/MeridianRoad_3840x2160_5994_hdr10__VMAF__p1__crf60__run1.ivf --preset 1 --crf 60 --tune 5 --lp 0 --progress 1,0,/home/od26udiz/Desktop/c/Tuning-Mode-Analysis-for-SVT-AV1/SVT_AV1_Workspace/logs/meeting/a1_4k/MeridianRoad_3840x2160_5994_hdr10__VMAF__p1__crf60__run1.log
4cf8fce4fc12a3e7fe98,2026-09-21T17:05:16.215265+00:00,meeting,ok,a1_4k,MeridianRoad_3840x2160_5994_hdr10.y4m,/home/od26udiz/Desktop/c/Tuning-Mode-Analysis-for-SVT-AV1/SVT_AV1_Workspace/data/source/a1_4k/MeridianRoad_3840x2160_5994_hdr10.y4m,2160p_or_higher,3840,2160,59.94005994005994,10,420p10,3234816844,7d01bce200635758ad305b6de4958e38,dc6addde034934da23ee0da23e2fbfe700e92fc8d4dfab6a82ead4005b3c7f0f,VMAF,5,10,18,0,1,0,130,2.168833333333333,6662,7.287393,19.513,3846160384,3667.984,/home/od26udiz/Desktop/c/Tuning-Mode-Analysis-for-SVT-AV1/SVT_AV1_Workspace/data/encoded/meeting/a1_4k/MeridianRoad_3840x2160_5994_hdr10__VMAF__p10__crf18__run1.ivf,23859993,88010.42526704066,7b4b6772e15a224dce8c914f847441bc,dc47f56a2d93fc88bc068ea430e5de4d9f6d01aa62fa6bcf000797d6aab875a3,/home/od26udiz/miniconda3/bin/SvtAv1EncApp -i /home/od26udiz/Desktop/c/Tuning-Mode-Analysis-for-SVT-AV1/SVT_AV1_Workspace/data/source/a1_4k/MeridianRoad_3840x2160_5994_hdr10.y4m -b /home/od26udiz/Desktop/c/Tuning-Mode-Analysis-for-SVT-AV1/SVT_AV1_Workspace/data/encoded/meeting/a1_4k/MeridianRoad_3840x2160_5994_hdr10__VMAF__p10__crf18__run1.ivf --preset 10 --crf 18 --tune 5 --lp 0 --progress 1,0,/home/od26udiz/Desktop/c/Tuning-Mode-Analysis-for-SVT-AV1/SVT_AV1_Workspace/logs/meeting/a1_4k/MeridianRoad_3840x2160_5994_hdr10__VMAF__p10__crf18__run1.log
4d99e5e5b3524a0e3778,2026-09-21T17:05:21.358440+00:00,meeting,ok,a1_4k,MeridianRoad_3840x2160_5994_hdr10.y4m,/home/od26udiz/Desktop/c/Tuning-Mode-Analysis-for-SVT-AV1/SVT_AV1_Workspace/data/source/a1_4k/MeridianRoad_3840x2160_5994_hdr10.y4m,2160p_or_higher,3840,2160,59.94005994005994,10,420p10,3234816844,7d01bce200635758ad305b6de4958e38,dc6addde034934da23ee0da23e2fbfe700e92fc8d4dfab6a82ead4005b3c7f0f,VMAF,5,10,26,0,1,0,130,2.168833333333333,4701,5.042473,27.653,3920297984,3738.688,/home/od26udiz/Desktop/c/Tuning-Mode-Analysis-for-SVT-AV1/SVT_AV1_Workspace/data/encoded/meeting/a1_4k/MeridianRoad_3840x2160_5994_hdr10__VMAF__p10__crf26__run1.ivf,5474261,20192.463536463536,ca53c7e3ffea65a489387614bb6367a5,aedbe886bcabefb33e3ed44ac0992dc61a8d9ef862601871be96218ba051d752,/home/od26udiz/miniconda3/bin/SvtAv1EncApp -i /home/od26udiz/Desktop/c/Tuning-Mode-Analysis-for-SVT-AV1/SVT_AV1_Workspace/data/source/a1_4k/MeridianRoad_3840x2160_5994_hdr10.y4m -b /home/od26udiz/Desktop/c/Tuning-Mode-Analysis-for-SVT-AV1/SVT_AV1_Workspace/data/encoded/meeting/a1_4k/MeridianRoad_3840x2160_5994_hdr10__VMAF__p10__crf26__run1.ivf --preset 10 --crf 26 --tune 5 --lp 0 --progress 1,0,/home/od26udiz/Desktop/c/Tuning-Mode-Analysis-for-SVT-AV1/SVT_AV1_Workspace/logs/meeting/a1_4k/MeridianRoad_3840x2160_5994_hdr10__VMAF__p10__crf26__run1.log
0c6b00dd7cbe81b5bc6f,2026-09-21T17:05:25.677837+00:00,meeting,ok,a1_4k,MeridianRoad_3840x2160_5994_hdr10.y4m,/home/od26udiz/Desktop/c/Tuning-Mode-Analysis-for-SVT-AV1/SVT_AV1_Workspace/data/source/a1_4k/MeridianRoad_3840x2160_5994_hdr10.y4m,2160p_or_higher,3840,2160,59.94005994005994,10,420p10,3234816844,7d01bce200635758ad305b6de4958e38,dc6addde034934da23ee0da23e2fbfe700e92fc8d4dfab6a82ead4005b3c7f0f,VMAF,5,10,35,0,1,0,130,2.168833333333333,3927,4.239943,33.1,3878612992,3698.934,/home/od26udiz/Desktop/c/Tuning-Mode-Analysis-for-SVT-AV1/SVT_AV1_Workspace/data/encoded/meeting/a1_4k/MeridianRoad_3840x2160_5994_hdr10__VMAF__p10__crf35__run1.ivf,1979283,7300.821025128717,5a09f94f9204df0a2f967fff19b2ffce,e627da889e215a24f4dd3d0ff29556ca92100eba604f9ffa3bb505dae6bfc8a5,/home/od26udiz/miniconda3/bin/SvtAv1EncApp -i /home/od26udiz/Desktop/c/Tuning-Mode-Analysis-for-SVT-AV1/SVT_AV1_Workspace/data/source/a1_4k/MeridianRoad_3840x2160_5994_hdr10.y4m -b /home/od26udiz/Desktop/c/Tuning-Mode-Analysis-for-SVT-AV1/SVT_AV1_Workspace/data/encoded/meeting/a1_4k/MeridianRoad_3840x2160_5994_hdr10__VMAF__p10__crf35__run1.ivf --preset 10 --crf 35 --tune 5 --lp 0 --progress 1,0,/home/od26udiz/Desktop/c/Tuning-Mode-Analysis-for-SVT-AV1/SVT_AV1_Workspace/logs/meeting/a1_4k/MeridianRoad_3840x2160_5994_hdr10__VMAF__p10__crf35__run1.log
9b05f8334903aa9cc8aa,2026-09-21T17:05:29.716965+00:00,meeting,ok,a1_4k,MeridianRoad_3840x2160_5994_hdr10.y4m,/home/od26udiz/Desktop/c/Tuning-Mode-Analysis-for-SVT-AV1/SVT_AV1_Workspace/data/source/a1_4k/MeridianRoad_3840x2160_5994_hdr10.y4m,2160p_or_higher,3840,2160,59.94005994005994,10,420p10,3234816844,7d01bce200635758ad305b6de4958e38,dc6addde034934da23ee0da23e2fbfe700e92fc8d4dfab6a82ead4005b3c7f0f,VMAF,5,10,44,0,1,0,130,2.168833333333333,3741,4.006544,34.75,3768102912,3593.543,/home/od26udiz/Desktop/c/Tuning-Mode-Analysis-for-SVT-AV1/SVT_AV1_Workspace/data/encoded/meeting/a1_4k/MeridianRoad_3840x2160_5994_hdr10__VMAF__p10__crf44__run1.ivf,913552,3369.7453315914854,42cb1869a4ec9e0248cb553849ae88fd,399718d08cf4fb43ade1921e6efff87ff72ad8200f2ebd059357d9d4552d02f8,/home/od26udiz/miniconda3/bin/SvtAv1EncApp -i /home/od26udiz/Desktop/c/Tuning-Mode-Analysis-for-SVT-AV1/SVT_AV1_Workspace/data/source/a1_4k/MeridianRoad_3840x2160_5994_hdr10.y4m -b /home/od26udiz/Desktop/c/Tuning-Mode-Analysis-for-SVT-AV1/SVT_AV1_Workspace/data/encoded/meeting/a1_4k/MeridianRoad_3840x2160_5994_hdr10__VMAF__p10__crf44__run1.ivf --preset 10 --crf 44 --tune 5 --lp 0 --progress 1,0,/home/od26udiz/Desktop/c/Tuning-Mode-Analysis-for-SVT-AV1/SVT_AV1_Workspace/logs/meeting/a1_4k/MeridianRoad_3840x2160_5994_hdr10__VMAF__p10__crf44__run1.log
2ac19163bb6a23a3bf04,2026-09-21T17:05:33.637651+00:00,meeting,ok,a1_4k,MeridianRoad_3840x2160_5994_hdr10.y4m,/home/od26udiz/Desktop/c/Tuning-Mode-Analysis-for-SVT-AV1/SVT_AV1_Workspace/data/source/a1_4k/MeridianRoad_3840x2160_5994_hdr10.y4m,2160p_or_higher,3840,2160,59.94005994005994,10,420p10,3234816844,7d01bce200635758ad305b6de4958e38,dc6addde034934da23ee0da23e2fbfe700e92fc8d4dfab6a82ead4005b3c7f0f,VMAF,5,10,52,0,1,0,130,2.168833333333333,3681,3.900989,35.312,3730366464,3557.555,/home/od26udiz/Desktop/c/Tuning-Mode-Analysis-for-SVT-AV1/SVT_AV1_Workspace/data/encoded/meeting/a1_4k/MeridianRoad_3840x2160_5994_hdr10__VMAF__p10__crf52__run1.ivf,499013,1840.6688695919468,4942435f31b94a3984b6adf136bb82dd,74445a13ace0067a8bb837a9eb4834e8aaeb50d1f943e9f8792e92a632a9e747,/home/od26udiz/miniconda3/bin/SvtAv1EncApp -i /home/od26udiz/Desktop/c/Tuning-Mode-Analysis-for-SVT-AV1/SVT_AV1_Workspace/data/source/a1_4k/MeridianRoad_3840x2160_5994_hdr10.y4m -b /home/od26udiz/Desktop/c/Tuning-Mode-Analysis-for-SVT-AV1/SVT_AV1_Workspace/data/encoded/meeting/a1_4k/MeridianRoad_3840x2160_5994_hdr10__VMAF__p10__crf52__run1.ivf --preset 10 --crf 52 --tune 5 --lp 0 --progress 1,0,/home/od26udiz/Desktop/c/Tuning-Mode-Analysis-for-SVT-AV1/SVT_AV1_Workspace/logs/meeting/a1_4k/MeridianRoad_3840x2160_5994_hdr10__VMAF__p10__crf52__run1.log
77a93f0a9b2be203a620,2026-09-21T17:05:37.349821+00:00,meeting,ok,a1_4k,MeridianRoad_3840x2160_5994_hdr10.y4m,/home/od26udiz/Desktop/c/Tuning-Mode-Analysis-for-SVT-AV1/SVT_AV1_Workspace/data/source/a1_4k/MeridianRoad_3840x2160_5994_hdr10.y4m,2160p_or_higher,3840,2160,59.94005994005994,10,420p10,3234816844,7d01bce200635758ad305b6de4958e38,dc6addde034934da23ee0da23e2fbfe700e92fc8d4dfab6a82ead4005b3c7f0f,VMAF,5,10,60,0,1,0,130,2.168833333333333,3445,3.703365,37.731,3717619712,3545.398,/home/od26udiz/Desktop/c/Tuning-Mode-Analysis-for-SVT-AV1/SVT_AV1_Workspace/data/encoded/meeting/a1_4k/MeridianRoad_3840x2160_5994_hdr10__VMAF__p10__crf60__run1.ivf,218430,805.7050641666027,0c7336dd128899dca490c115cea0c5cf,8916b8be4e2a12fd2ec04f7d16ad69e7511fcdc5e6e71c49f4f1523b604e5cae,/home/od26udiz/miniconda3/bin/SvtAv1EncApp -i /home/od26udiz/Desktop/c/Tuning-Mode-Analysis-for-SVT-AV1/SVT_AV1_Workspace/data/source/a1_4k/MeridianRoad_3840x2160_5994_hdr10.y4m -b /home/od26udiz/Desktop/c/Tuning-Mode-Analysis-for-SVT-AV1/SVT_AV1_Workspace/data/encoded/meeting/a1_4k/MeridianRoad_3840x2160_5994_hdr10__VMAF__p10__crf60__run1.ivf --preset 10 --crf 60 --tune 5 --lp 0 --progress 1,0,/home/od26udiz/Desktop/c/Tuning-Mode-Analysis-for-SVT-AV1/SVT_AV1_Workspace/logs/meeting/a1_4k/MeridianRoad_3840x2160_5994_hdr10__VMAF__p10__crf60__run1.log
a76a4ac79991752985c8,2026-09-21T17:10:06.275198+00:00,meeting,ok,a1_4k,SparksWelding_4096x2160_5994_hdr10.y4m,/home/od26udiz/Desktop/c/Tuning-Mode-Analysis-for-SVT-AV1/SVT_AV1_Workspace/data/source/a1_4k/SparksWelding_4096x2160_5994_hdr10.y4m,2160p_or_higher,4096,2160,59.94005994005994,10,420p10,3450471244,69539846fd18cfc372cbafe8e6d4843f,199c9fd9f2faa843133f4ae0ce31e099ec6f4f8fed9df38756cfde77b1858e47,VQ,0,1,18,0,1,0,130,2.168833333333333,268432,268.91301,0.484,9510998016,9070.395,/home/od26udiz/Desktop/c/Tuning-Mode-Analysis-for-SVT-AV1/SVT_AV1_Workspace/data/encoded/meeting/a1_4k/SparksWelding_4096x2160_5994_hdr10__VQ__p1__crf18__run1.ivf,45866578,169184.33443479598,1ac35581608805e6426ffa150e739db3,285dd2abe32fcd0b4373083ffe1ebdf3e604bedae5e072fd5e9a0e92159a7de8,/home/od26udiz/miniconda3/bin/SvtAv1EncApp -i /home/od26udiz/Desktop/c/Tuning-Mode-Analysis-for-SVT-AV1/SVT_AV1_Workspace/data/source/a1_4k/SparksWelding_4096x2160_5994_hdr10.y4m -b /home/od26udiz/Desktop/c/Tuning-Mode-Analysis-for-SVT-AV1/SVT_AV1_Workspace/data/encoded/meeting/a1_4k/SparksWelding_4096x2160_5994_hdr10__VQ__p1__crf18__run1.ivf --preset 1 --crf 18 --tune 0 --lp 0 --progress 1,0,/home/od26udiz/Desktop/c/Tuning-Mode-Analysis-for-SVT-AV1/SVT_AV1_Workspace/logs/meeting/a1_4k/SparksWelding_4096x2160_5994_hdr10__VQ__p1__crf18__run1.log
0a665301397a3106c837,2026-09-21T17:15:02.726819+00:00,meeting,ok,a1_4k,SparksWelding_4096x2160_5994_hdr10.y4m,/home/od26udiz/Desktop/c/Tuning-Mode-Analysis-for-SVT-AV1/SVT_AV1_Workspace/data/source/a1_4k/SparksWelding_4096x2160_5994_hdr10.y4m,2160p_or_higher,4096,2160,59.94005994005994,10,420p10,3450471244,69539846fd18cfc372cbafe8e6d4843f,199c9fd9f2faa843133f4ae0ce31e099ec6f4f8fed9df38756cfde77b1858e47,VQ,0,1,26,0,1,0,130,2.168833333333333,295775,296.249045,0.44,8934551552,8520.652,/home/od26udiz/Desktop/c/Tuning-Mode-Analysis-for-SVT-AV1/SVT_AV1_Workspace/data/encoded/meeting/a1_4k/SparksWelding_4096x2160_5994_hdr10__VQ__p1__crf26__run1.ivf,25647438,94603.62898639822,3786efa9780ee41b6cb9bde6993bd1d2,4186c8e7ee8bb4ac2b35f67df680c96d45838cbf3ffd06d35fdebc137592eaa3,/home/od26udiz/miniconda3/bin/SvtAv1EncApp -i /home/od26udiz/Desktop/c/Tuning-Mode-Analysis-for-SVT-AV1/SVT_AV1_Workspace/data/source/a1_4k/SparksWelding_4096x2160_5994_hdr10.y4m -b /home/od26udiz/Desktop/c/Tuning-Mode-Analysis-for-SVT-AV1/SVT_AV1_Workspace/data/encoded/meeting/a1_4k/SparksWelding_4096x2160_5994_hdr10__VQ__p1__crf26__run1.ivf --preset 1 --crf 26 --tune 0 --lp 0 --progress 1,0,/home/od26udiz/Desktop/c/Tuning-Mode-Analysis-for-SVT-AV1/SVT_AV1_Workspace/logs/meeting/a1_4k/SparksWelding_4096x2160_5994_hdr10__VQ__p1__crf26__run1.log
08554dc65225372bfeeb,2026-09-21T17:19:54.043258+00:00,meeting,ok,a1_4k,SparksWelding_4096x2160_5994_hdr10.y4m,/home/od26udiz/Desktop/c/Tuning-Mode-Analysis-for-SVT-AV1/SVT_AV1_Workspace/data/source/a1_4k/SparksWelding_4096x2160_5994_hdr10.y4m,2160p_or_higher,4096,2160,59.94005994005994,10,420p10,3450471244,69539846fd18cfc372cbafe8e6d4843f,199c9fd9f2faa843133f4ae0ce31e099ec6f4f8fed9df38756cfde77b1858e47,VQ,0,1,35,0,1,0,130,2.168833333333333,290754,291.18581,0.447,9557831680,9115.059,/home/od26udiz/Desktop/c/Tuning-Mode-Analysis-for-SVT-AV1/SVT_AV1_Workspace/data/encoded/meeting/a1_4k/SparksWelding_4096x2160_5994_hdr10__VQ__p1__crf35__run1.ivf,12556067,46314.54822100976,40e187eaa91ccbe72efc30880a8d9a21,a3f9d0495016e8f2c19cc624167586f7e4546b926a7e154b911dcb1247506862,/home/od26udiz/miniconda3/bin/SvtAv1EncApp -i /home/od26udiz/Desktop/c/Tuning-Mode-Analysis-for-SVT-AV1/SVT_AV1_Workspace/data/source/a1_4k/SparksWelding_4096x2160_5994_hdr10.y4m -b /home/od26udiz/Desktop/c/Tuning-Mode-Analysis-for-SVT-AV1/SVT_AV1_Workspace/data/encoded/meeting/a1_4k/SparksWelding_4096x2160_5994_hdr10__VQ__p1__crf35__run1.ivf --preset 1 --crf 35 --tune 0 --lp 0 --progress 1,0,/home/od26udiz/Desktop/c/Tuning-Mode-Analysis-for-SVT-AV1/SVT_AV1_Workspace/logs/meeting/a1_4k/SparksWelding_4096x2160_5994_hdr10__VQ__p1__crf35__run1.log
fea2a42c77cac7564137,2026-09-21T17:24:43.939591+00:00,meeting,ok,a1_4k,SparksWelding_4096x2160_5994_hdr10.y4m,/home/od26udiz/Desktop/c/Tuning-Mode-Analysis-for-SVT-AV1/SVT_AV1_Workspace/data/source/a1_4k/SparksWelding_4096x2160_5994_hdr10.y4m,2160p_or_higher,4096,2160,59.94005994005994,10,420p10,3450471244,69539846fd18cfc372cbafe8e6d4843f,199c9fd9f2faa843133f4ae0ce31e099ec6f4f8fed9df38756cfde77b1858e47,VQ,0,1,44,0,1,0,130,2.168833333333333,289401,289.826733,0.449,9507483648,9067.043,/home/od26udiz/Desktop/c/Tuning-Mode-Analysis-for-SVT-AV1/SVT_AV1_Workspace/data/encoded/meeting/a1_4k/SparksWelding_4096x2160_5994_hdr10__VQ__p1__crf44__run1.ivf,6519499,24047.948359332975,fb5845494fc893aacee173f2690cc6e3,5bfa76cb75565b3fa6b7eae1ef22c79e11312ddf5f2d90e5b8669d321cb9067f,/home/od26udiz/miniconda3/bin/SvtAv1EncApp -i /home/od26udiz/Desktop/c/Tuning-Mode-Analysis-for-SVT-AV1/SVT_AV1_Workspace/data/source/a1_4k/SparksWelding_4096x2160_5994_hdr10.y4m -b /home/od26udiz/Desktop/c/Tuning-Mode-Analysis-for-SVT-AV1/SVT_AV1_Workspace/data/encoded/meeting/a1_4k/SparksWelding_4096x2160_5994_hdr10__VQ__p1__crf44__run1.ivf --preset 1 --crf 44 --tune 0 --lp 0 --progress 1,0,/home/od26udiz/Desktop/c/Tuning-Mode-Analysis-for-SVT-AV1/SVT_AV1_Workspace/logs/meeting/a1_4k/SparksWelding_4096x2160_5994_hdr10__VQ__p1__crf44__run1.log
b0850a30084cf56e846e,2026-09-21T17:29:32.780934+00:00,meeting,ok,a1_4k,SparksWelding_4096x2160_5994_hdr10.y4m,/home/od26udiz/Desktop/c/Tuning-Mode-Analysis-for-SVT-AV1/SVT_AV1_Workspace/data/source/a1_4k/SparksWelding_4096x2160_5994_hdr10.y4m,2160p_or_higher,4096,2160,59.94005994005994,10,420p10,3450471244,69539846fd18cfc372cbafe8e6d4843f,199c9fd9f2faa843133f4ae0ce31e099ec6f4f8fed9df38756cfde77b1858e47,VQ,0,1,52,0,1,0,130,2.168833333333333,288330,288.777673,0.451,9304694784,8873.648,/home/od26udiz/Desktop/c/Tuning-Mode-Analysis-for-SVT-AV1/SVT_AV1_Workspace/data/encoded/meeting/a1_4k/SparksWelding_4096x2160_5994_hdr10__VQ__p1__crf52__run1.ivf,3641224,13431.088296319067,415262aeb9434738c4aeb93049e7803f,2461e77c1e8274b476bb344c904eed513b71f264d460052058e87a4805ea9e85,/home/od26udiz/miniconda3/bin/SvtAv1EncApp -i /home/od26udiz/Desktop/c/Tuning-Mode-Analysis-for-SVT-AV1/SVT_AV1_Workspace/data/source/a1_4k/SparksWelding_4096x2160_5994_hdr10.y4m -b /home/od26udiz/Desktop/c/Tuning-Mode-Analysis-for-SVT-AV1/SVT_AV1_Workspace/data/encoded/meeting/a1_4k/SparksWelding_4096x2160_5994_hdr10__VQ__p1__crf52__run1.ivf --preset 1 --crf 52 --tune 0 --lp 0 --progress 1,0,/home/od26udiz/Desktop/c/Tuning-Mode-Analysis-for-SVT-AV1/SVT_AV1_Workspace/logs/meeting/a1_4k/SparksWelding_4096x2160_5994_hdr10__VQ__p1__crf52__run1.log
06e3433d7eb23c8c4fe7,2026-09-21T17:34:39.728120+00:00,meeting,ok,a1_4k,SparksWelding_4096x2160_5994_hdr10.y4m,/home/od26udiz/Desktop/c/Tuning-Mode-Analysis-for-SVT-AV1/SVT_AV1_Workspace/data/source/a1_4k/SparksWelding_4096x2160_5994_hdr10.y4m,2160p_or_higher,4096,2160,59.94005994005994,10,420p10,3450471244,69539846fd18cfc372cbafe8e6d4843f,199c9fd9f2faa843133f4ae0ce31e099ec6f4f8fed9df38756cfde77b1858e47,VQ,0,1,60,0,1,0,130,2.168833333333333,306508,306.899116,0.424,9607712768,9162.629,/home/od26udiz/Desktop/c/Tuning-Mode-Analysis-for-SVT-AV1/SVT_AV1_Workspace/data/encoded/meeting/a1_4k/SparksWelding_4096x2160_5994_hdr10__VQ__p1__crf60__run1.ivf,1453696,5362.130792284639,259e3546f072944000f74b16d1c23300,9cbb3504bc445e4a3c56f4d44f11c30666b3893ec61e0a1b8040962aa43f1b14,/home/od26udiz/miniconda3/bin/SvtAv1EncApp -i /home/od26udiz/Desktop/c/Tuning-Mode-Analysis-for-SVT-AV1/SVT_AV1_Workspace/data/source/a1_4k/SparksWelding_4096x2160_5994_hdr10.y4m -b /home/od26udiz/Desktop/c/Tuning-Mode-Analysis-for-SVT-AV1/SVT_AV1_Workspace/data/encoded/meeting/a1_4k/SparksWelding_4096x2160_5994_hdr10__VQ__p1__crf60__run1.ivf --preset 1 --crf 60 --tune 0 --lp 0 --progress 1,0,/home/od26udiz/Desktop/c/Tuning-Mode-Analysis-for-SVT-AV1/SVT_AV1_Workspace/logs/meeting/a1_4k/SparksWelding_4096x2160_5994_hdr10__VQ__p1__crf60__run1.log
c5379404b2000ec0bc86,2026-09-21T17:34:49.080912+00:00,meeting,ok,a1_4k,SparksWelding_4096x2160_5994_hdr10.y4m,/home/od26udiz/Desktop/c/Tuning-Mode-Analysis-for-SVT-AV1/SVT_AV1_Workspace/data/source/a1_4k/SparksWelding_4096x2160_5994_hdr10.y4m,2160p_or_higher,4096,2160,59.94005994005994,10,420p10,3450471244,69539846fd18cfc372cbafe8e6d4843f,199c9fd9f2faa843133f4ae0ce31e099ec6f4f8fed9df38756cfde77b1858e47,VQ,0,10,18,0,1,0,130,2.168833333333333,8174,9.336707,15.903,4013588480,3827.656,/home/od26udiz/Desktop/c/Tuning-Mode-Analysis-for-SVT-AV1/SVT_AV1_Workspace/data/encoded/meeting/a1_4k/SparksWelding_4096x2160_5994_hdr10__VQ__p10__crf18__run1.ivf,67076904,247421.14746791671,a896b49cbb66ba1e951814fa70564c61,7454ea82adb22d84f7ac5bc2aa310d5e46bf089c9eb658145a6b159bfa3d9308,/home/od26udiz/miniconda3/bin/SvtAv1EncApp -i /home/od26udiz/Desktop/c/Tuning-Mode-Analysis-for-SVT-AV1/SVT_AV1_Workspace/data/source/a1_4k/SparksWelding_4096x2160_5994_hdr10.y4m -b /home/od26udiz/Desktop/c/Tuning-Mode-Analysis-for-SVT-AV1/SVT_AV1_Workspace/data/encoded/meeting/a1_4k/SparksWelding_4096x2160_5994_hdr10__VQ__p10__crf18__run1.ivf --preset 10 --crf 18 --tune 0 --lp 0 --progress 1,0,/home/od26udiz/Desktop/c/Tuning-Mode-Analysis-for-SVT-AV1/SVT_AV1_Workspace/logs/meeting/a1_4k/SparksWelding_4096x2160_5994_hdr10__VQ__p10__crf18__run1.log
eb864ec034e60e18c17e,2026-09-21T17:34:57.448783+00:00,meeting,ok,a1_4k,SparksWelding_4096x2160_5994_hdr10.y4m,/home/od26udiz/Desktop/c/Tuning-Mode-Analysis-for-SVT-AV1/SVT_AV1_Workspace/data/source/a1_4k/SparksWelding_4096x2160_5994_hdr10.y4m,2160p_or_higher,4096,2160,59.94005994005994,10,420p10,3450471244,69539846fd18cfc372cbafe8e6d4843f,199c9fd9f2faa843133f4ae0ce31e099ec6f4f8fed9df38756cfde77b1858e47,VQ,0,10,26,0,1,0,130,2.168833333333333,7274,8.092001,17.873,4118360064,3927.574,/home/od26udiz/Desktop/c/Tuning-Mode-Analysis-for-SVT-AV1/SVT_AV1_Workspace/data/encoded/meeting/a1_4k/SparksWelding_4096x2160_5994_hdr10__VQ__p10__crf26__run1.ivf,38092540,140508.8695919465,31140b14cd9574c6b34841cfd357a798,200492a15f79eaa3047271da8605fa4668645b9aac8343ffbfe94a7d7990ed01,/home/od26udiz/miniconda3/bin/SvtAv1EncApp -i /home/od26udiz/Desktop/c/Tuning-Mode-Analysis-for-SVT-AV1/SVT_AV1_Workspace/data/source/a1_4k/SparksWelding_4096x2160_5994_hdr10.y4m -b /home/od26udiz/Desktop/c/Tuning-Mode-Analysis-for-SVT-AV1/SVT_AV1_Workspace/data/encoded/meeting/a1_4k/SparksWelding_4096x2160_5994_hdr10__VQ__p10__crf26__run1.ivf --preset 10 --crf 26 --tune 0 --lp 0 --progress 1,0,/home/od26udiz/Desktop/c/Tuning-Mode-Analysis-for-SVT-AV1/SVT_AV1_Workspace/logs/meeting/a1_4k/SparksWelding_4096x2160_5994_hdr10__VQ__p10__crf26__run1.log
f0f08a640edf16f8dd9f,2026-09-21T17:35:04.441141+00:00,meeting,ok,a1_4k,SparksWelding_4096x2160_5994_hdr10.y4m,/home/od26udiz/Desktop/c/Tuning-Mode-Analysis-for-SVT-AV1/SVT_AV1_Workspace/data/source/a1_4k/SparksWelding_4096x2160_5994_hdr10.y4m,2160p_or_higher,4096,2160,59.94005994005994,10,420p10,3450471244,69539846fd18cfc372cbafe8e6d4843f,199c9fd9f2faa843133f4ae0ce31e099ec6f4f8fed9df38756cfde77b1858e47,VQ,0,10,35,0,1,0,130,2.168833333333333,6325,6.816539,20.553,4091559936,3902.016,/home/od26udiz/Desktop/c/Tuning-Mode-Analysis-for-SVT-AV1/SVT_AV1_Workspace/data/encoded/meeting/a1_4k/SparksWelding_4096x2160_5994_hdr10__VQ__p10__crf35__run1.ivf,18608639,68640.18074233459,8e8b1b049fd353d982b46e040376382e,a3929458163074da1a2bc4bbacd7baf38db4ff6a1d20211b409e33eb695305b9,/home/od26udiz/miniconda3/bin/SvtAv1EncApp -i /home/od26udiz/Desktop/c/Tuning-Mode-Analysis-for-SVT-AV1/SVT_AV1_Workspace/data/source/a1_4k/SparksWelding_4096x2160_5994_hdr10.y4m -b /home/od26udiz/Desktop/c/Tuning-Mode-Analysis-for-SVT-AV1/SVT_AV1_Workspace/data/encoded/meeting/a1_4k/SparksWelding_4096x2160_5994_hdr10__VQ__p10__crf35__run1.ivf --preset 10 --crf 35 --tune 0 --lp 0 --progress 1,0,/home/od26udiz/Desktop/c/Tuning-Mode-Analysis-for-SVT-AV1/SVT_AV1_Workspace/logs/meeting/a1_4k/SparksWelding_4096x2160_5994_hdr10__VQ__p10__crf35__run1.log
7bbf6f2f6ba21d767359,2026-09-21T17:35:10.562170+00:00,meeting,ok,a1_4k,SparksWelding_4096x2160_5994_hdr10.y4m,/home/od26udiz/Desktop/c/Tuning-Mode-Analysis-for-SVT-AV1/SVT_AV1_Workspace/data/source/a1_4k/SparksWelding_4096x2160_5994_hdr10.y4m,2160p_or_higher,4096,2160,59.94005994005994,10,420p10,3450471244,69539846fd18cfc372cbafe8e6d4843f,199c9fd9f2faa843133f4ae0ce31e099ec6f4f8fed9df38756cfde77b1858e47,VQ,0,10,44,0,1,0,130,2.168833333333333,5617,6.015364,23.143,4138885120,3947.148,/home/od26udiz/Desktop/c/Tuning-Mode-Analysis-for-SVT-AV1/SVT_AV1_Workspace/data/encoded/meeting/a1_4k/SparksWelding_4096x2160_5994_hdr10__VQ__p10__crf44__run1.ivf,9308912,34337.03035426112,d1a0b5316d4e85979bcd237cf5ae7010,3433d462986750fdf8918af170448def5a16c17adfc5febbc3da540f19c0b428,/home/od26udiz/miniconda3/bin/SvtAv1EncApp -i /home/od26udiz/Desktop/c/Tuning-Mode-Analysis-for-SVT-AV1/SVT_AV1_Workspace/data/source/a1_4k/SparksWelding_4096x2160_5994_hdr10.y4m -b /home/od26udiz/Desktop/c/Tuning-Mode-Analysis-for-SVT-AV1/SVT_AV1_Workspace/data/encoded/meeting/a1_4k/SparksWelding_4096x2160_5994_hdr10__VQ__p10__crf44__run1.ivf --preset 10 --crf 44 --tune 0 --lp 0 --progress 1,0,/home/od26udiz/Desktop/c/Tuning-Mode-Analysis-for-SVT-AV1/SVT_AV1_Workspace/logs/meeting/a1_4k/SparksWelding_4096x2160_5994_hdr10__VQ__p10__crf44__run1.log
4146e3204bc528afc6c3,2026-09-21T17:35:16.750922+00:00,meeting,ok,a1_4k,SparksWelding_4096x2160_5994_hdr10.y4m,/home/od26udiz/Desktop/c/Tuning-Mode-Analysis-for-SVT-AV1/SVT_AV1_Workspace/data/source/a1_4k/SparksWelding_4096x2160_5994_hdr10.y4m,2160p_or_higher,4096,2160,59.94005994005994,10,420p10,3450471244,69539846fd18cfc372cbafe8e6d4843f,199c9fd9f2faa843133f4ae0ce31e099ec6f4f8fed9df38756cfde77b1858e47,VQ,0,10,52,0,1,0,130,2.168833333333333,5745,6.115667,22.627,3923001344,3741.266,/home/od26udiz/Desktop/c/Tuning-Mode-Analysis-for-SVT-AV1/SVT_AV1_Workspace/data/encoded/meeting/a1_4k/SparksWelding_4096x2160_5994_hdr10__VQ__p10__crf52__run1.ivf,4814837,17760.09959271498,a59669d61e21dc8cfcb7737dcc6d205b,59463567382ae818f2f863ae12428c975c000b41f75d86303d8454d0493ba656,/home/od26udiz/miniconda3/bin/SvtAv1EncApp -i /home/od26udiz/Desktop/c/Tuning-Mode-Analysis-for-SVT-AV1/SVT_AV1_Workspace/data/source/a1_4k/SparksWelding_4096x2160_5994_hdr10.y4m -b /home/od26udiz/Desktop/c/Tuning-Mode-Analysis-for-SVT-AV1/SVT_AV1_Workspace/data/encoded/meeting/a1_4k/SparksWelding_4096x2160_5994_hdr10__VQ__p10__crf52__run1.ivf --preset 10 --crf 52 --tune 0 --lp 0 --progress 1,0,/home/od26udiz/Desktop/c/Tuning-Mode-Analysis-for-SVT-AV1/SVT_AV1_Workspace/logs/meeting/a1_4k/SparksWelding_4096x2160_5994_hdr10__VQ__p10__crf52__run1.log
8761e682b2ff57cbc7e7,2026-09-21T17:35:22.150824+00:00,meeting,ok,a1_4k,SparksWelding_4096x2160_5994_hdr10.y4m,/home/od26udiz/Desktop/c/Tuning-Mode-Analysis-for-SVT-AV1/SVT_AV1_Workspace/data/source/a1_4k/SparksWelding_4096x2160_5994_hdr10.y4m,2160p_or_higher,4096,2160,59.94005994005994,10,420p10,3450471244,69539846fd18cfc372cbafe8e6d4843f,199c9fd9f2faa843133f4ae0ce31e099ec6f4f8fed9df38756cfde77b1858e47,VQ,0,10,60,0,1,0,130,2.168833333333333,5033,5.337578,25.828,4037451776,3850.414,/home/od26udiz/Desktop/c/Tuning-Mode-Analysis-for-SVT-AV1/SVT_AV1_Workspace/data/encoded/meeting/a1_4k/SparksWelding_4096x2160_5994_hdr10__VQ__p10__crf60__run1.ivf,1745831,6439.705525243988,aa76b74ef41a3c786f69848b9ee87fcf,88a2af9bd2d27e7521f50142f54764d0b15194d24822773df3da761d11b3cd64,/home/od26udiz/miniconda3/bin/SvtAv1EncApp -i /home/od26udiz/Desktop/c/Tuning-Mode-Analysis-for-SVT-AV1/SVT_AV1_Workspace/data/source/a1_4k/SparksWelding_4096x2160_5994_hdr10.y4m -b /home/od26udiz/Desktop/c/Tuning-Mode-Analysis-for-SVT-AV1/SVT_AV1_Workspace/data/encoded/meeting/a1_4k/SparksWelding_4096x2160_5994_hdr10__VQ__p10__crf60__run1.ivf --preset 10 --crf 60 --tune 0 --lp 0 --progress 1,0,/home/od26udiz/Desktop/c/Tuning-Mode-Analysis-for-SVT-AV1/SVT_AV1_Workspace/logs/meeting/a1_4k/SparksWelding_4096x2160_5994_hdr10__VQ__p10__crf60__run1.log
838f35d69f33737e73a7,2026-09-21T17:39:57.832389+00:00,meeting,ok,a1_4k,SparksWelding_4096x2160_5994_hdr10.y4m,/home/od26udiz/Desktop/c/Tuning-Mode-Analysis-for-SVT-AV1/SVT_AV1_Workspace/data/source/a1_4k/SparksWelding_4096x2160_5994_hdr10.y4m,2160p_or_higher,4096,2160,59.94005994005994,10,420p10,3450471244,69539846fd18cfc372cbafe8e6d4843f,199c9fd9f2faa843133f4ae0ce31e099ec6f4f8fed9df38756cfde77b1858e47,PSNR,1,1,18,0,1,0,130,2.168833333333333,275165,275.649317,0.472,9613074432,9167.742,/home/od26udiz/Desktop/c/Tuning-Mode-Analysis-for-SVT-AV1/SVT_AV1_Workspace/data/encoded/meeting/a1_4k/SparksWelding_4096x2160_5994_hdr10__PSNR__p1__crf18__run1.ivf,44374408,163680.2877122877,0e02321295b5e12b1fb60e9d6d110e35,9ddf8ba04e618dead90658b0679dadd8e797b8c575628d5ba6416455cbbe67c9,/home/od26udiz/miniconda3/bin/SvtAv1EncApp -i /home/od26udiz/Desktop/c/Tuning-Mode-Analysis-for-SVT-AV1/SVT_AV1_Workspace/data/source/a1_4k/SparksWelding_4096x2160_5994_hdr10.y4m -b /home/od26udiz/Desktop/c/Tuning-Mode-Analysis-for-SVT-AV1/SVT_AV1_Workspace/data/encoded/meeting/a1_4k/SparksWelding_4096x2160_5994_hdr10__PSNR__p1__crf18__run1.ivf --preset 1 --crf 18 --tune 1 --lp 0 --progress 1,0,/home/od26udiz/Desktop/c/Tuning-Mode-Analysis-for-SVT-AV1/SVT_AV1_Workspace/logs/meeting/a1_4k/SparksWelding_4096x2160_5994_hdr10__PSNR__p1__crf18__run1.log
d81f95bf1003a0856465,2026-09-21T17:45:20.857824+00:00,meeting,ok,a1_4k,SparksWelding_4096x2160_5994_hdr10.y4m,/home/od26udiz/Desktop/c/Tuning-Mode-Analysis-for-SVT-AV1/SVT_AV1_Workspace/data/source/a1_4k/SparksWelding_4096x2160_5994_hdr10.y4m,2160p_or_higher,4096,2160,59.94005994005994,10,420p10,3450471244,69539846fd18cfc372cbafe8e6d4843f,199c9fd9f2faa843133f4ae0ce31e099ec6f4f8fed9df38756cfde77b1858e47,PSNR,1,1,26,0,1,0,130,2.168833333333333,322396,322.828641,0.403,9281384448,8851.418,/home/od26udiz/Desktop/c/Tuning-Mode-Analysis-for-SVT-AV1/SVT_AV1_Workspace/data/encoded/meeting/a1_4k/SparksWelding_4096x2160_5994_hdr10__PSNR__p1__crf26__run1.ivf,24984215,92157.25197879045,9031d1140a0a988de47f4c87c94a0fe3,381a6a9508aca889539e41d829b41c569e14c014360f80f835c14081856f83fb,/home/od26udiz/miniconda3/bin/SvtAv1EncApp -i /home/od26udiz/Desktop/c/Tuning-Mode-Analysis-for-SVT-AV1/SVT_AV1_Workspace/data/source/a1_4k/SparksWelding_4096x2160_5994_hdr10.y4m -b /home/od26udiz/Desktop/c/Tuning-Mode-Analysis-for-SVT-AV1/SVT_AV1_Workspace/data/encoded/meeting/a1_4k/SparksWelding_4096x2160_5994_hdr10__PSNR__p1__crf26__run1.ivf --preset 1 --crf 26 --tune 1 --lp 0 --progress 1,0,/home/od26udiz/Desktop/c/Tuning-Mode-Analysis-for-SVT-AV1/SVT_AV1_Workspace/logs/meeting/a1_4k/SparksWelding_4096x2160_5994_hdr10__PSNR__p1__crf26__run1.log
8b5e9858afbec73c3c43,2026-09-21T17:50:26.074889+00:00,meeting,ok,a1_4k,SparksWelding_4096x2160_5994_hdr10.y4m,/home/od26udiz/Desktop/c/Tuning-Mode-Analysis-for-SVT-AV1/SVT_AV1_Workspace/data/source/a1_4k/SparksWelding_4096x2160_5994_hdr10.y4m,2160p_or_higher,4096,2160,59.94005994005994,10,420p10,3450471244,69539846fd18cfc372cbafe8e6d4843f,199c9fd9f2faa843133f4ae0ce31e099ec6f4f8fed9df38756cfde77b1858e47,PSNR,1,1,35,0,1,0,130,2.168833333333333,304672,305.090438,0.427,9175281664,8750.23,/home/od26udiz/Desktop/c/Tuning-Mode-Analysis-for-SVT-AV1/SVT_AV1_Workspace/data/encoded/meeting/a1_4k/SparksWelding_4096x2160_5994_hdr10__PSNR__p1__crf35__run1.ivf,12344268,45533.30238991778,b88b4310c1017591aa8c93f0dd8be397,1f6606f1ef05131a091bb86a9f15a7b5f4d1a4c2b46d8370cdc4ed3e578aa1ec,/home/od26udiz/miniconda3/bin/SvtAv1EncApp -i /home/od26udiz/Desktop/c/Tuning-Mode-Analysis-for-SVT-AV1/SVT_AV1_Workspace/data/source/a1_4k/SparksWelding_4096x2160_5994_hdr10.y4m -b /home/od26udiz/Desktop/c/Tuning-Mode-Analysis-for-SVT-AV1/SVT_AV1_Workspace/data/encoded/meeting/a1_4k/SparksWelding_4096x2160_5994_hdr10__PSNR__p1__crf35__run1.ivf --preset 1 --crf 35 --tune 1 --lp 0 --progress 1,0,/home/od26udiz/Desktop/c/Tuning-Mode-Analysis-for-SVT-AV1/SVT_AV1_Workspace/logs/meeting/a1_4k/SparksWelding_4096x2160_5994_hdr10__PSNR__p1__crf35__run1.log
69e273d0ee9a2978b27f,2026-09-21T17:55:24.035192+00:00,meeting,ok,a1_4k,SparksWelding_4096x2160_5994_hdr10.y4m,/home/od26udiz/Desktop/c/Tuning-Mode-Analysis-for-SVT-AV1/SVT_AV1_Workspace/data/source/a1_4k/SparksWelding_4096x2160_5994_hdr10.y4m,2160p_or_higher,4096,2160,59.94005994005994,10,420p10,3450471244,69539846fd18cfc372cbafe8e6d4843f,199c9fd9f2faa843133f4ae0ce31e099ec6f4f8fed9df38756cfde77b1858e47,PSNR,1,1,44,0,1,0,130,2.168833333333333,297514,297.893169,0.437,9750003712,9298.328,/home/od26udiz/Desktop/c/Tuning-Mode-Analysis-for-SVT-AV1/SVT_AV1_Workspace/data/encoded/meeting/a1_4k/SparksWelding_4096x2160_5994_hdr10__PSNR__p1__crf44__run1.ivf,6461340,23833.421962652734,0fd0124d1c121c0b8e3d2342af3190bb,48c95e77f893322b14a016451e8033e7202e2dcdd025b4d7e35d76d7e0bf69ae,/home/od26udiz/miniconda3/bin/SvtAv1EncApp -i /home/od26udiz/Desktop/c/Tuning-Mode-Analysis-for-SVT-AV1/SVT_AV1_Workspace/data/source/a1_4k/SparksWelding_4096x2160_5994_hdr10.y4m -b /home/od26udiz/Desktop/c/Tuning-Mode-Analysis-for-SVT-AV1/SVT_AV1_Workspace/data/encoded/meeting/a1_4k/SparksWelding_4096x2160_5994_hdr10__PSNR__p1__crf44__run1.ivf --preset 1 --crf 44 --tune 1 --lp 0 --progress 1,0,/home/od26udiz/Desktop/c/Tuning-Mode-Analysis-for-SVT-AV1/SVT_AV1_Workspace/logs/meeting/a1_4k/SparksWelding_4096x2160_5994_hdr10__PSNR__p1__crf44__run1.log
3cc62066436cb15d7826,2026-09-21T18:00:45.367834+00:00,meeting,ok,a1_4k,SparksWelding_4096x2160_5994_hdr10.y4m,/home/od26udiz/Desktop/c/Tuning-Mode-Analysis-for-SVT-AV1/SVT_AV1_Workspace/data/source/a1_4k/SparksWelding_4096x2160_5994_hdr10.y4m,2160p_or_higher,4096,2160,59.94005994005994,10,420p10,3450471244,69539846fd18cfc372cbafe8e6d4843f,199c9fd9f2faa843133f4ae0ce31e099ec6f4f8fed9df38756cfde77b1858e47,PSNR,1,1,52,0,1,0,130,2.168833333333333,320799,321.262083,0.405,9543872512,9101.746,/home/od26udiz/Desktop/c/Tuning-Mode-Analysis-for-SVT-AV1/SVT_AV1_Workspace/data/encoded/meeting/a1_4k/SparksWelding_4096x2160_5994_hdr10__PSNR__p1__crf52__run1.ivf,3606779,13304.033812341506,4b82495481896533d35937e7f080a826,38e5fc2c98218768cd0ecf7c6787f20b7a99399b6f8ed7bd6d17756ab60c33e8,/home/od26udiz/miniconda3/bin/SvtAv1EncApp -i /home/od26udiz/Desktop/c/Tuning-Mode-Analysis-for-SVT-AV1/SVT_AV1_Workspace/data/source/a1_4k/SparksWelding_4096x2160_5994_hdr10.y4m -b /home/od26udiz/Desktop/c/Tuning-Mode-Analysis-for-SVT-AV1/SVT_AV1_Workspace/data/encoded/meeting/a1_4k/SparksWelding_4096x2160_5994_hdr10__PSNR__p1__crf52__run1.ivf --preset 1 --crf 52 --tune 1 --lp 0 --progress 1,0,/home/od26udiz/Desktop/c/Tuning-Mode-Analysis-for-SVT-AV1/SVT_AV1_Workspace/logs/meeting/a1_4k/SparksWelding_4096x2160_5994_hdr10__PSNR__p1__crf52__run1.log
0230bcb6425e6950d398,2026-09-21T18:06:14.462669+00:00,meeting,ok,a1_4k,SparksWelding_4096x2160_5994_hdr10.y4m,/home/od26udiz/Desktop/c/Tuning-Mode-Analysis-for-SVT-AV1/SVT_AV1_Workspace/data/source/a1_4k/SparksWelding_4096x2160_5994_hdr10.y4m,2160p_or_higher,4096,2160,59.94005994005994,10,420p10,3450471244,69539846fd18cfc372cbafe8e6d4843f,199c9fd9f2faa843133f4ae0ce31e099ec6f4f8fed9df38756cfde77b1858e47,PSNR,1,1,60,0,1,0,130,2.168833333333333,328597,329.015187,0.396,9826398208,9371.184,/home/od26udiz/Desktop/c/Tuning-Mode-Analysis-for-SVT-AV1/SVT_AV1_Workspace/data/encoded/meeting/a1_4k/SparksWelding_4096x2160_5994_hdr10__PSNR__p1__crf60__run1.ivf,1441137,5315.805425343887,fdda3cc7aaa79923955070026f27bb9b,1fe6e1800d98356e535711f84d3fcc93002fdf5e7af9d0d9b90853783ba81984,/home/od26udiz/miniconda3/bin/SvtAv1EncApp -i /home/od26udiz/Desktop/c/Tuning-Mode-Analysis-for-SVT-AV1/SVT_AV1_Workspace/data/source/a1_4k/SparksWelding_4096x2160_5994_hdr10.y4m -b /home/od26udiz/Desktop/c/Tuning-Mode-Analysis-for-SVT-AV1/SVT_AV1_Workspace/data/encoded/meeting/a1_4k/SparksWelding_4096x2160_5994_hdr10__PSNR__p1__crf60__run1.ivf --preset 1 --crf 60 --tune 1 --lp 0 --progress 1,0,/home/od26udiz/Desktop/c/Tuning-Mode-Analysis-for-SVT-AV1/SVT_AV1_Workspace/logs/meeting/a1_4k/SparksWelding_4096x2160_5994_hdr10__PSNR__p1__crf60__run1.log
4d8113a391d14f310bc9,2026-09-21T18:06:23.631154+00:00,meeting,ok,a1_4k,SparksWelding_4096x2160_5994_hdr10.y4m,/home/od26udiz/Desktop/c/Tuning-Mode-Analysis-for-SVT-AV1/SVT_AV1_Workspace/data/source/a1_4k/SparksWelding_4096x2160_5994_hdr10.y4m,2160p_or_higher,4096,2160,59.94005994005994,10,420p10,3450471244,69539846fd18cfc372cbafe8e6d4843f,199c9fd9f2faa843133f4ae0ce31e099ec6f4f8fed9df38756cfde77b1858e47,PSNR,1,10,18,0,1,0,130,2.168833333333333,7906,9.083131,16.444,4090216448,3900.734,/home/od26udiz/Desktop/c/Tuning-Mode-Analysis-for-SVT-AV1/SVT_AV1_Workspace/data/encoded/meeting/a1_4k/SparksWelding_4096x2160_5994_hdr10__PSNR__p10__crf18__run1.ivf,63597426,234586.67855221702,b59ff791add3de23eb7d55d8f6a00d75,17c8e331c5b6167664a153e55339abcfaff3131839e84d18404961c032f38d77,/home/od26udiz/miniconda3/bin/SvtAv1EncApp -i /home/od26udiz/Desktop/c/Tuning-Mode-Analysis-for-SVT-AV1/SVT_AV1_Workspace/data/source/a1_4k/SparksWelding_4096x2160_5994_hdr10.y4m -b /home/od26udiz/Desktop/c/Tuning-Mode-Analysis-for-SVT-AV1/SVT_AV1_Workspace/data/encoded/meeting/a1_4k/SparksWelding_4096x2160_5994_hdr10__PSNR__p10__crf18__run1.ivf --preset 10 --crf 18 --tune 1 --lp 0 --progress 1,0,/home/od26udiz/Desktop/c/Tuning-Mode-Analysis-for-SVT-AV1/SVT_AV1_Workspace/logs/meeting/a1_4k/SparksWelding_4096x2160_5994_hdr10__PSNR__p10__crf18__run1.log
47f7f5cceee97b1328a8,2026-09-21T18:06:31.904465+00:00,meeting,ok,a1_4k,SparksWelding_4096x2160_5994_hdr10.y4m,/home/od26udiz/Desktop/c/Tuning-Mode-Analysis-for-SVT-AV1/SVT_AV1_Workspace/data/source/a1_4k/SparksWelding_4096x2160_5994_hdr10.y4m,2160p_or_higher,4096,2160,59.94005994005994,10,420p10,3450471244,69539846fd18cfc372cbafe8e6d4843f,199c9fd9f2faa843133f4ae0ce31e099ec6f4f8fed9df38756cfde77b1858e47,PSNR,1,10,26,0,1,0,130,2.168833333333333,7202,7.984897,18.051,3891724288,3711.438,/home/od26udiz/Desktop/c/Tuning-Mode-Analysis-for-SVT-AV1/SVT_AV1_Workspace/data/encoded/meeting/a1_4k/SparksWelding_4096x2160_5994_hdr10__PSNR__p10__crf26__run1.ivf,36583043,134940.91016675634,b6d521298f0c5a57cc36ce9b189831bb,6cae7eb0d00123f480f6f0e18e1cf152da2d8b6bb2ae3a3844383ac7b4fe07eb,/home/od26udiz/miniconda3/bin/SvtAv1EncApp -i /home/od26udiz/Desktop/c/Tuning-Mode-Analysis-for-SVT-AV1/SVT_AV1_Workspace/data/source/a1_4k/SparksWelding_4096x2160_5994_hdr10.y4m -b /home/od26udiz/Desktop/c/Tuning-Mode-Analysis-for-SVT-AV1/SVT_AV1_Workspace/data/encoded/meeting/a1_4k/SparksWelding_4096x2160_5994_hdr10__PSNR__p10__crf26__run1.ivf --preset 10 --crf 26 --tune 1 --lp 0 --progress 1,0,/home/od26udiz/Desktop/c/Tuning-Mode-Analysis-for-SVT-AV1/SVT_AV1_Workspace/logs/meeting/a1_4k/SparksWelding_4096x2160_5994_hdr10__PSNR__p10__crf26__run1.log
fdc761f9929015bceaf1,2026-09-21T18:06:38.830167+00:00,meeting,ok,a1_4k,SparksWelding_4096x2160_5994_hdr10.y4m,/home/od26udiz/Desktop/c/Tuning-Mode-Analysis-for-SVT-AV1/SVT_AV1_Workspace/data/source/a1_4k/SparksWelding_4096x2160_5994_hdr10.y4m,2160p_or_higher,4096,2160,59.94005994005994,10,420p10,3450471244,69539846fd18cfc372cbafe8e6d4843f,199c9fd9f2faa843133f4ae0ce31e099ec6f4f8fed9df38756cfde77b1858e47,PSNR,1,10,35,0,1,0,130,2.168833333333333,6212,6.765041,20.927,3903418368,3722.59,/home/od26udiz/Desktop/c/Tuning-Mode-Analysis-for-SVT-AV1/SVT_AV1_Workspace/data/encoded/meeting/a1_4k/SparksWelding_4096x2160_5994_hdr10__PSNR__p10__crf35__run1.ivf,18230334,67244.75770383464,c7fbe3ae42a788a011a3239a35bb6242,5f8067342f4eed475976362a46a79f90608422b19825c61c32f4ea417a052a4a,/home/od26udiz/miniconda3/bin/SvtAv1EncApp -i /home/od26udiz/Desktop/c/Tuning-Mode-Analysis-for-SVT-AV1/SVT_AV1_Workspace/data/source/a1_4k/SparksWelding_4096x2160_5994_hdr10.y4m -b /home/od26udiz/Desktop/c/Tuning-Mode-Analysis-for-SVT-AV1/SVT_AV1_Workspace/data/encoded/meeting/a1_4k/SparksWelding_4096x2160_5994_hdr10__PSNR__p10__crf35__run1.ivf --preset 10 --crf 35 --tune 1 --lp 0 --progress 1,0,/home/od26udiz/Desktop/c/Tuning-Mode-Analysis-for-SVT-AV1/SVT_AV1_Workspace/logs/meeting/a1_4k/SparksWelding_4096x2160_5994_hdr10__PSNR__p10__crf35__run1.log
be8a0b9111f9ddc1ca40,2026-09-21T18:06:45.130665+00:00,meeting,ok,a1_4k,SparksWelding_4096x2160_5994_hdr10.y4m,/home/od26udiz/Desktop/c/Tuning-Mode-Analysis-for-SVT-AV1/SVT_AV1_Workspace/data/source/a1_4k/SparksWelding_4096x2160_5994_hdr10.y4m,2160p_or_higher,4096,2160,59.94005994005994,10,420p10,3450471244,69539846fd18cfc372cbafe8e6d4843f,199c9fd9f2faa843133f4ae0ce31e099ec6f4f8fed9df38756cfde77b1858e47,PSNR,1,10,44,0,1,0,130,2.168833333333333,5810,6.183808,22.374,3971944448,3787.941,/home/od26udiz/Desktop/c/Tuning-Mode-Analysis-for-SVT-AV1/SVT_AV1_Workspace/data/encoded/meeting/a1_4k/SparksWelding_4096x2160_5994_hdr10__PSNR__p10__crf44__run1.ivf,9080595,33494.85591331746,883f15bacca6b45a6c3b8d0a17bb8904,729589633097b1248a9b1646ce440039a3da3b44a6a692cf3743e6ce11358801,/home/od26udiz/miniconda3/bin/SvtAv1EncApp -i /home/od26udiz/Desktop/c/Tuning-Mode-Analysis-for-SVT-AV1/SVT_AV1_Workspace/data/source/a1_4k/SparksWelding_4096x2160_5994_hdr10.y4m -b /home/od26udiz/Desktop/c/Tuning-Mode-Analysis-for-SVT-AV1/SVT_AV1_Workspace/data/encoded/meeting/a1_4k/SparksWelding_4096x2160_5994_hdr10__PSNR__p10__crf44__run1.ivf --preset 10 --crf 44 --tune 1 --lp 0 --progress 1,0,/home/od26udiz/Desktop/c/Tuning-Mode-Analysis-for-SVT-AV1/SVT_AV1_Workspace/logs/meeting/a1_4k/SparksWelding_4096x2160_5994_hdr10__PSNR__p10__crf44__run1.log
89bbf0f15ba94f05850d,2026-09-21T18:06:51.674414+00:00,meeting,ok,a1_4k,SparksWelding_4096x2160_5994_hdr10.y4m,/home/od26udiz/Desktop/c/Tuning-Mode-Analysis-for-SVT-AV1/SVT_AV1_Workspace/data/source/a1_4k/SparksWelding_4096x2160_5994_hdr10.y4m,2160p_or_higher,4096,2160,59.94005994005994,10,420p10,3450471244,69539846fd18cfc372cbafe8e6d4843f,199c9fd9f2faa843133f4ae0ce31e099ec6f4f8fed9df38756cfde77b1858e47,PSNR,1,10,52,0,1,0,130,2.168833333333333,6057,6.451936,21.464,4050317312,3862.684,/home/od26udiz/Desktop/c/Tuning-Mode-Analysis-for-SVT-AV1/SVT_AV1_Workspace/data/encoded/meeting/a1_4k/SparksWelding_4096x2160_5994_hdr10__PSNR__p10__crf52__run1.ivf,4687974,17292.150311227237,c074ad3109dc1b7c5c172e0ac26d2513,0ec5676c8b2369b65a02a2b1cf035c60b59efd39bab674ff31802bf0ed762e31,/home/od26udiz/miniconda3/bin/SvtAv1EncApp -i /home/od26udiz/Desktop/c/Tuning-Mode-Analysis-for-SVT-AV1/SVT_AV1_Workspace/data/source/a1_4k/SparksWelding_4096x2160_5994_hdr10.y4m -b /home/od26udiz/Desktop/c/Tuning-Mode-Analysis-for-SVT-AV1/SVT_AV1_Workspace/data/encoded/meeting/a1_4k/SparksWelding_4096x2160_5994_hdr10__PSNR__p10__crf52__run1.ivf --preset 10 --crf 52 --tune 1 --lp 0 --progress 1,0,/home/od26udiz/Desktop/c/Tuning-Mode-Analysis-for-SVT-AV1/SVT_AV1_Workspace/logs/meeting/a1_4k/SparksWelding_4096x2160_5994_hdr10__PSNR__p10__crf52__run1.log
637dc24e9d9024eb2f96,2026-09-21T18:06:57.136634+00:00,meeting,ok,a1_4k,SparksWelding_4096x2160_5994_hdr10.y4m,/home/od26udiz/Desktop/c/Tuning-Mode-Analysis-for-SVT-AV1/SVT_AV1_Workspace/data/source/a1_4k/SparksWelding_4096x2160_5994_hdr10.y4m,2160p_or_higher,4096,2160,59.94005994005994,10,420p10,3450471244,69539846fd18cfc372cbafe8e6d4843f,199c9fd9f2faa843133f4ae0ce31e099ec6f4f8fed9df38756cfde77b1858e47,PSNR,1,10,60,0,1,0,130,2.168833333333333,5169,5.402239,25.151,4044398592,3857.039,/home/od26udiz/Desktop/c/Tuning-Mode-Analysis-for-SVT-AV1/SVT_AV1_Workspace/data/encoded/meeting/a1_4k/SparksWelding_4096x2160_5994_hdr10__PSNR__p10__crf60__run1.ivf,1678489,6191.306539614232,b58a2dfc260fab90a5abaca971591f67,6dce55bc840a3c5060cc48df864c7c91a5ca8837ab00ae60d73e14b3405c43e5,/home/od26udiz/miniconda3/bin/SvtAv1EncApp -i /home/od26udiz/Desktop/c/Tuning-Mode-Analysis-for-SVT-AV1/SVT_AV1_Workspace/data/source/a1_4k/SparksWelding_4096x2160_5994_hdr10.y4m -b /home/od26udiz/Desktop/c/Tuning-Mode-Analysis-for-SVT-AV1/SVT_AV1_Workspace/data/encoded/meeting/a1_4k/SparksWelding_4096x2160_5994_hdr10__PSNR__p10__crf60__run1.ivf --preset 10 --crf 60 --tune 1 --lp 0 --progress 1,0,/home/od26udiz/Desktop/c/Tuning-Mode-Analysis-for-SVT-AV1/SVT_AV1_Workspace/logs/meeting/a1_4k/SparksWelding_4096x2160_5994_hdr10__PSNR__p10__crf60__run1.log
d7eb75f2cda092c4a6ef,2026-09-21T18:11:44.262849+00:00,meeting,ok,a1_4k,SparksWelding_4096x2160_5994_hdr10.y4m,/home/od26udiz/Desktop/c/Tuning-Mode-Analysis-for-SVT-AV1/SVT_AV1_Workspace/data/source/a1_4k/SparksWelding_4096x2160_5994_hdr10.y4m,2160p_or_higher,4096,2160,59.94005994005994,10,420p10,3450471244,69539846fd18cfc372cbafe8e6d4843f,199c9fd9f2faa843133f4ae0ce31e099ec6f4f8fed9df38756cfde77b1858e47,SSIM,2,1,18,0,1,0,130,2.168833333333333,286568,287.086239,0.454,9617940480,9172.383,/home/od26udiz/Desktop/c/Tuning-Mode-Analysis-for-SVT-AV1/SVT_AV1_Workspace/data/encoded/meeting/a1_4k/SparksWelding_4096x2160_5994_hdr10__SSIM__p1__crf18__run1.ivf,43688789,161151.3003919158,99470228c02114ed928a92242599cd24,ec076344eaaed102f4ff939eaad99e9dc0553504679aae7fd27ea1e5847b3968,/home/od26udiz/miniconda3/bin/SvtAv1EncApp -i /home/od26udiz/Desktop/c/Tuning-Mode-Analysis-for-SVT-AV1/SVT_AV1_Workspace/data/source/a1_4k/SparksWelding_4096x2160_5994_hdr10.y4m -b /home/od26udiz/Desktop/c/Tuning-Mode-Analysis-for-SVT-AV1/SVT_AV1_Workspace/data/encoded/meeting/a1_4k/SparksWelding_4096x2160_5994_hdr10__SSIM__p1__crf18__run1.ivf --preset 1 --crf 18 --tune 2 --lp 0 --progress 1,0,/home/od26udiz/Desktop/c/Tuning-Mode-Analysis-for-SVT-AV1/SVT_AV1_Workspace/logs/meeting/a1_4k/SparksWelding_4096x2160_5994_hdr10__SSIM__p1__crf18__run1.log
18fc228eb4067ec7d650,2026-09-21T18:17:33.116509+00:00,meeting,ok,a1_4k,SparksWelding_4096x2160_5994_hdr10.y4m,/home/od26udiz/Desktop/c/Tuning-Mode-Analysis-for-SVT-AV1/SVT_AV1_Workspace/data/source/a1_4k/SparksWelding_4096x2160_5994_hdr10.y4m,2160p_or_higher,4096,2160,59.94005994005994,10,420p10,3450471244,69539846fd18cfc372cbafe8e6d4843f,199c9fd9f2faa843133f4ae0ce31e099ec6f4f8fed9df38756cfde77b1858e47,SSIM,2,1,26,0,1,0,130,2.168833333333333,348218,348.65746,0.373,9306615808,8875.48,/home/od26udiz/Desktop/c/Tuning-Mode-Analysis-for-SVT-AV1/SVT_AV1_Workspace/data/encoded/meeting/a1_4k/SparksWelding_4096x2160_5994_hdr10__SSIM__p1__crf26__run1.ivf,24344332,89796.96734035197,a74987d42ddac5257088f6120fc982a5,40d56bb589319e2175094ead6a10bc886ca0f91b91b1e13d4fda08be4bc9b48e,/home/od26udiz/miniconda3/bin/SvtAv1EncApp -i /home/od26udiz/Desktop/c/Tuning-Mode-Analysis-for-SVT-AV1/SVT_AV1_Workspace/data/source/a1_4k/SparksWelding_4096x2160_5994_hdr10.y4m -b /home/od26udiz/Desktop/c/Tuning-Mode-Analysis-for-SVT-AV1/SVT_AV1_Workspace/data/encoded/meeting/a1_4k/SparksWelding_4096x2160_5994_hdr10__SSIM__p1__crf26__run1.ivf --preset 1 --crf 26 --tune 2 --lp 0 --progress 1,0,/home/od26udiz/Desktop/c/Tuning-Mode-Analysis-for-SVT-AV1/SVT_AV1_Workspace/logs/meeting/a1_4k/SparksWelding_4096x2160_5994_hdr10__SSIM__p1__crf26__run1.log
8c60dba4e729b5e98097,2026-09-21T18:23:06.732428+00:00,meeting,ok,a1_4k,SparksWelding_4096x2160_5994_hdr10.y4m,/home/od26udiz/Desktop/c/Tuning-Mode-Analysis-for-SVT-AV1/SVT_AV1_Workspace/data/source/a1_4k/SparksWelding_4096x2160_5994_hdr10.y4m,2160p_or_higher,4096,2160,59.94005994005994,10,420p10,3450471244,69539846fd18cfc372cbafe8e6d4843f,199c9fd9f2faa843133f4ae0ce31e099ec6f4f8fed9df38756cfde77b1858e47,SSIM,2,1,35,0,1,0,130,2.168833333333333,333035,333.489086,0.39,9698385920,9249.102,/home/od26udiz/Desktop/c/Tuning-Mode-Analysis-for-SVT-AV1/SVT_AV1_Workspace/data/encoded/meeting/a1_4k/SparksWelding_4096x2160_5994_hdr10__SSIM__p1__crf35__run1.ivf,11842317,43681.79635748867,23bf23ca1cc48bc90ee6459eeb3f82ab,6e0c02c1dddf7bf8024ff97ecbb68dc9f9c6afeddcabb80d5165dd69c3976b59,/home/od26udiz/miniconda3/bin/SvtAv1EncApp -i /home/od26udiz/Desktop/c/Tuning-Mode-Analysis-for-SVT-AV1/SVT_AV1_Workspace/data/source/a1_4k/SparksWelding_4096x2160_5994_hdr10.y4m -b /home/od26udiz/Desktop/c/Tuning-Mode-Analysis-for-SVT-AV1/SVT_AV1_Workspace/data/encoded/meeting/a1_4k/SparksWelding_4096x2160_5994_hdr10__SSIM__p1__crf35__run1.ivf --preset 1 --crf 35 --tune 2 --lp 0 --progress 1,0,/home/od26udiz/Desktop/c/Tuning-Mode-Analysis-for-SVT-AV1/SVT_AV1_Workspace/logs/meeting/a1_4k/SparksWelding_4096x2160_5994_hdr10__SSIM__p1__crf35__run1.log
9743a15fee7b670f98a6,2026-09-21T18:28:22.157909+00:00,meeting,ok,a1_4k,SparksWelding_4096x2160_5994_hdr10.y4m,/home/od26udiz/Desktop/c/Tuning-Mode-Analysis-for-SVT-AV1/SVT_AV1_Workspace/data/source/a1_4k/SparksWelding_4096x2160_5994_hdr10.y4m,2160p_or_higher,4096,2160,59.94005994005994,10,420p10,3450471244,69539846fd18cfc372cbafe8e6d4843f,199c9fd9f2faa843133f4ae0ce31e099ec6f4f8fed9df38756cfde77b1858e47,SSIM,2,1,44,0,1,0,130,2.168833333333333,314876,315.346925,0.413,9734340608,9283.391,/home/od26udiz/Desktop/c/Tuning-Mode-Analysis-for-SVT-AV1/SVT_AV1_Workspace/data/encoded/meeting/a1_4k/SparksWelding_4096x2160_5994_hdr10__SSIM__p1__crf44__run1.ivf,6049807,22315.433489587336,ba9dc30bf27b67d109cba9fce92a4e82,139a3be7dd6312b5b3c7f4904362ef034e2b8fa06b8dfbf80a37b0195b9b02a3,/home/od26udiz/miniconda3/bin/SvtAv1EncApp -i /home/od26udiz/Desktop/c/Tuning-Mode-Analysis-for-SVT-AV1/SVT_AV1_Workspace/data/source/a1_4k/SparksWelding_4096x2160_5994_hdr10.y4m -b /home/od26udiz/Desktop/c/Tuning-Mode-Analysis-for-SVT-AV1/SVT_AV1_Workspace/data/encoded/meeting/a1_4k/SparksWelding_4096x2160_5994_hdr10__SSIM__p1__crf44__run1.ivf --preset 1 --crf 44 --tune 2 --lp 0 --progress 1,0,/home/od26udiz/Desktop/c/Tuning-Mode-Analysis-for-SVT-AV1/SVT_AV1_Workspace/logs/meeting/a1_4k/SparksWelding_4096x2160_5994_hdr10__SSIM__p1__crf44__run1.log
0f599f6f4698370a3a97,2026-09-21T18:33:55.000713+00:00,meeting,ok,a1_4k,SparksWelding_4096x2160_5994_hdr10.y4m,/home/od26udiz/Desktop/c/Tuning-Mode-Analysis-for-SVT-AV1/SVT_AV1_Workspace/data/source/a1_4k/SparksWelding_4096x2160_5994_hdr10.y4m,2160p_or_higher,4096,2160,59.94005994005994,10,420p10,3450471244,69539846fd18cfc372cbafe8e6d4843f,199c9fd9f2faa843133f4ae0ce31e099ec6f4f8fed9df38756cfde77b1858e47,SSIM,2,1,52,0,1,0,130,2.168833333333333,332419,332.811487,0.391,9759010816,9306.918,/home/od26udiz/Desktop/c/Tuning-Mode-Analysis-for-SVT-AV1/SVT_AV1_Workspace/data/encoded/meeting/a1_4k/SparksWelding_4096x2160_5994_hdr10__SSIM__p1__crf52__run1.ivf,3318224,12239.664335664338,1c6b5076cd0dc4ca25b4a74971084327,eb6d7f6a82647d3b6faa21f2339f52bde852a6aac93b47a51c74dee8a68cbeaa,/home/od26udiz/miniconda3/bin/SvtAv1EncApp -i /home/od26udiz/Desktop/c/Tuning-Mode-Analysis-for-SVT-AV1/SVT_AV1_Workspace/data/source/a1_4k/SparksWelding_4096x2160_5994_hdr10.y4m -b /home/od26udiz/Desktop/c/Tuning-Mode-Analysis-for-SVT-AV1/SVT_AV1_Workspace/data/encoded/meeting/a1_4k/SparksWelding_4096x2160_5994_hdr10__SSIM__p1__crf52__run1.ivf --preset 1 --crf 52 --tune 2 --lp 0 --progress 1,0,/home/od26udiz/Desktop/c/Tuning-Mode-Analysis-for-SVT-AV1/SVT_AV1_Workspace/logs/meeting/a1_4k/SparksWelding_4096x2160_5994_hdr10__SSIM__p1__crf52__run1.log
356c8c9455f9679554e4,2026-09-21T18:39:34.032592+00:00,meeting,ok,a1_4k,SparksWelding_4096x2160_5994_hdr10.y4m,/home/od26udiz/Desktop/c/Tuning-Mode-Analysis-for-SVT-AV1/SVT_AV1_Workspace/data/source/a1_4k/SparksWelding_4096x2160_5994_hdr10.y4m,2160p_or_higher,4096,2160,59.94005994005994,10,420p10,3450471244,69539846fd18cfc372cbafe8e6d4843f,199c9fd9f2faa843133f4ae0ce31e099ec6f4f8fed9df38756cfde77b1858e47,SSIM,2,1,60,0,1,0,130,2.168833333333333,338556,339.0064,0.384,9790881792,9337.312,/home/od26udiz/Desktop/c/Tuning-Mode-Analysis-for-SVT-AV1/SVT_AV1_Workspace/data/encoded/meeting/a1_4k/SparksWelding_4096x2160_5994_hdr10__SSIM__p1__crf60__run1.ivf,1319043,4865.4471682163985,129982692961cb7d712a94fa359529d5,47201a836c3788d1605e0999e382278f14daf8afd370205628ddc844b2c544f1,/home/od26udiz/miniconda3/bin/SvtAv1EncApp -i /home/od26udiz/Desktop/c/Tuning-Mode-Analysis-for-SVT-AV1/SVT_AV1_Workspace/data/source/a1_4k/SparksWelding_4096x2160_5994_hdr10.y4m -b /home/od26udiz/Desktop/c/Tuning-Mode-Analysis-for-SVT-AV1/SVT_AV1_Workspace/data/encoded/meeting/a1_4k/SparksWelding_4096x2160_5994_hdr10__SSIM__p1__crf60__run1.ivf --preset 1 --crf 60 --tune 2 --lp 0 --progress 1,0,/home/od26udiz/Desktop/c/Tuning-Mode-Analysis-for-SVT-AV1/SVT_AV1_Workspace/logs/meeting/a1_4k/SparksWelding_4096x2160_5994_hdr10__SSIM__p1__crf60__run1.log
435c9f049996c286846f,2026-09-21T18:39:43.196702+00:00,meeting,ok,a1_4k,SparksWelding_4096x2160_5994_hdr10.y4m,/home/od26udiz/Desktop/c/Tuning-Mode-Analysis-for-SVT-AV1/SVT_AV1_Workspace/data/source/a1_4k/SparksWelding_4096x2160_5994_hdr10.y4m,2160p_or_higher,4096,2160,59.94005994005994,10,420p10,3450471244,69539846fd18cfc372cbafe8e6d4843f,199c9fd9f2faa843133f4ae0ce31e099ec6f4f8fed9df38756cfde77b1858e47,SSIM,2,10,18,0,1,0,130,2.168833333333333,8017,9.13634,16.216,4122042368,3931.086,/home/od26udiz/Desktop/c/Tuning-Mode-Analysis-for-SVT-AV1/SVT_AV1_Workspace/data/encoded/meeting/a1_4k/SparksWelding_4096x2160_5994_hdr10__SSIM__p10__crf18__run1.ivf,62304000,229815.7227387997,611a2fd0d122d1a32725ccb11fd8df0f,2f711a6b19994be9a567e4100d3d038f71d64f02a8bc927d9fecb0e563f1a326,/home/od26udiz/miniconda3/bin/SvtAv1EncApp -i /home/od26udiz/Desktop/c/Tuning-Mode-Analysis-for-SVT-AV1/SVT_AV1_Workspace/data/source/a1_4k/SparksWelding_4096x2160_5994_hdr10.y4m -b /home/od26udiz/Desktop/c/Tuning-Mode-Analysis-for-SVT-AV1/SVT_AV1_Workspace/data/encoded/meeting/a1_4k/SparksWelding_4096x2160_5994_hdr10__SSIM__p10__crf18__run1.ivf --preset 10 --crf 18 --tune 2 --lp 0 --progress 1,0,/home/od26udiz/Desktop/c/Tuning-Mode-Analysis-for-SVT-AV1/SVT_AV1_Workspace/logs/meeting/a1_4k/SparksWelding_4096x2160_5994_hdr10__SSIM__p10__crf18__run1.log
be7b3c3d032e100e8e82,2026-09-21T18:39:51.571592+00:00,meeting,ok,a1_4k,SparksWelding_4096x2160_5994_hdr10.y4m,/home/od26udiz/Desktop/c/Tuning-Mode-Analysis-for-SVT-AV1/SVT_AV1_Workspace/data/source/a1_4k/SparksWelding_4096x2160_5994_hdr10.y4m,2160p_or_higher,4096,2160,59.94005994005994,10,420p10,3450471244,69539846fd18cfc372cbafe8e6d4843f,199c9fd9f2faa843133f4ae0ce31e099ec6f4f8fed9df38756cfde77b1858e47,SSIM,2,10,26,0,1,0,130,2.168833333333333,7357,8.101351,17.67,4063780864,3875.523,/home/od26udiz/Desktop/c/Tuning-Mode-Analysis-for-SVT-AV1/SVT_AV1_Workspace/data/encoded/meeting/a1_4k/SparksWelding_4096x2160_5994_hdr10__SSIM__p10__crf26__run1.ivf,36003862,132804.5320833013,cb9e0ce175d4649e3caa1f82a38f8b19,461091c0802f1cdc9e20f4e45361abca4ac17c99662bb86ea1a6d77da946200e,/home/od26udiz/miniconda3/bin/SvtAv1EncApp -i /home/od26udiz/Desktop/c/Tuning-Mode-Analysis-for-SVT-AV1/SVT_AV1_Workspace/data/source/a1_4k/SparksWelding_4096x2160_5994_hdr10.y4m -b /home/od26udiz/Desktop/c/Tuning-Mode-Analysis-for-SVT-AV1/SVT_AV1_Workspace/data/encoded/meeting/a1_4k/SparksWelding_4096x2160_5994_hdr10__SSIM__p10__crf26__run1.ivf --preset 10 --crf 26 --tune 2 --lp 0 --progress 1,0,/home/od26udiz/Desktop/c/Tuning-Mode-Analysis-for-SVT-AV1/SVT_AV1_Workspace/logs/meeting/a1_4k/SparksWelding_4096x2160_5994_hdr10__SSIM__p10__crf26__run1.log
195228edd72e248f83e8,2026-09-21T18:39:58.679533+00:00,meeting,ok,a1_4k,SparksWelding_4096x2160_5994_hdr10.y4m,/home/od26udiz/Desktop/c/Tuning-Mode-Analysis-for-SVT-AV1/SVT_AV1_Workspace/data/source/a1_4k/SparksWelding_4096x2160_5994_hdr10.y4m,2160p_or_higher,4096,2160,59.94005994005994,10,420p10,3450471244,69539846fd18cfc372cbafe8e6d4843f,199c9fd9f2faa843133f4ae0ce31e099ec6f4f8fed9df38756cfde77b1858e47,SSIM,2,10,35,0,1,0,130,2.168833333333333,6417,6.94569,20.257,4032180224,3845.387,/home/od26udiz/Desktop/c/Tuning-Mode-Analysis-for-SVT-AV1/SVT_AV1_Workspace/data/encoded/meeting/a1_4k/SparksWelding_4096x2160_5994_hdr10__SSIM__p10__crf35__run1.ivf,17720682,65364.84561592254,af0971ba0a2d2aa25d04e01f807ff9f0,468c8a86333bd1b0ed861c3731dd096f25f932c971e2a4884aaa918296b8b9dd,/home/od26udiz/miniconda3/bin/SvtAv1EncApp -i /home/od26udiz/Desktop/c/Tuning-Mode-Analysis-for-SVT-AV1/SVT_AV1_Workspace/data/source/a1_4k/SparksWelding_4096x2160_5994_hdr10.y4m -b /home/od26udiz/Desktop/c/Tuning-Mode-Analysis-for-SVT-AV1/SVT_AV1_Workspace/data/encoded/meeting/a1_4k/SparksWelding_4096x2160_5994_hdr10__SSIM__p10__crf35__run1.ivf --preset 10 --crf 35 --tune 2 --lp 0 --progress 1,0,/home/od26udiz/Desktop/c/Tuning-Mode-Analysis-for-SVT-AV1/SVT_AV1_Workspace/logs/meeting/a1_4k/SparksWelding_4096x2160_5994_hdr10__SSIM__p10__crf35__run1.log
db3fdea646f6cfe7ad19,2026-09-21T18:40:04.982777+00:00,meeting,ok,a1_4k,SparksWelding_4096x2160_5994_hdr10.y4m,/home/od26udiz/Desktop/c/Tuning-Mode-Analysis-for-SVT-AV1/SVT_AV1_Workspace/data/source/a1_4k/SparksWelding_4096x2160_5994_hdr10.y4m,2160p_or_higher,4096,2160,59.94005994005994,10,420p10,3450471244,69539846fd18cfc372cbafe8e6d4843f,199c9fd9f2faa843133f4ae0ce31e099ec6f4f8fed9df38756cfde77b1858e47,SSIM,2,10,44,0,1,0,130,2.168833333333333,5814,6.204899,22.358,4118261760,3927.48,/home/od26udiz/Desktop/c/Tuning-Mode-Analysis-for-SVT-AV1/SVT_AV1_Workspace/data/encoded/meeting/a1_4k/SparksWelding_4096x2160_5994_hdr10__SSIM__p10__crf44__run1.ivf,8604329,31738.092061784373,d6a5f3fdaf8fb676c9ab481c430e9516,b7d3025b743bea538b863d4a9678d832efc43ee3fbe87d78d9779d2e571a2339,/home/od26udiz/miniconda3/bin/SvtAv1EncApp -i /home/od26udiz/Desktop/c/Tuning-Mode-Analysis-for-SVT-AV1/SVT_AV1_Workspace/data/source/a1_4k/SparksWelding_4096x2160_5994_hdr10.y4m -b /home/od26udiz/Desktop/c/Tuning-Mode-Analysis-for-SVT-AV1/SVT_AV1_Workspace/data/encoded/meeting/a1_4k/SparksWelding_4096x2160_5994_hdr10__SSIM__p10__crf44__run1.ivf --preset 10 --crf 44 --tune 2 --lp 0 --progress 1,0,/home/od26udiz/Desktop/c/Tuning-Mode-Analysis-for-SVT-AV1/SVT_AV1_Workspace/logs/meeting/a1_4k/SparksWelding_4096x2160_5994_hdr10__SSIM__p10__crf44__run1.log
8e834dc3f950d9111d6b,2026-09-21T18:40:11.353620+00:00,meeting,ok,a1_4k,SparksWelding_4096x2160_5994_hdr10.y4m,/home/od26udiz/Desktop/c/Tuning-Mode-Analysis-for-SVT-AV1/SVT_AV1_Workspace/data/source/a1_4k/SparksWelding_4096x2160_5994_hdr10.y4m,2160p_or_higher,4096,2160,59.94005994005994,10,420p10,3450471244,69539846fd18cfc372cbafe8e6d4843f,199c9fd9f2faa843133f4ae0ce31e099ec6f4f8fed9df38756cfde77b1858e47,SSIM,2,10,52,0,1,0,130,2.168833333333333,5977,6.329835,21.748,4087009280,3897.676,/home/od26udiz/Desktop/c/Tuning-Mode-Analysis-for-SVT-AV1/SVT_AV1_Workspace/data/encoded/meeting/a1_4k/SparksWelding_4096x2160_5994_hdr10__SSIM__p10__crf52__run1.ivf,4319926,15934.561438561439,2f5826e128c20898b78496248d50b52f,dc3fa023ef3812b0be017882fda211f743d0bb29afe027df6300b823f4afcac4,/home/od26udiz/miniconda3/bin/SvtAv1EncApp -i /home/od26udiz/Desktop/c/Tuning-Mode-Analysis-for-SVT-AV1/SVT_AV1_Workspace/data/source/a1_4k/SparksWelding_4096x2160_5994_hdr10.y4m -b /home/od26udiz/Desktop/c/Tuning-Mode-Analysis-for-SVT-AV1/SVT_AV1_Workspace/data/encoded/meeting/a1_4k/SparksWelding_4096x2160_5994_hdr10__SSIM__p10__crf52__run1.ivf --preset 10 --crf 52 --tune 2 --lp 0 --progress 1,0,/home/od26udiz/Desktop/c/Tuning-Mode-Analysis-for-SVT-AV1/SVT_AV1_Workspace/logs/meeting/a1_4k/SparksWelding_4096x2160_5994_hdr10__SSIM__p10__crf52__run1.log
b13ad4e9438412f5421c,2026-09-21T18:40:17.082934+00:00,meeting,ok,a1_4k,SparksWelding_4096x2160_5994_hdr10.y4m,/home/od26udiz/Desktop/c/Tuning-Mode-Analysis-for-SVT-AV1/SVT_AV1_Workspace/data/source/a1_4k/SparksWelding_4096x2160_5994_hdr10.y4m,2160p_or_higher,4096,2160,59.94005994005994,10,420p10,3450471244,69539846fd18cfc372cbafe8e6d4843f,199c9fd9f2faa843133f4ae0ce31e099ec6f4f8fed9df38756cfde77b1858e47,SSIM,2,10,60,0,1,0,130,2.168833333333333,5401,5.680279,24.071,4153282560,3960.879,/home/od26udiz/Desktop/c/Tuning-Mode-Analysis-for-SVT-AV1/SVT_AV1_Workspace/data/encoded/meeting/a1_4k/SparksWelding_4096x2160_5994_hdr10__SSIM__p10__crf60__run1.ivf,1577439,5818.57158226389,cba300bcc03f5b29db98db9dd705bd0d,3cf057f3867142e08fd3e1b83ca260f89e8b3dbfbfa88dce6039b77440bfbab0,/home/od26udiz/miniconda3/bin/SvtAv1EncApp -i /home/od26udiz/Desktop/c/Tuning-Mode-Analysis-for-SVT-AV1/SVT_AV1_Workspace/data/source/a1_4k/SparksWelding_4096x2160_5994_hdr10.y4m -b /home/od26udiz/Desktop/c/Tuning-Mode-Analysis-for-SVT-AV1/SVT_AV1_Workspace/data/encoded/meeting/a1_4k/SparksWelding_4096x2160_5994_hdr10__SSIM__p10__crf60__run1.ivf --preset 10 --crf 60 --tune 2 --lp 0 --progress 1,0,/home/od26udiz/Desktop/c/Tuning-Mode-Analysis-for-SVT-AV1/SVT_AV1_Workspace/logs/meeting/a1_4k/SparksWelding_4096x2160_5994_hdr10__SSIM__p10__crf60__run1.log
2dc22697b2fd3afbea56,2026-09-21T18:46:30.491211+00:00,meeting,ok,a1_4k,SparksWelding_4096x2160_5994_hdr10.y4m,/home/od26udiz/Desktop/c/Tuning-Mode-Analysis-for-SVT-AV1/SVT_AV1_Workspace/data/source/a1_4k/SparksWelding_4096x2160_5994_hdr10.y4m,2160p_or_higher,4096,2160,59.94005994005994,10,420p10,3450471244,69539846fd18cfc372cbafe8e6d4843f,199c9fd9f2faa843133f4ae0ce31e099ec6f4f8fed9df38756cfde77b1858e47,MS_SSIM,4,1,18,0,1,0,130,2.168833333333333,372833,373.380084,0.349,9412579328,8976.535,/home/od26udiz/Desktop/c/Tuning-Mode-Analysis-for-SVT-AV1/SVT_AV1_Workspace/data/encoded/meeting/a1_4k/SparksWelding_4096x2160_5994_hdr10__MS_SSIM__p1__crf18__run1.ivf,83328460,307366.94689925463,3f794f26dd8ac56f2da5705cf7bc8b8a,3726b55b8619f0f5ded59dfdf9ad13293ed07b1a574e993436b0f7778c263fce,/home/od26udiz/miniconda3/bin/SvtAv1EncApp -i /home/od26udiz/Desktop/c/Tuning-Mode-Analysis-for-SVT-AV1/SVT_AV1_Workspace/data/source/a1_4k/SparksWelding_4096x2160_5994_hdr10.y4m -b /home/od26udiz/Desktop/c/Tuning-Mode-Analysis-for-SVT-AV1/SVT_AV1_Workspace/data/encoded/meeting/a1_4k/SparksWelding_4096x2160_5994_hdr10__MS_SSIM__p1__crf18__run1.ivf --preset 1 --crf 18 --tune 4 --lp 0 --progress 1,0,/home/od26udiz/Desktop/c/Tuning-Mode-Analysis-for-SVT-AV1/SVT_AV1_Workspace/logs/meeting/a1_4k/SparksWelding_4096x2160_5994_hdr10__MS_SSIM__p1__crf18__run1.log
dfb5705b056f938ac37c,2026-09-21T18:52:37.527950+00:00,meeting,ok,a1_4k,SparksWelding_4096x2160_5994_hdr10.y4m,/home/od26udiz/Desktop/c/Tuning-Mode-Analysis-for-SVT-AV1/SVT_AV1_Workspace/data/source/a1_4k/SparksWelding_4096x2160_5994_hdr10.y4m,2160p_or_higher,4096,2160,59.94005994005994,10,420p10,3450471244,69539846fd18cfc372cbafe8e6d4843f,199c9fd9f2faa843133f4ae0ce31e099ec6f4f8fed9df38756cfde77b1858e47,MS_SSIM,4,1,26,0,1,0,130,2.168833333333333,366242,366.707307,0.355,9400799232,8965.301,/home/od26udiz/Desktop/c/Tuning-Mode-Analysis-for-SVT-AV1/SVT_AV1_Workspace/data/encoded/meeting/a1_4k/SparksWelding_4096x2160_5994_hdr10__MS_SSIM__p1__crf26__run1.ivf,46484266,171462.75017290405,5d17cbe0472651282590ac89e62e1bb3,df968441b9cc0ca04b25da66bf677d091dd7f92e448835c38dd309f28133686f,/home/od26udiz/miniconda3/bin/SvtAv1EncApp -i /home/od26udiz/Desktop/c/Tuning-Mode-Analysis-for-SVT-AV1/SVT_AV1_Workspace/data/source/a1_4k/SparksWelding_4096x2160_5994_hdr10.y4m -b /home/od26udiz/Desktop/c/Tuning-Mode-Analysis-for-SVT-AV1/SVT_AV1_Workspace/data/encoded/meeting/a1_4k/SparksWelding_4096x2160_5994_hdr10__MS_SSIM__p1__crf26__run1.ivf --preset 1 --crf 26 --tune 4 --lp 0 --progress 1,0,/home/od26udiz/Desktop/c/Tuning-Mode-Analysis-for-SVT-AV1/SVT_AV1_Workspace/logs/meeting/a1_4k/SparksWelding_4096x2160_5994_hdr10__MS_SSIM__p1__crf26__run1.log
3dfedff29e06c3471da8,2026-09-21T18:58:31.536240+00:00,meeting,ok,a1_4k,SparksWelding_4096x2160_5994_hdr10.y4m,/home/od26udiz/Desktop/c/Tuning-Mode-Analysis-for-SVT-AV1/SVT_AV1_Workspace/data/source/a1_4k/SparksWelding_4096x2160_5994_hdr10.y4m,2160p_or_higher,4096,2160,59.94005994005994,10,420p10,3450471244,69539846fd18cfc372cbafe8e6d4843f,199c9fd9f2faa843133f4ae0ce31e099ec6f4f8fed9df38756cfde77b1858e47,MS_SSIM,4,1,35,0,1,0,130,2.168833333333333,353396,353.807404,0.368,9814736896,9360.062,/home/od26udiz/Desktop/c/Tuning-Mode-Analysis-for-SVT-AV1/SVT_AV1_Workspace/data/encoded/meeting/a1_4k/SparksWelding_4096x2160_5994_hdr10__MS_SSIM__p1__crf35__run1.ivf,25347678,93497.92853300546,48e2ce483297990ed5875e4437fc88b2,fa1c7d5f0b11e6aff997c0473e77db9ed09ac593ab977f75d0622d53d7d57098,/home/od26udiz/miniconda3/bin/SvtAv1EncApp -i /home/od26udiz/Desktop/c/Tuning-Mode-Analysis-for-SVT-AV1/SVT_AV1_Workspace/data/source/a1_4k/SparksWelding_4096x2160_5994_hdr10.y4m -b /home/od26udiz/Desktop/c/Tuning-Mode-Analysis-for-SVT-AV1/SVT_AV1_Workspace/data/encoded/meeting/a1_4k/SparksWelding_4096x2160_5994_hdr10__MS_SSIM__p1__crf35__run1.ivf --preset 1 --crf 35 --tune 4 --lp 0 --progress 1,0,/home/od26udiz/Desktop/c/Tuning-Mode-Analysis-for-SVT-AV1/SVT_AV1_Workspace/logs/meeting/a1_4k/SparksWelding_4096x2160_5994_hdr10__MS_SSIM__p1__crf35__run1.log
771711173476731fd98b,2026-09-21T19:04:54.394986+00:00,meeting,ok,a1_4k,SparksWelding_4096x2160_5994_hdr10.y4m,/home/od26udiz/Desktop/c/Tuning-Mode-Analysis-for-SVT-AV1/SVT_AV1_Workspace/data/source/a1_4k/SparksWelding_4096x2160_5994_hdr10.y4m,2160p_or_higher,4096,2160,59.94005994005994,10,420p10,3450471244,69539846fd18cfc372cbafe8e6d4843f,199c9fd9f2faa843133f4ae0ce31e099ec6f4f8fed9df38756cfde77b1858e47,MS_SSIM,4,1,44,0,1,0,130,2.168833333333333,382266,382.750404,0.34,9322823680,8890.938,/home/od26udiz/Desktop/c/Tuning-Mode-Analysis-for-SVT-AV1/SVT_AV1_Workspace/data/encoded/meeting/a1_4k/SparksWelding_4096x2160_5994_hdr10__MS_SSIM__p1__crf44__run1.ivf,13160273,48543.23399677246,25f090e0a26d8cf022931e0119609a0e,cac48142b9900927e0946a21eb47301ac03cea27370383db50d5313247247ff5,/home/od26udiz/miniconda3/bin/SvtAv1EncApp -i /home/od26udiz/Desktop/c/Tuning-Mode-Analysis-for-SVT-AV1/SVT_AV1_Workspace/data/source/a1_4k/SparksWelding_4096x2160_5994_hdr10.y4m -b /home/od26udiz/Desktop/c/Tuning-Mode-Analysis-for-SVT-AV1/SVT_AV1_Workspace/data/encoded/meeting/a1_4k/SparksWelding_4096x2160_5994_hdr10__MS_SSIM__p1__crf44__run1.ivf --preset 1 --crf 44 --tune 4 --lp 0 --progress 1,0,/home/od26udiz/Desktop/c/Tuning-Mode-Analysis-for-SVT-AV1/SVT_AV1_Workspace/logs/meeting/a1_4k/SparksWelding_4096x2160_5994_hdr10__MS_SSIM__p1__crf44__run1.log
e7b99e989bef73d08bc0,2026-09-21T19:12:40.611687+00:00,meeting,ok,a1_4k,SparksWelding_4096x2160_5994_hdr10.y4m,/home/od26udiz/Desktop/c/Tuning-Mode-Analysis-for-SVT-AV1/SVT_AV1_Workspace/data/source/a1_4k/SparksWelding_4096x2160_5994_hdr10.y4m,2160p_or_higher,4096,2160,59.94005994005994,10,420p10,3450471244,69539846fd18cfc372cbafe8e6d4843f,199c9fd9f2faa843133f4ae0ce31e099ec6f4f8fed9df38756cfde77b1858e47,MS_SSIM,4,1,52,0,1,0,130,2.168833333333333,465668,466.127796,0.279,10002522112,9539.148,/home/od26udiz/Desktop/c/Tuning-Mode-Analysis-for-SVT-AV1/SVT_AV1_Workspace/data/encoded/meeting/a1_4k/SparksWelding_4096x2160_5994_hdr10__MS_SSIM__p1__crf52__run1.ivf,7160310,26411.656036271423,224898213fa31f5d06144db3a9901946,f6f67db32902b08010fea548a3ed37281e393541e681e4cf8fff644396fd5077,/home/od26udiz/miniconda3/bin/SvtAv1EncApp -i /home/od26udiz/Desktop/c/Tuning-Mode-Analysis-for-SVT-AV1/SVT_AV1_Workspace/data/source/a1_4k/SparksWelding_4096x2160_5994_hdr10.y4m -b /home/od26udiz/Desktop/c/Tuning-Mode-Analysis-for-SVT-AV1/SVT_AV1_Workspace/data/encoded/meeting/a1_4k/SparksWelding_4096x2160_5994_hdr10__MS_SSIM__p1__crf52__run1.ivf --preset 1 --crf 52 --tune 4 --lp 0 --progress 1,0,/home/od26udiz/Desktop/c/Tuning-Mode-Analysis-for-SVT-AV1/SVT_AV1_Workspace/logs/meeting/a1_4k/SparksWelding_4096x2160_5994_hdr10__MS_SSIM__p1__crf52__run1.log
6a76390f3f5530264a98,2026-09-21T19:19:34.001177+00:00,meeting,ok,a1_4k,SparksWelding_4096x2160_5994_hdr10.y4m,/home/od26udiz/Desktop/c/Tuning-Mode-Analysis-for-SVT-AV1/SVT_AV1_Workspace/data/source/a1_4k/SparksWelding_4096x2160_5994_hdr10.y4m,2160p_or_higher,4096,2160,59.94005994005994,10,420p10,3450471244,69539846fd18cfc372cbafe8e6d4843f,199c9fd9f2faa843133f4ae0ce31e099ec6f4f8fed9df38756cfde77b1858e47,MS_SSIM,4,1,60,0,1,0,130,2.168833333333333,412913,413.320843,0.315,9233235968,8805.5,/home/od26udiz/Desktop/c/Tuning-Mode-Analysis-for-SVT-AV1/SVT_AV1_Workspace/data/encoded/meeting/a1_4k/SparksWelding_4096x2160_5994_hdr10__MS_SSIM__p1__crf60__run1.ivf,3222327,11885.936832398373,f374967c2a29f1941736f04f561a184c,c6f6a2430aab67813f67c599d6d642dae6f5018bd94b9d07688242561fd46da3,/home/od26udiz/miniconda3/bin/SvtAv1EncApp -i /home/od26udiz/Desktop/c/Tuning-Mode-Analysis-for-SVT-AV1/SVT_AV1_Workspace/data/source/a1_4k/SparksWelding_4096x2160_5994_hdr10.y4m -b /home/od26udiz/Desktop/c/Tuning-Mode-Analysis-for-SVT-AV1/SVT_AV1_Workspace/data/encoded/meeting/a1_4k/SparksWelding_4096x2160_5994_hdr10__MS_SSIM__p1__crf60__run1.ivf --preset 1 --crf 60 --tune 4 --lp 0 --progress 1,0,/home/od26udiz/Desktop/c/Tuning-Mode-Analysis-for-SVT-AV1/SVT_AV1_Workspace/logs/meeting/a1_4k/SparksWelding_4096x2160_5994_hdr10__MS_SSIM__p1__crf60__run1.log
21c9a0ef4fd0c023d9d0,2026-09-21T19:19:47.554860+00:00,meeting,ok,a1_4k,SparksWelding_4096x2160_5994_hdr10.y4m,/home/od26udiz/Desktop/c/Tuning-Mode-Analysis-for-SVT-AV1/SVT_AV1_Workspace/data/source/a1_4k/SparksWelding_4096x2160_5994_hdr10.y4m,2160p_or_higher,4096,2160,59.94005994005994,10,420p10,3450471244,69539846fd18cfc372cbafe8e6d4843f,199c9fd9f2faa843133f4ae0ce31e099ec6f4f8fed9df38756cfde77b1858e47,MS_SSIM,4,10,18,0,1,0,130,2.168833333333333,11798,13.511383,11.019,4108103680,3917.793,/home/od26udiz/Desktop/c/Tuning-Mode-Analysis-for-SVT-AV1/SVT_AV1_Workspace/data/encoded/meeting/a1_4k/SparksWelding_4096x2160_5994_hdr10__MS_SSIM__p10__crf18__run1.ivf,106981956,394615.6833935296,06a73139f528cfc904f95641a2939c75,a00d0de52c5775c2efa7faafc2328c42d2f2bfde4cc526e7e11cb378c3c3736d,/home/od26udiz/miniconda3/bin/SvtAv1EncApp -i /home/od26udiz/Desktop/c/Tuning-Mode-Analysis-for-SVT-AV1/SVT_AV1_Workspace/data/source/a1_4k/SparksWelding_4096x2160_5994_hdr10.y4m -b /home/od26udiz/Desktop/c/Tuning-Mode-Analysis-for-SVT-AV1/SVT_AV1_Workspace/data/encoded/meeting/a1_4k/SparksWelding_4096x2160_5994_hdr10__MS_SSIM__p10__crf18__run1.ivf --preset 10 --crf 18 --tune 4 --lp 0 --progress 1,0,/home/od26udiz/Desktop/c/Tuning-Mode-Analysis-for-SVT-AV1/SVT_AV1_Workspace/logs/meeting/a1_4k/SparksWelding_4096x2160_5994_hdr10__MS_SSIM__p10__crf18__run1.log
4573bec00ef8ede6f321,2026-09-21T19:19:59.934508+00:00,meeting,ok,a1_4k,SparksWelding_4096x2160_5994_hdr10.y4m,/home/od26udiz/Desktop/c/Tuning-Mode-Analysis-for-SVT-AV1/SVT_AV1_Workspace/data/source/a1_4k/SparksWelding_4096x2160_5994_hdr10.y4m,2160p_or_higher,4096,2160,59.94005994005994,10,420p10,3450471244,69539846fd18cfc372cbafe8e6d4843f,199c9fd9f2faa843133f4ae0ce31e099ec6f4f8fed9df38756cfde77b1858e47,MS_SSIM,4,10,26,0,1,0,130,2.168833333333333,10815,11.96634,12.021,4146511872,3954.422,/home/od26udiz/Desktop/c/Tuning-Mode-Analysis-for-SVT-AV1/SVT_AV1_Workspace/data/encoded/meeting/a1_4k/SparksWelding_4096x2160_5994_hdr10__MS_SSIM__p10__crf26__run1.ivf,64114349,236493.4105894106,86cab63f8e4286e6071b278f69a00fa8,c58a0a0f48807cc0c354bc479879dca3d4282cc9d5748aad95ed3239cf3c5fe9,/home/od26udiz/miniconda3/bin/SvtAv1EncApp -i /home/od26udiz/Desktop/c/Tuning-Mode-Analysis-for-SVT-AV1/SVT_AV1_Workspace/data/source/a1_4k/SparksWelding_4096x2160_5994_hdr10.y4m -b /home/od26udiz/Desktop/c/Tuning-Mode-Analysis-for-SVT-AV1/SVT_AV1_Workspace/data/encoded/meeting/a1_4k/SparksWelding_4096x2160_5994_hdr10__MS_SSIM__p10__crf26__run1.ivf --preset 10 --crf 26 --tune 4 --lp 0 --progress 1,0,/home/od26udiz/Desktop/c/Tuning-Mode-Analysis-for-SVT-AV1/SVT_AV1_Workspace/logs/meeting/a1_4k/SparksWelding_4096x2160_5994_hdr10__MS_SSIM__p10__crf26__run1.log
fb831c3a5cfc485c835e,2026-09-21T19:20:10.361484+00:00,meeting,ok,a1_4k,SparksWelding_4096x2160_5994_hdr10.y4m,/home/od26udiz/Desktop/c/Tuning-Mode-Analysis-for-SVT-AV1/SVT_AV1_Workspace/data/source/a1_4k/SparksWelding_4096x2160_5994_hdr10.y4m,2160p_or_higher,4096,2160,59.94005994005994,10,420p10,3450471244,69539846fd18cfc372cbafe8e6d4843f,199c9fd9f2faa843133f4ae0ce31e099ec6f4f8fed9df38756cfde77b1858e47,MS_SSIM,4,10,35,0,1,0,130,2.168833333333333,9427,10.154689,13.79,4058230784,3870.23,/home/od26udiz/Desktop/c/Tuning-Mode-Analysis-for-SVT-AV1/SVT_AV1_Workspace/data/encoded/meeting/a1_4k/SparksWelding_4096x2160_5994_hdr10__MS_SSIM__p10__crf35__run1.ivf,36490936,134601.1625297779,8ea770766e28bd0bad292ee464092aae,e91a19f6c8eb179478ee512b401d328f796f696ec5102bd4b586fe96512d7192,/home/od26udiz/miniconda3/bin/SvtAv1EncApp -i /home/od26udiz/Desktop/c/Tuning-Mode-Analysis-for-SVT-AV1/SVT_AV1_Workspace/data/source/a1_4k/SparksWelding_4096x2160_5994_hdr10.y4m -b /home/od26udiz/Desktop/c/Tuning-Mode-Analysis-for-SVT-AV1/SVT_AV1_Workspace/data/encoded/meeting/a1_4k/SparksWelding_4096x2160_5994_hdr10__MS_SSIM__p10__crf35__run1.ivf --preset 10 --crf 35 --tune 4 --lp 0 --progress 1,0,/home/od26udiz/Desktop/c/Tuning-Mode-Analysis-for-SVT-AV1/SVT_AV1_Workspace/logs/meeting/a1_4k/SparksWelding_4096x2160_5994_hdr10__MS_SSIM__p10__crf35__run1.log
43bc407294abba05929f,2026-09-21T19:20:19.669155+00:00,meeting,ok,a1_4k,SparksWelding_4096x2160_5994_hdr10.y4m,/home/od26udiz/Desktop/c/Tuning-Mode-Analysis-for-SVT-AV1/SVT_AV1_Workspace/data/source/a1_4k/SparksWelding_4096x2160_5994_hdr10.y4m,2160p_or_higher,4096,2160,59.94005994005994,10,420p10,3450471244,69539846fd18cfc372cbafe8e6d4843f,199c9fd9f2faa843133f4ae0ce31e099ec6f4f8fed9df38756cfde77b1858e47,MS_SSIM,4,10,44,0,1,0,130,2.168833333333333,8564,9.119296,15.18,4110745600,3920.312,/home/od26udiz/Desktop/c/Tuning-Mode-Analysis-for-SVT-AV1/SVT_AV1_Workspace/data/encoded/meeting/a1_4k/SparksWelding_4096x2160_5994_hdr10__MS_SSIM__p10__crf44__run1.ivf,19201718,70827.82325366941,617bcf435baf313d504e97cfc9a7cd90,6b380a05f8353599c74f139e31bd8e7054ad6a6bf7233f61c907f5f8b92de885,/home/od26udiz/miniconda3/bin/SvtAv1EncApp -i /home/od26udiz/Desktop/c/Tuning-Mode-Analysis-for-SVT-AV1/SVT_AV1_Workspace/data/source/a1_4k/SparksWelding_4096x2160_5994_hdr10.y4m -b /home/od26udiz/Desktop/c/Tuning-Mode-Analysis-for-SVT-AV1/SVT_AV1_Workspace/data/encoded/meeting/a1_4k/SparksWelding_4096x2160_5994_hdr10__MS_SSIM__p10__crf44__run1.ivf --preset 10 --crf 44 --tune 4 --lp 0 --progress 1,0,/home/od26udiz/Desktop/c/Tuning-Mode-Analysis-for-SVT-AV1/SVT_AV1_Workspace/logs/meeting/a1_4k/SparksWelding_4096x2160_5994_hdr10__MS_SSIM__p10__crf44__run1.log
f8f42b74527256032eeb,2026-09-21T19:20:28.801227+00:00,meeting,ok,a1_4k,SparksWelding_4096x2160_5994_hdr10.y4m,/home/od26udiz/Desktop/c/Tuning-Mode-Analysis-for-SVT-AV1/SVT_AV1_Workspace/data/source/a1_4k/SparksWelding_4096x2160_5994_hdr10.y4m,2160p_or_higher,4096,2160,59.94005994005994,10,420p10,3450471244,69539846fd18cfc372cbafe8e6d4843f,199c9fd9f2faa843133f4ae0ce31e099ec6f4f8fed9df38756cfde77b1858e47,MS_SSIM,4,10,52,0,1,0,130,2.168833333333333,8672,9.024226,14.991,4174839808,3981.438,/home/od26udiz/Desktop/c/Tuning-Mode-Analysis-for-SVT-AV1/SVT_AV1_Workspace/data/encoded/meeting/a1_4k/SparksWelding_4096x2160_5994_hdr10__MS_SSIM__p10__crf52__run1.ivf,9883755,36457.40720817644,ab7f8c3e69a602dc91f463f3fa336989,80ba0681aefcb69ce96bde99ce70df0f6ee2055a05263d0864225dcb600773c1,/home/od26udiz/miniconda3/bin/SvtAv1EncApp -i /home/od26udiz/Desktop/c/Tuning-Mode-Analysis-for-SVT-AV1/SVT_AV1_Workspace/data/source/a1_4k/SparksWelding_4096x2160_5994_hdr10.y4m -b /home/od26udiz/Desktop/c/Tuning-Mode-Analysis-for-SVT-AV1/SVT_AV1_Workspace/data/encoded/meeting/a1_4k/SparksWelding_4096x2160_5994_hdr10__MS_SSIM__p10__crf52__run1.ivf --preset 10 --crf 52 --tune 4 --lp 0 --progress 1,0,/home/od26udiz/Desktop/c/Tuning-Mode-Analysis-for-SVT-AV1/SVT_AV1_Workspace/logs/meeting/a1_4k/SparksWelding_4096x2160_5994_hdr10__MS_SSIM__p10__crf52__run1.log
0058cc1edb1f8612ff91,2026-09-21T19:20:36.043938+00:00,meeting,ok,a1_4k,SparksWelding_4096x2160_5994_hdr10.y4m,/home/od26udiz/Desktop/c/Tuning-Mode-Analysis-for-SVT-AV1/SVT_AV1_Workspace/data/source/a1_4k/SparksWelding_4096x2160_5994_hdr10.y4m,2160p_or_higher,4096,2160,59.94005994005994,10,420p10,3450471244,69539846fd18cfc372cbafe8e6d4843f,199c9fd9f2faa843133f4ae0ce31e099ec6f4f8fed9df38756cfde77b1858e47,MS_SSIM,4,10,60,0,1,0,130,2.168833333333333,6897,7.16849,18.847,4288159744,4089.508,/home/od26udiz/Desktop/c/Tuning-Mode-Analysis-for-SVT-AV1/SVT_AV1_Workspace/data/encoded/meeting/a1_4k/SparksWelding_4096x2160_5994_hdr10__MS_SSIM__p10__crf60__run1.ivf,3621364,13357.83232152463,341f894cf080d48109e41a9193ca600b,4577b8fedac015de61aa31634ab00d958b7adbe36efd0d15ebf48ab8e2e0df3f,/home/od26udiz/miniconda3/bin/SvtAv1EncApp -i /home/od26udiz/Desktop/c/Tuning-Mode-Analysis-for-SVT-AV1/SVT_AV1_Workspace/data/source/a1_4k/SparksWelding_4096x2160_5994_hdr10.y4m -b /home/od26udiz/Desktop/c/Tuning-Mode-Analysis-for-SVT-AV1/SVT_AV1_Workspace/data/encoded/meeting/a1_4k/SparksWelding_4096x2160_5994_hdr10__MS_SSIM__p10__crf60__run1.ivf --preset 10 --crf 60 --tune 4 --lp 0 --progress 1,0,/home/od26udiz/Desktop/c/Tuning-Mode-Analysis-for-SVT-AV1/SVT_AV1_Workspace/logs/meeting/a1_4k/SparksWelding_4096x2160_5994_hdr10__MS_SSIM__p10__crf60__run1.log
3f47acfc4e7b88d72bd4,2026-09-21T19:26:21.964808+00:00,meeting,ok,a1_4k,SparksWelding_4096x2160_5994_hdr10.y4m,/home/od26udiz/Desktop/c/Tuning-Mode-Analysis-for-SVT-AV1/SVT_AV1_Workspace/data/source/a1_4k/SparksWelding_4096x2160_5994_hdr10.y4m,2160p_or_higher,4096,2160,59.94005994005994,10,420p10,3450471244,69539846fd18cfc372cbafe8e6d4843f,199c9fd9f2faa843133f4ae0ce31e099ec6f4f8fed9df38756cfde77b1858e47,VMAF,5,1,18,0,1,0,130,2.168833333333333,345411,345.880439,0.376,9458724864,9020.543,/home/od26udiz/Desktop/c/Tuning-Mode-Analysis-for-SVT-AV1/SVT_AV1_Workspace/data/encoded/meeting/a1_4k/SparksWelding_4096x2160_5994_hdr10__VMAF__p1__crf18__run1.ivf,54291290,200259.8878045032,4a5549b1df53b7ee27240cf6345dd00e,f7ad2af51d02645eefaa84f4d42300de1fcb2dac3f022100089e0e261a484545,/home/od26udiz/miniconda3/bin/SvtAv1EncApp -i /home/od26udiz/Desktop/c/Tuning-Mode-Analysis-for-SVT-AV1/SVT_AV1_Workspace/data/source/a1_4k/SparksWelding_4096x2160_5994_hdr10.y4m -b /home/od26udiz/Desktop/c/Tuning-Mode-Analysis-for-SVT-AV1/SVT_AV1_Workspace/data/encoded/meeting/a1_4k/SparksWelding_4096x2160_5994_hdr10__VMAF__p1__crf18__run1.ivf --preset 1 --crf 18 --tune 5 --lp 0 --progress 1,0,/home/od26udiz/Desktop/c/Tuning-Mode-Analysis-for-SVT-AV1/SVT_AV1_Workspace/logs/meeting/a1_4k/SparksWelding_4096x2160_5994_hdr10__VMAF__p1__crf18__run1.log
14cd87f73299125d78b0,2026-09-21T19:32:12.782870+00:00,meeting,ok,a1_4k,SparksWelding_4096x2160_5994_hdr10.y4m,/home/od26udiz/Desktop/c/Tuning-Mode-Analysis-for-SVT-AV1/SVT_AV1_Workspace/data/source/a1_4k/SparksWelding_4096x2160_5994_hdr10.y4m,2160p_or_higher,4096,2160,59.94005994005994,10,420p10,3450471244,69539846fd18cfc372cbafe8e6d4843f,199c9fd9f2faa843133f4ae0ce31e099ec6f4f8fed9df38756cfde77b1858e47,VMAF,5,1,26,0,1,0,130,2.168833333333333,350082,350.586252,0.371,9584095232,9140.105,/home/od26udiz/Desktop/c/Tuning-Mode-Analysis-for-SVT-AV1/SVT_AV1_Workspace/data/encoded/meeting/a1_4k/SparksWelding_4096x2160_5994_hdr10__VMAF__p1__crf26__run1.ivf,28381828,104689.75209405979,1888b4e64c61da538bec2ee090c407aa,4752edc5e0cb83b60b49e582b79387e793712e052d35e5d3b6e78170fec85840,/home/od26udiz/miniconda3/bin/SvtAv1EncApp -i /home/od26udiz/Desktop/c/Tuning-Mode-Analysis-for-SVT-AV1/SVT_AV1_Workspace/data/source/a1_4k/SparksWelding_4096x2160_5994_hdr10.y4m -b /home/od26udiz/Desktop/c/Tuning-Mode-Analysis-for-SVT-AV1/SVT_AV1_Workspace/data/encoded/meeting/a1_4k/SparksWelding_4096x2160_5994_hdr10__VMAF__p1__crf26__run1.ivf --preset 1 --crf 26 --tune 5 --lp 0 --progress 1,0,/home/od26udiz/Desktop/c/Tuning-Mode-Analysis-for-SVT-AV1/SVT_AV1_Workspace/logs/meeting/a1_4k/SparksWelding_4096x2160_5994_hdr10__VMAF__p1__crf26__run1.log
57111450e8f01cc3f67e,2026-09-21T19:37:33.014351+00:00,meeting,ok,a1_4k,SparksWelding_4096x2160_5994_hdr10.y4m,/home/od26udiz/Desktop/c/Tuning-Mode-Analysis-for-SVT-AV1/SVT_AV1_Workspace/data/source/a1_4k/SparksWelding_4096x2160_5994_hdr10.y4m,2160p_or_higher,4096,2160,59.94005994005994,10,420p10,3450471244,69539846fd18cfc372cbafe8e6d4843f,199c9fd9f2faa843133f4ae0ce31e099ec6f4f8fed9df38756cfde77b1858e47,VMAF,5,1,35,0,1,0,130,2.168833333333333,319612,320.08898,0.407,9163239424,8738.746,/home/od26udiz/Desktop/c/Tuning-Mode-Analysis-for-SVT-AV1/SVT_AV1_Workspace/data/encoded/meeting/a1_4k/SparksWelding_4096x2160_5994_hdr10__VMAF__p1__crf35__run1.ivf,13253926,48888.68423883809,e1f3b7aefead2f26d26c1ea79782b12a,ad5388ba632aee9f7c8081dd0669a40138c125a7271f0665b782913f425e6376,/home/od26udiz/miniconda3/bin/SvtAv1EncApp -i /home/od26udiz/Desktop/c/Tuning-Mode-Analysis-for-SVT-AV1/SVT_AV1_Workspace/data/source/a1_4k/SparksWelding_4096x2160_5994_hdr10.y4m -b /home/od26udiz/Desktop/c/Tuning-Mode-Analysis-for-SVT-AV1/SVT_AV1_Workspace/data/encoded/meeting/a1_4k/SparksWelding_4096x2160_5994_hdr10__VMAF__p1__crf35__run1.ivf --preset 1 --crf 35 --tune 5 --lp 0 --progress 1,0,/home/od26udiz/Desktop/c/Tuning-Mode-Analysis-for-SVT-AV1/SVT_AV1_Workspace/logs/meeting/a1_4k/SparksWelding_4096x2160_5994_hdr10__VMAF__p1__crf35__run1.log
6c35bfcf5747673cd82e,2026-09-21T19:42:47.932712+00:00,meeting,ok,a1_4k,SparksWelding_4096x2160_5994_hdr10.y4m,/home/od26udiz/Desktop/c/Tuning-Mode-Analysis-for-SVT-AV1/SVT_AV1_Workspace/data/source/a1_4k/SparksWelding_4096x2160_5994_hdr10.y4m,2160p_or_higher,4096,2160,59.94005994005994,10,420p10,3450471244,69539846fd18cfc372cbafe8e6d4843f,199c9fd9f2faa843133f4ae0ce31e099ec6f4f8fed9df38756cfde77b1858e47,VMAF,5,1,44,0,1,0,130,2.168833333333333,314382,314.830131,0.414,9740165120,9288.945,/home/od26udiz/Desktop/c/Tuning-Mode-Analysis-for-SVT-AV1/SVT_AV1_Workspace/data/encoded/meeting/a1_4k/SparksWelding_4096x2160_5994_hdr10__VMAF__p1__crf44__run1.ivf,6900485,25453.260585568278,8476f14fe004260b78d1455ac6c9bcd0,602363c3ce8e463f2ca2d237d8f62eb4817ce0735db15d00e9a0030866c7c8ea,/home/od26udiz/miniconda3/bin/SvtAv1EncApp -i /home/od26udiz/Desktop/c/Tuning-Mode-Analysis-for-SVT-AV1/SVT_AV1_Workspace/data/source/a1_4k/SparksWelding_4096x2160_5994_hdr10.y4m -b /home/od26udiz/Desktop/c/Tuning-Mode-Analysis-for-SVT-AV1/SVT_AV1_Workspace/data/encoded/meeting/a1_4k/SparksWelding_4096x2160_5994_hdr10__VMAF__p1__crf44__run1.ivf --preset 1 --crf 44 --tune 5 --lp 0 --progress 1,0,/home/od26udiz/Desktop/c/Tuning-Mode-Analysis-for-SVT-AV1/SVT_AV1_Workspace/logs/meeting/a1_4k/SparksWelding_4096x2160_5994_hdr10__VMAF__p1__crf44__run1.log
82d9121816ebe3122e80,2026-09-21T19:48:25.335266+00:00,meeting,ok,a1_4k,SparksWelding_4096x2160_5994_hdr10.y4m,/home/od26udiz/Desktop/c/Tuning-Mode-Analysis-for-SVT-AV1/SVT_AV1_Workspace/data/source/a1_4k/SparksWelding_4096x2160_5994_hdr10.y4m,2160p_or_higher,4096,2160,59.94005994005994,10,420p10,3450471244,69539846fd18cfc372cbafe8e6d4843f,199c9fd9f2faa843133f4ae0ce31e099ec6f4f8fed9df38756cfde77b1858e47,VMAF,5,1,52,0,1,0,130,2.168833333333333,336896,337.337066,0.386,9675853824,9227.613,/home/od26udiz/Desktop/c/Tuning-Mode-Analysis-for-SVT-AV1/SVT_AV1_Workspace/data/encoded/meeting/a1_4k/SparksWelding_4096x2160_5994_hdr10__VMAF__p1__crf52__run1.ivf,3818432,14084.741105048797,a970b86fe1526f58afed08da516e2181,20a576ad79f1a840c54ccf347d5509e750781684769ad1942ef18b4b7fb0bf0a,/home/od26udiz/miniconda3/bin/SvtAv1EncApp -i /home/od26udiz/Desktop/c/Tuning-Mode-Analysis-for-SVT-AV1/SVT_AV1_Workspace/data/source/a1_4k/SparksWelding_4096x2160_5994_hdr10.y4m -b /home/od26udiz/Desktop/c/Tuning-Mode-Analysis-for-SVT-AV1/SVT_AV1_Workspace/data/encoded/meeting/a1_4k/SparksWelding_4096x2160_5994_hdr10__VMAF__p1__crf52__run1.ivf --preset 1 --crf 52 --tune 5 --lp 0 --progress 1,0,/home/od26udiz/Desktop/c/Tuning-Mode-Analysis-for-SVT-AV1/SVT_AV1_Workspace/logs/meeting/a1_4k/SparksWelding_4096x2160_5994_hdr10__VMAF__p1__crf52__run1.log
4565ab9a6e6f9336af2a,2026-09-21T19:54:10.061703+00:00,meeting,ok,a1_4k,SparksWelding_4096x2160_5994_hdr10.y4m,/home/od26udiz/Desktop/c/Tuning-Mode-Analysis-for-SVT-AV1/SVT_AV1_Workspace/data/source/a1_4k/SparksWelding_4096x2160_5994_hdr10.y4m,2160p_or_higher,4096,2160,59.94005994005994,10,420p10,3450471244,69539846fd18cfc372cbafe8e6d4843f,199c9fd9f2faa843133f4ae0ce31e099ec6f4f8fed9df38756cfde77b1858e47,VMAF,5,1,60,0,1,0,130,2.168833333333333,344214,344.674396,0.378,10075086848,9608.352,/home/od26udiz/Desktop/c/Tuning-Mode-Analysis-for-SVT-AV1/SVT_AV1_Workspace/data/encoded/meeting/a1_4k/SparksWelding_4096x2160_5994_hdr10__VMAF__p1__crf60__run1.ivf,1508137,5562.942903250596,1717b0e93d41c93db2caa4b69bdfeff3,2ef909997d2c7f1d50476cd3f5971b27308563fed2924c74cd6b3f022c0a72d9,/home/od26udiz/miniconda3/bin/SvtAv1EncApp -i /home/od26udiz/Desktop/c/Tuning-Mode-Analysis-for-SVT-AV1/SVT_AV1_Workspace/data/source/a1_4k/SparksWelding_4096x2160_5994_hdr10.y4m -b /home/od26udiz/Desktop/c/Tuning-Mode-Analysis-for-SVT-AV1/SVT_AV1_Workspace/data/encoded/meeting/a1_4k/SparksWelding_4096x2160_5994_hdr10__VMAF__p1__crf60__run1.ivf --preset 1 --crf 60 --tune 5 --lp 0 --progress 1,0,/home/od26udiz/Desktop/c/Tuning-Mode-Analysis-for-SVT-AV1/SVT_AV1_Workspace/logs/meeting/a1_4k/SparksWelding_4096x2160_5994_hdr10__VMAF__p1__crf60__run1.log
ab826f62bace399a55e9,2026-09-21T19:54:21.228964+00:00,meeting,ok,a1_4k,SparksWelding_4096x2160_5994_hdr10.y4m,/home/od26udiz/Desktop/c/Tuning-Mode-Analysis-for-SVT-AV1/SVT_AV1_Workspace/data/source/a1_4k/SparksWelding_4096x2160_5994_hdr10.y4m,2160p_or_higher,4096,2160,59.94005994005994,10,420p10,3450471244,69539846fd18cfc372cbafe8e6d4843f,199c9fd9f2faa843133f4ae0ce31e099ec6f4f8fed9df38756cfde77b1858e47,VMAF,5,10,18,0,1,0,130,2.168833333333333,9792,11.136832,13.276,3973931008,3789.836,/home/od26udiz/Desktop/c/Tuning-Mode-Analysis-for-SVT-AV1/SVT_AV1_Workspace/data/encoded/meeting/a1_4k/SparksWelding_4096x2160_5994_hdr10__VMAF__p10__crf18__run1.ivf,79025608,291495.36494274955,b404257ee48746bbb2a2db6acf6c0213,57fccf9e227b53130efc32da0d763e0cf67a58e7afb41db4238a9a3def3d3b54,/home/od26udiz/miniconda3/bin/SvtAv1EncApp -i /home/od26udiz/Desktop/c/Tuning-Mode-Analysis-for-SVT-AV1/SVT_AV1_Workspace/data/source/a1_4k/SparksWelding_4096x2160_5994_hdr10.y4m -b /home/od26udiz/Desktop/c/Tuning-Mode-Analysis-for-SVT-AV1/SVT_AV1_Workspace/data/encoded/meeting/a1_4k/SparksWelding_4096x2160_5994_hdr10__VMAF__p10__crf18__run1.ivf --preset 10 --crf 18 --tune 5 --lp 0 --progress 1,0,/home/od26udiz/Desktop/c/Tuning-Mode-Analysis-for-SVT-AV1/SVT_AV1_Workspace/logs/meeting/a1_4k/SparksWelding_4096x2160_5994_hdr10__VMAF__p10__crf18__run1.log
901ff3515f475228eb09,2026-09-21T19:54:30.563947+00:00,meeting,ok,a1_4k,SparksWelding_4096x2160_5994_hdr10.y4m,/home/od26udiz/Desktop/c/Tuning-Mode-Analysis-for-SVT-AV1/SVT_AV1_Workspace/data/source/a1_4k/SparksWelding_4096x2160_5994_hdr10.y4m,2160p_or_higher,4096,2160,59.94005994005994,10,420p10,3450471244,69539846fd18cfc372cbafe8e6d4843f,199c9fd9f2faa843133f4ae0ce31e099ec6f4f8fed9df38756cfde77b1858e47,VMAF,5,10,26,0,1,0,130,2.168833333333333,8143,9.018464,15.964,4097044480,3907.246,/home/od26udiz/Desktop/c/Tuning-Mode-Analysis-for-SVT-AV1/SVT_AV1_Workspace/data/encoded/meeting/a1_4k/SparksWelding_4096x2160_5994_hdr10__VMAF__p10__crf26__run1.ivf,41641080,153598.08191808194,b18c56fc95755844e201c8e2456321b5,88d6ab4debb73fdeedb0e81ea1242e9603bc57a29276d9ece6cad195fc18cb26,/home/od26udiz/miniconda3/bin/SvtAv1EncApp -i /home/od26udiz/Desktop/c/Tuning-Mode-Analysis-for-SVT-AV1/SVT_AV1_Workspace/data/source/a1_4k/SparksWelding_4096x2160_5994_hdr10.y4m -b /home/od26udiz/Desktop/c/Tuning-Mode-Analysis-for-SVT-AV1/SVT_AV1_Workspace/data/encoded/meeting/a1_4k/SparksWelding_4096x2160_5994_hdr10__VMAF__p10__crf26__run1.ivf --preset 10 --crf 26 --tune 5 --lp 0 --progress 1,0,/home/od26udiz/Desktop/c/Tuning-Mode-Analysis-for-SVT-AV1/SVT_AV1_Workspace/logs/meeting/a1_4k/SparksWelding_4096x2160_5994_hdr10__VMAF__p10__crf26__run1.log
ed80fecca84a80775c49,2026-09-21T19:54:38.220886+00:00,meeting,ok,a1_4k,SparksWelding_4096x2160_5994_hdr10.y4m,/home/od26udiz/Desktop/c/Tuning-Mode-Analysis-for-SVT-AV1/SVT_AV1_Workspace/data/source/a1_4k/SparksWelding_4096x2160_5994_hdr10.y4m,2160p_or_higher,4096,2160,59.94005994005994,10,420p10,3450471244,69539846fd18cfc372cbafe8e6d4843f,199c9fd9f2faa843133f4ae0ce31e099ec6f4f8fed9df38756cfde77b1858e47,VMAF,5,10,35,0,1,0,130,2.168833333333333,6874,7.444352,18.911,4044832768,3857.453,/home/od26udiz/Desktop/c/Tuning-Mode-Analysis-for-SVT-AV1/SVT_AV1_Workspace/data/encoded/meeting/a1_4k/SparksWelding_4096x2160_5994_hdr10__VMAF__p10__crf35__run1.ivf,19542931,72086.42803350497,47bca51dc0a13d57b66e60f1ee4cd1a4,62b4e5cf3de242292ede33481051ffe8715f2d9abdb07c3694fb017f8a4b7761,/home/od26udiz/miniconda3/bin/SvtAv1EncApp -i /home/od26udiz/Desktop/c/Tuning-Mode-Analysis-for-SVT-AV1/SVT_AV1_Workspace/data/source/a1_4k/SparksWelding_4096x2160_5994_hdr10.y4m -b /home/od26udiz/Desktop/c/Tuning-Mode-Analysis-for-SVT-AV1/SVT_AV1_Workspace/data/encoded/meeting/a1_4k/SparksWelding_4096x2160_5994_hdr10__VMAF__p10__crf35__run1.ivf --preset 10 --crf 35 --tune 5 --lp 0 --progress 1,0,/home/od26udiz/Desktop/c/Tuning-Mode-Analysis-for-SVT-AV1/SVT_AV1_Workspace/logs/meeting/a1_4k/SparksWelding_4096x2160_5994_hdr10__VMAF__p10__crf35__run1.log
5dc62b1bdee490991520,2026-09-21T19:54:44.856798+00:00,meeting,ok,a1_4k,SparksWelding_4096x2160_5994_hdr10.y4m,/home/od26udiz/Desktop/c/Tuning-Mode-Analysis-for-SVT-AV1/SVT_AV1_Workspace/data/source/a1_4k/SparksWelding_4096x2160_5994_hdr10.y4m,2160p_or_higher,4096,2160,59.94005994005994,10,420p10,3450471244,69539846fd18cfc372cbafe8e6d4843f,199c9fd9f2faa843133f4ae0ce31e099ec6f4f8fed9df38756cfde77b1858e47,VMAF,5,10,44,0,1,0,130,2.168833333333333,6139,6.527287,21.177,4160270336,3967.543,/home/od26udiz/Desktop/c/Tuning-Mode-Analysis-for-SVT-AV1/SVT_AV1_Workspace/data/encoded/meeting/a1_4k/SparksWelding_4096x2160_5994_hdr10__VMAF__p10__crf44__run1.ivf,9766128,36023.526012449096,80dd19e76a7491b9ab2702d0af50ba69,047f8384c8c49ea1a948db9e3b925155f5d6ef8cf6a414086d821dc360815301,/home/od26udiz/miniconda3/bin/SvtAv1EncApp -i /home/od26udiz/Desktop/c/Tuning-Mode-Analysis-for-SVT-AV1/SVT_AV1_Workspace/data/source/a1_4k/SparksWelding_4096x2160_5994_hdr10.y4m -b /home/od26udiz/Desktop/c/Tuning-Mode-Analysis-for-SVT-AV1/SVT_AV1_Workspace/data/encoded/meeting/a1_4k/SparksWelding_4096x2160_5994_hdr10__VMAF__p10__crf44__run1.ivf --preset 10 --crf 44 --tune 5 --lp 0 --progress 1,0,/home/od26udiz/Desktop/c/Tuning-Mode-Analysis-for-SVT-AV1/SVT_AV1_Workspace/logs/meeting/a1_4k/SparksWelding_4096x2160_5994_hdr10__VMAF__p10__crf44__run1.log
b218a010b1f5d48f4475,2026-09-21T19:54:51.555027+00:00,meeting,ok,a1_4k,SparksWelding_4096x2160_5994_hdr10.y4m,/home/od26udiz/Desktop/c/Tuning-Mode-Analysis-for-SVT-AV1/SVT_AV1_Workspace/data/source/a1_4k/SparksWelding_4096x2160_5994_hdr10.y4m,2160p_or_higher,4096,2160,59.94005994005994,10,420p10,3450471244,69539846fd18cfc372cbafe8e6d4843f,199c9fd9f2faa843133f4ae0ce31e099ec6f4f8fed9df38756cfde77b1858e47,VMAF,5,10,52,0,1,0,130,2.168833333333333,6295,6.574248,20.652,4114378752,3923.777,/home/od26udiz/Desktop/c/Tuning-Mode-Analysis-for-SVT-AV1/SVT_AV1_Workspace/data/encoded/meeting/a1_4k/SparksWelding_4096x2160_5994_hdr10__VMAF__p10__crf52__run1.ivf,5001572,18448.893875355414,bbd1e4f7508ec1b83d9fc2afb01c56ee,292cd6768de83d85a6bf799e72060feb5bf0be584304d28ff2fb702fa38a9411,/home/od26udiz/miniconda3/bin/SvtAv1EncApp -i /home/od26udiz/Desktop/c/Tuning-Mode-Analysis-for-SVT-AV1/SVT_AV1_Workspace/data/source/a1_4k/SparksWelding_4096x2160_5994_hdr10.y4m -b /home/od26udiz/Desktop/c/Tuning-Mode-Analysis-for-SVT-AV1/SVT_AV1_Workspace/data/encoded/meeting/a1_4k/SparksWelding_4096x2160_5994_hdr10__VMAF__p10__crf52__run1.ivf --preset 10 --crf 52 --tune 5 --lp 0 --progress 1,0,/home/od26udiz/Desktop/c/Tuning-Mode-Analysis-for-SVT-AV1/SVT_AV1_Workspace/logs/meeting/a1_4k/SparksWelding_4096x2160_5994_hdr10__VMAF__p10__crf52__run1.log
abc1fad2ffcb1f92f618,2026-09-21T19:54:57.344690+00:00,meeting,ok,a1_4k,SparksWelding_4096x2160_5994_hdr10.y4m,/home/od26udiz/Desktop/c/Tuning-Mode-Analysis-for-SVT-AV1/SVT_AV1_Workspace/data/source/a1_4k/SparksWelding_4096x2160_5994_hdr10.y4m,2160p_or_higher,4096,2160,59.94005994005994,10,420p10,3450471244,69539846fd18cfc372cbafe8e6d4843f,199c9fd9f2faa843133f4ae0ce31e099ec6f4f8fed9df38756cfde77b1858e47,VMAF,5,10,60,0,1,0,130,2.168833333333333,5504,5.734755,23.619,4230365184,4034.391,/home/od26udiz/Desktop/c/Tuning-Mode-Analysis-for-SVT-AV1/SVT_AV1_Workspace/data/encoded/meeting/a1_4k/SparksWelding_4096x2160_5994_hdr10__VMAF__p10__crf60__run1.ivf,1762410,6500.859140859141,2871882ab5e62c981c9c074f6ee240c4,6d19b315f6c595faadf0972d2929470e5d9db598c6cbda4222b25e382fb62305,/home/od26udiz/miniconda3/bin/SvtAv1EncApp -i /home/od26udiz/Desktop/c/Tuning-Mode-Analysis-for-SVT-AV1/SVT_AV1_Workspace/data/source/a1_4k/SparksWelding_4096x2160_5994_hdr10.y4m -b /home/od26udiz/Desktop/c/Tuning-Mode-Analysis-for-SVT-AV1/SVT_AV1_Workspace/data/encoded/meeting/a1_4k/SparksWelding_4096x2160_5994_hdr10__VMAF__p10__crf60__run1.ivf --preset 10 --crf 60 --tune 5 --lp 0 --progress 1,0,/home/od26udiz/Desktop/c/Tuning-Mode-Analysis-for-SVT-AV1/SVT_AV1_Workspace/logs/meeting/a1_4k/SparksWelding_4096x2160_5994_hdr10__VMAF__p10__crf60__run1.log
